location,latitude,longitude,time,temperature,humidity,precipitation,wind_speed,pm2_5,pm10,nitrogen_dioxide,ozone,sulphur_dioxide,carbon_monoxide
Connaught Place,28.6315,77.2167,2026-08-25 00:00:00,28.4,90,0.0,2.3,89.2,98.0,77.8,19.0,47.7,1014.0
Connaught Place,28.6315,77.2167,2026-08-25 01:00:00,28.2,91,0.0,1.3,89.4,99.2,75.2,22.0,46.4,859.0
Connaught Place,28.6315,77.2167,2026-08-25 02:00:00,28.1,92,0.0,2.2,78.9,87.1,70.4,26.0,44.3,766.0
Connaught Place,28.6315,77.2167,2026-08-25 03:00:00,28.0,93,0.0,1.5,66.1,74.3,62.7,30.0,40.7,710.0
Connaught Place,28.6315,77.2167,2026-08-25 04:00:00,27.9,93,0.0,0.9,46.3,52.6,52.9,36.0,36.2,717.0
Connaught Place,28.6315,77.2167,2026-08-25 05:00:00,26.3,97,0.0,1.5,61.5,74.5,37.1,53.0,31.3,775.0
Connaught Place,28.6315,77.2167,2026-08-25 06:00:00,26.7,97,0.9,2.0,64.5,76.8,39.8,54.0,34.7,929.0
Connaught Place,28.6315,77.2167,2026-08-25 07:00:00,26.8,96,0.4,3.6,65.2,79.9,43.3,57.0,39.5,1136.0
Connaught Place,28.6315,77.2167,2026-08-25 08:00:00,27.5,92,0.1,2.3,67.1,84.1,43.5,74.0,43.5,1254.0
Connaught Place,28.6315,77.2167,2026-08-25 09:00:00,28.8,86,0.0,0.9,62.6,84.8,37.5,115.0,46.4,1203.0
Connaught Place,28.6315,77.2167,2026-08-25 10:00:00,29.9,80,0.0,3.3,57.9,84.1,28.3,169.0,48.6,1064.0
Connaught Place,28.6315,77.2167,2026-08-25 11:00:00,31.2,68,0.0,3.6,60.5,93.1,20.6,214.0,49.2,933.0
Connaught Place,28.6315,77.2167,2026-08-25 12:00:00,31.6,65,0.0,4.6,62.6,94.1,15.7,244.0,47.4,832.0
Connaught Place,28.6315,77.2167,2026-08-25 13:00:00,32.4,62,0.0,3.1,65.2,95.9,12.3,264.0,44.0,740.0
Connaught Place,28.6315,77.2167,2026-08-25 14:00:00,32.5,62,0.0,2.0,69.4,102.0,11.2,274.0,41.0,690.0
Connaught Place,28.6315,77.2167,2026-08-25 15:00:00,32.8,62,0.0,2.2,71.0,103.6,9.4,274.0,38.1,640.0
Connaught Place,28.6315,77.2167,2026-08-25 16:00:00,32.7,61,0.0,1.5,72.2,105.9,9.8,262.0,35.6,634.0
Connaught Place,28.6315,77.2167,2026-08-25 17:00:00,28.9,88,0.0,8.1,50.8,60.8,29.9,166.0,38.6,832.0
Connaught Place,28.6315,77.2167,2026-08-25 18:00:00,28.9,89,0.6,4.3,52.4,60.1,35.6,143.0,40.2,1471.0
Connaught Place,28.6315,77.2167,2026-08-25 19:00:00,28.9,90,0.2,3.2,57.4,63.3,43.7,112.0,42.5,2316.0
Connaught Place,28.6315,77.2167,2026-08-25 20:00:00,28.8,90,0.0,2.9,67.3,71.9,51.4,84.0,45.5,2819.0
Connaught Place,28.6315,77.2167,2026-08-25 21:00:00,28.3,93,0.0,4.1,78.0,81.5,58.2,65.0,49.6,2684.0
Connaught Place,28.6315,77.2167,2026-08-25 22:00:00,28.0,92,0.0,5.6,88.0,91.3,64.6,49.0,54.4,2208.0
Connaught Place,28.6315,77.2167,2026-08-25 23:00:00,28.2,90,0.0,3.8,97.3,100.4,69.5,37.0,58.3,1736.0
Connaught Place,28.6315,77.2167,2026-08-26 00:00:00,27.8,91,0.0,2.6,103.6,106.4,72.0,29.0,60.5,1350.0
Connaught Place,28.6315,77.2167,2026-08-26 01:00:00,27.6,92,0.0,3.3,109.4,112.0,72.9,23.0,61.8,968.0
Connaught Place,28.6315,77.2167,2026-08-26 02:00:00,27.4,93,0.0,2.9,115.3,117.8,73.8,19.0,62.9,690.0
Connaught Place,28.6315,77.2167,2026-08-26 03:00:00,27.3,93,0.0,3.0,120.1,122.5,76.4,10.0,63.7,564.0
Connaught Place,28.6315,77.2167,2026-08-26 04:00:00,27.1,94,0.0,2.5,125.3,128.5,78.9,1.0,64.4,541.0
Connaught Place,28.6315,77.2167,2026-08-26 05:00:00,27.5,96,0.0,2.3,95.9,97.1,52.5,36.0,63.1,574.0
Connaught Place,28.6315,77.2167,2026-08-26 06:00:00,27.0,96,0.5,2.7,105.2,106.4,49.8,57.0,66.4,691.0
Connaught Place,28.6315,77.2167,2026-08-26 07:00:00,26.4,96,9.5,4.5,98.5,100.1,45.7,88.0,70.8,864.0
Connaught Place,28.6315,77.2167,2026-08-26 08:00:00,26.6,97,1.9,2.0,82.9,86.6,40.2,124.0,72.7,964.0
Connaught Place,28.6315,77.2167,2026-08-26 09:00:00,28.7,89,0.6,4.9,66.1,72.6,32.0,169.0,70.0,912.0
Connaught Place,28.6315,77.2167,2026-08-26 10:00:00,29.5,84,0.3,4.5,62.9,72.2,22.4,220.0,64.8,786.0
Connaught Place,28.6315,77.2167,2026-08-26 11:00:00,30.0,83,0.1,1.1,65.9,77.8,14.9,261.0,59.5,698.0
Connaught Place,28.6315,77.2167,2026-08-26 12:00:00,31.6,73,0.2,2.7,71.5,85.9,10.8,289.0,54.8,694.0
Connaught Place,28.6315,77.2167,2026-08-26 13:00:00,32.2,70,0.0,1.7,77.3,93.6,8.9,307.0,49.9,727.0
Connaught Place,28.6315,77.2167,2026-08-26 14:00:00,32.4,67,0.1,2.3,78.5,96.2,9.2,311.0,45.5,764.0
Connaught Place,28.6315,77.2167,2026-08-26 15:00:00,32.5,66,0.0,4.1,78.9,97.3,10.4,297.0,40.7,736.0
Connaught Place,28.6315,77.2167,2026-08-26 16:00:00,32.4,65,0.1,4.9,78.7,102.7,13.7,268.0,36.2,712.0
Connaught Place,28.6315,77.2167,2026-08-26 17:00:00,29.6,88,0.1,3.7,90.8,134.1,36.8,186.0,43.9,860.0
Connaught Place,28.6315,77.2167,2026-08-26 18:00:00,29.4,88,0.1,2.9,94.8,118.0,54.1,146.0,46.2,1389.0
Connaught Place,28.6315,77.2167,2026-08-26 19:00:00,28.7,92,0.3,6.1,111.1,129.5,77.6,90.0,49.2,2090.0
Connaught Place,28.6315,77.2167,2026-08-26 20:00:00,28.4,92,0.1,7.8,119.0,135.5,92.3,49.0,50.8,2509.0
Connaught Place,28.6315,77.2167,2026-08-26 21:00:00,28.2,93,0.0,7.6,117.1,147.1,89.9,36.0,49.8,2391.0
Connaught Place,28.6315,77.2167,2026-08-26 22:00:00,28.1,92,0.0,6.3,112.5,176.0,78.7,37.0,47.4,1991.0
Connaught Place,28.6315,77.2167,2026-08-26 23:00:00,29.1,91,0.0,6.4,106.2,185.3,68.1,39.0,44.2,1620.0
Connaught Place,28.6315,77.2167,2026-08-27 00:00:00,28.6,92,0.0,6.5,98.7,176.5,61.0,37.0,39.9,1374.0
Connaught Place,28.6315,77.2167,2026-08-27 01:00:00,28.3,92,0.0,7.1,91.7,156.9,54.5,36.0,34.9,1157.0
Connaught Place,28.6315,77.2167,2026-08-27 02:00:00,28.0,92,0.0,6.0,85.0,147.1,49.5,34.0,31.1,989.0
Connaught Place,28.6315,77.2167,2026-08-27 03:00:00,27.7,92,0.0,5.4,82.2,140.6,46.7,30.0,29.0,877.0
Connaught Place,28.6315,77.2167,2026-08-27 04:00:00,27.5,92,0.0,4.9,81.0,122.5,45.4,25.0,28.2,815.0
Connaught Place,28.6315,77.2167,2026-08-27 05:00:00,28.4,91,0.0,4.9,72.4,98.7,39.4,33.0,28.2,800.0
Connaught Place,28.6315,77.2167,2026-08-27 06:00:00,28.2,90,0.0,6.0,77.3,96.2,39.9,39.0,31.6,866.0
Connaught Place,28.6315,77.2167,2026-08-27 07:00:00,29.1,88,0.0,6.2,74.7,103.8,40.4,48.0,36.4,980.0
Connaught Place,28.6315,77.2167,2026-08-27 08:00:00,30.1,83,0.0,2.6,69.2,94.3,39.2,67.0,40.4,1038.0
Connaught Place,28.6315,77.2167,2026-08-27 09:00:00,30.9,80,0.0,1.9,61.9,86.1,34.9,102.0,43.2,975.0
Connaught Place,28.6315,77.2167,2026-08-27 10:00:00,32.2,75,0.0,0.6,60.1,85.2,28.9,147.0,45.3,855.0
Connaught Place,28.6315,77.2167,2026-08-27 11:00:00,33.8,54,0.1,2.7,61.2,85.9,23.7,185.0,46.0,774.0
Connaught Place,28.6315,77.2167,2026-08-27 12:00:00,34.3,53,0.0,6.0,60.5,84.3,19.5,213.0,44.9,781.0
Connaught Place,28.6315,77.2167,2026-08-27 13:00:00,32.0,66,0.1,8.7,64.0,88.2,16.0,233.0,42.5,825.0
Connaught Place,28.6315,77.2167,2026-08-27 14:00:00,32.1,69,0.0,5.6,65.7,97.6,15.0,244.0,39.8,852.0
Connaught Place,28.6315,77.2167,2026-08-27 15:00:00,32.3,69,0.0,5.1,66.4,94.3,15.7,243.0,36.2,759.0
Connaught Place,28.6315,77.2167,2026-08-27 16:00:00,32.6,70,0.0,2.4,63.1,87.8,18.9,232.0,32.3,648.0
Connaught Place,28.6315,77.2167,2026-08-27 17:00:00,30.2,80,0.0,3.5,60.8,79.6,28.3,209.0,31.1,771.0
Connaught Place,28.6315,77.2167,2026-08-27 18:00:00,29.9,79,0.0,3.3,70.8,84.5,50.1,166.0,34.9,1386.0
Connaught Place,28.6315,77.2167,2026-08-27 19:00:00,29.6,83,0.0,3.3,86.6,98.7,78.1,112.0,41.5,2234.0
Connaught Place,28.6315,77.2167,2026-08-27 20:00:00,29.4,85,0.0,3.2,95.9,110.1,97.7,70.0,46.8,2792.0
Connaught Place,28.6315,77.2167,2026-08-27 21:00:00,29.1,86,0.0,4.9,97.6,111.5,101.1,52.0,49.6,2811.0
Connaught Place,28.6315,77.2167,2026-08-27 22:00:00,29.0,84,0.0,6.0,102.2,111.5,96.0,46.0,51.2,2539.0
Connaught Place,28.6315,77.2167,2026-08-27 23:00:00,29.5,84,0.0,6.0,106.4,115.3,90.7,42.0,51.8,2194.0
Connaught Place,28.6315,77.2167,2026-08-28 00:00:00,28.8,88,0.0,5.9,108.7,119.7,88.2,35.0,51.5,1800.0
Connaught Place,28.6315,77.2167,2026-08-28 01:00:00,28.3,89,0.0,4.7,112.7,126.2,85.3,29.0,50.3,1332.0
Connaught Place,28.6315,77.2167,2026-08-28 02:00:00,28.0,90,0.0,3.8,114.8,132.7,81.2,24.0,47.9,933.0
Connaught Place,28.6315,77.2167,2026-08-28 03:00:00,28.1,88,0.0,4.9,114.6,140.2,75.5,17.0,44.0,632.0
Connaught Place,28.6315,77.2167,2026-08-28 04:00:00,28.3,81,0.0,7.6,112.7,149.9,68.4,11.0,39.0,400.0
Connaught Place,28.6315,77.2167,2026-08-28 05:00:00,26.5,93,0.0,11.9,54.6,116.6,31.1,47.0,26.1,290.0
Connaught Place,28.6315,77.2167,2026-08-28 06:00:00,27.5,89,0.3,7.3,51.3,109.9,29.1,52.0,23.1,393.0
Connaught Place,28.6315,77.2167,2026-08-28 07:00:00,28.1,89,0.0,6.0,51.9,105.9,26.1,60.0,19.0,618.0
Connaught Place,28.6315,77.2167,2026-08-28 08:00:00,29.5,80,0.0,5.4,53.9,136.0,22.3,73.0,15.8,740.0
Connaught Place,28.6315,77.2167,2026-08-28 09:00:00,31.0,70,0.0,9.9,66.1,246.8,17.0,97.0,14.5,632.0
Connaught Place,28.6315,77.2167,2026-08-28 10:00:00,32.1,64,0.0,9.4,79.6,330.6,11.0,126.0,14.1,421.0
Connaught Place,28.6315,77.2167,2026-08-28 11:00:00,32.9,60,0.0,10.5,93.1,408.9,6.6,148.0,13.9,262.0
Connaught Place,28.6315,77.2167,2026-08-28 12:00:00,33.7,56,0.0,10.3,104.5,489.9,4.4,157.0,13.7,215.0
Connaught Place,28.6315,77.2167,2026-08-28 13:00:00,34.2,53,0.0,10.6,108.5,514.1,3.8,157.0,13.7,221.0
Connaught Place,28.6315,77.2167,2026-08-28 14:00:00,34.5,51,0.0,10.9,119.0,609.1,5.4,153.0,13.8,255.0
Connaught Place,28.6315,77.2167,2026-08-28 15:00:00,34.5,51,0.0,11.3,126.2,666.8,8.9,144.0,13.7,277.0
Connaught Place,28.6315,77.2167,2026-08-28 16:00:00,34.1,52,0.0,10.9,130.4,687.3,14.5,130.0,13.7,327.0
Connaught Place,28.6315,77.2167,2026-08-28 17:00:00,33.9,55,0.0,9.3,118.5,577.4,21.5,106.0,14.3,509.0
Connaught Place,28.6315,77.2167,2026-08-28 18:00:00,32.3,65,0.0,4.2,124.8,517.8,39.3,82.0,20.6,982.0
Connaught Place,28.6315,77.2167,2026-08-28 19:00:00,31.5,70,0.0,3.4,141.6,564.4,63.9,48.0,29.5,1585.0
Connaught Place,28.6315,77.2167,2026-08-28 20:00:00,31.0,73,0.0,2.8,160.7,588.6,83.1,21.0,37.2,1942.0
Connaught Place,28.6315,77.2167,2026-08-28 21:00:00,30.2,76,0.0,4.1,170.9,573.7,92.3,9.0,43.1,1846.0
Connaught Place,28.6315,77.2167,2026-08-28 22:00:00,29.7,78,0.0,3.6,177.9,556.9,96.1,4.0,47.8,1503.0
Connaught Place,28.6315,77.2167,2026-08-28 23:00:00,30.0,77,0.0,4.1,177.4,517.8,96.2,1.0,49.3,1156.0
Connaught Place,28.6315,77.2167,2026-08-29 00:00:00,29.3,78,0.0,4.5,165.3,458.2,92.5,0.0,46.0,858.0
Connaught Place,28.6315,77.2167,2026-08-29 01:00:00,28.9,78,0.0,5.0,146.7,383.7,85.2,1.0,39.4,556.0
Connaught Place,28.6315,77.2167,2026-08-29 02:00:00,28.5,79,0.0,6.3,124.8,303.6,75.7,4.0,32.7,336.0
Connaught Place,28.6315,77.2167,2026-08-29 03:00:00,28.1,80,0.0,7.1,102.7,263.6,63.3,9.0,26.1,247.0
Connaught Place,28.6315,77.2167,2026-08-29 04:00:00,27.9,79,0.0,9.1,85.0,266.4,48.8,16.0,19.4,240.0
Connaught Place,28.6315,77.2167,2026-08-29 05:00:00,28.5,77,0.0,11.8,81.5,380.9,21.7,38.0,10.0,259.0
Connaught Place,28.6315,77.2167,2026-08-29 06:00:00,28.2,77,0.0,11.0,85.4,424.7,20.4,45.0,10.4,305.0
Connaught Place,28.6315,77.2167,2026-08-29 07:00:00,28.7,74,0.0,10.8,95.2,489.9,18.4,55.0,11.1,376.0
Connaught Place,28.6315,77.2167,2026-08-29 08:00:00,29.8,70,0.0,11.7,103.8,542.0,15.9,70.0,11.7,412.0
Connaught Place,28.6315,77.2167,2026-08-29 09:00:00,30.9,65,0.0,11.7,111.5,599.8,12.5,92.0,12.3,374.0
Connaught Place,28.6315,77.2167,2026-08-29 10:00:00,32.2,61,0.0,11.5,118.7,642.6,8.5,119.0,12.8,300.0
Connaught Place,28.6315,77.2167,2026-08-29 11:00:00,33.6,56,0.0,10.3,122.9,663.1,5.7,139.0,13.4,244.0
Connaught Place,28.6315,77.2167,2026-08-29 12:00:00,34.4,53,0.0,9.9,122.0,648.2,4.1,150.0,13.9,225.0
Connaught Place,28.6315,77.2167,2026-08-29 13:00:00,35.1,50,0.0,9.7,120.1,629.6,3.5,154.0,14.5,224.0
Connaught Place,28.6315,77.2167,2026-08-29 14:00:00,35.3,48,0.0,10.4,118.5,612.8,5.3,152.0,14.9,241.0
Connaught Place,28.6315,77.2167,2026-08-29 15:00:00,35.2,48,0.0,10.4,117.1,603.5,9.5,142.0,14.8,257.0
Connaught Place,28.6315,77.2167,2026-08-29 16:00:00,34.8,49,0.0,10.5,114.6,577.4,16.0,124.0,14.7,291.0
Connaught Place,28.6315,77.2167,2026-08-29 17:00:00,34.3,51,0.0,9.2,91.0,419.1,20.0,106.0,13.4,398.0
Connaught Place,28.6315,77.2167,2026-08-29 18:00:00,33.2,58,0.0,4.0,95.7,352.0,36.1,82.0,18.3,674.0
Connaught Place,28.6315,77.2167,2026-08-29 19:00:00,32.9,62,0.0,0.3,108.7,364.1,58.3,50.0,25.0,1022.0
Connaught Place,28.6315,77.2167,2026-08-29 20:00:00,32.3,65,0.0,0.8,120.1,372.5,75.7,24.0,30.9,1213.0
Connaught Place,28.6315,77.2167,2026-08-29 21:00:00,31.4,69,0.0,3.1,128.1,366.9,84.2,12.0,35.5,1105.0
Connaught Place,28.6315,77.2167,2026-08-29 22:00:00,30.9,72,0.0,2.8,136.0,357.6,87.9,6.0,39.1,839.0
Connaught Place,28.6315,77.2167,2026-08-29 23:00:00,30.9,74,0.0,2.6,136.9,341.8,87.6,4.0,39.9,605.0
Connaught Place,28.6315,77.2167,2026-08-30 00:00:00,30.1,75,0.0,3.7,130.4,320.4,83.0,4.0,36.0,467.0
Connaught Place,28.6315,77.2167,2026-08-30 01:00:00,29.6,75,0.0,6.1,117.6,297.1,74.3,7.0,29.2,361.0
Connaught Place,28.6315,77.2167,2026-08-30 02:00:00,29.2,74,0.0,7.0,98.7,295.2,63.7,12.0,22.9,285.0
Connaught Place,28.6315,77.2167,2026-08-30 03:00:00,28.8,72,0.0,7.2,82.7,303.6,49.7,19.0,17.9,245.0
Connaught Place,28.6315,77.2167,2026-08-30 04:00:00,28.3,73,0.0,7.2,72.2,299.0,33.7,28.0,13.4,235.0
Connaught Place,28.6315,77.2167,2026-08-30 05:00:00,28.8,70,0.0,10.6,80.8,421.0,16.7,46.0,8.7,239.0
Connaught Place,28.6315,77.2167,2026-08-30 06:00:00,28.4,72,0.0,9.2,84.3,440.5,15.5,53.0,9.6,262.0
Connaught Place,28.6315,77.2167,2026-08-30 07:00:00,29.2,70,0.0,8.1,95.2,476.8,13.7,63.0,10.8,299.0
Connaught Place,28.6315,77.2167,2026-08-30 08:00:00,30.3,65,0.0,10.4,101.5,530.9,11.7,76.0,11.8,315.0
Connaught Place,28.6315,77.2167,2026-08-30 09:00:00,31.6,61,0.0,9.9,108.0,571.8,9.2,94.0,12.3,289.0
Connaught Place,28.6315,77.2167,2026-08-30 10:00:00,33.0,57,0.0,9.6,114.6,603.5,6.5,115.0,12.6,242.0
Connaught Place,28.6315,77.2167,2026-08-30 11:00:00,33.7,53,0.0,9.8,119.0,625.8,4.5,131.0,12.9,206.0
Connaught Place,28.6315,77.2167,2026-08-30 12:00:00,34.3,50,0.1,8.7,100.8,478.7,3.5,140.0,13.1,193.0
Connaught Place,28.6315,77.2167,2026-08-30 13:00:00,34.2,50,0.1,7.0,93.1,422.8,3.3,145.0,13.3,192.0
Connaught Place,28.6315,77.2167,2026-08-30 14:00:00,34.0,51,0.0,6.7,88.7,393.9,4.2,144.0,13.5,197.0
Connaught Place,28.6315,77.2167,2026-08-30 15:00:00,34.5,48,0.0,5.5,85.0,373.5,5.3,138.0,13.2,193.0
Connaught Place,28.6315,77.2167,2026-08-30 16:00:00,34.4,48,0.1,7.7,82.7,347.4,7.6,127.0,12.8,197.0
Connaught Place,28.6315,77.2167,2026-08-30 17:00:00,34.1,51,0.0,8.4,75.4,276.6,15.0,118.0,16.2,251.0
Connaught Place,28.6315,77.2167,2026-08-30 18:00:00,33.2,56,0.0,5.7,84.3,228.2,34.9,91.0,23.0,421.0
Connaught Place,28.6315,77.2167,2026-08-30 19:00:00,32.2,64,0.0,3.4,97.8,241.2,62.2,54.0,32.4,641.0
Connaught Place,28.6315,77.2167,2026-08-30 20:00:00,31.7,66,0.0,4.2,109.9,241.2,81.4,26.0,39.2,762.0
Connaught Place,28.6315,77.2167,2026-08-30 21:00:00,31.1,69,0.0,3.9,113.2,225.4,85.2,15.0,41.3,691.0
Connaught Place,28.6315,77.2167,2026-08-30 22:00:00,30.6,71,0.0,3.9,109.9,201.2,80.9,13.0,40.9,521.0
Connaught Place,28.6315,77.2167,2026-08-30 23:00:00,30.6,72,0.0,4.4,101.7,175.1,75.3,12.0,39.2,378.0
Connaught Place,28.6315,77.2167,2026-08-31 00:00:00,29.8,73,0.0,5.9,94.5,165.8,70.4,11.0,36.2,310.0
Connaught Place,28.6315,77.2167,2026-08-31 01:00:00,29.5,72,0.0,6.4,89.9,170.4,64.2,13.0,31.9,270.0
Connaught Place,28.6315,77.2167,2026-08-31 02:00:00,29.1,69,0.0,7.1,89.9,207.7,57.1,15.0,27.7,241.0
Connaught Place,28.6315,77.2167,2026-08-31 03:00:00,28.7,68,0.0,7.8,90.3,266.4,48.4,18.0,23.8,213.0
Connaught Place,28.6315,77.2167,2026-08-31 04:00:00,28.3,69,0.0,7.9,88.2,323.2,38.9,22.0,20.1,196.0
Connaught Place,28.6315,77.2167,2026-08-31 05:00:00,28.6,68,0.0,11.7,102.2,540.2,14.4,46.0,9.5,200.0
Connaught Place,28.6315,77.2167,2026-08-31 06:00:00,28.1,69,0.0,11.0,104.5,534.6,14.9,48.0,10.4,248.0
Connaught Place,28.6315,77.2167,2026-08-31 07:00:00,28.6,68,0.0,10.1,108.0,534.6,15.5,52.0,11.7,317.0
Connaught Place,28.6315,77.2167,2026-08-31 08:00:00,29.5,64,0.0,11.3,108.0,556.9,15.0,62.0,12.9,356.0
Connaught Place,28.6315,77.2167,2026-08-31 09:00:00,30.5,61,0.0,10.9,111.8,594.2,12.6,84.0,13.8,333.0
Connaught Place,28.6315,77.2167,2026-08-31 10:00:00,32.2,56,0.0,10.3,120.1,631.4,9.1,112.0,14.6,279.0
Connaught Place,28.6315,77.2167,2026-08-31 11:00:00,33.7,50,0.0,11.4,128.5,665.0,6.5,134.0,15.1,238.0
Connaught Place,28.6315,77.2167,2026-08-31 12:00:00,33.8,50,0.2,8.9,127.1,640.7,5.2,146.0,15.3,226.0
Connaught Place,28.6315,77.2167,2026-08-31 13:00:00,34.5,48,0.3,8.1,116.9,571.8,4.8,152.0,15.3,226.0
Connaught Place,28.6315,77.2167,2026-08-31 14:00:00,34.6,47,0.2,8.6,107.1,512.2,5.6,153.0,15.2,233.0
Connaught Place,28.6315,77.2167,2026-08-31 15:00:00,34.7,47,0.1,9.6,103.4,488.0,6.1,148.0,14.6,221.0
Connaught Place,28.6315,77.2167,2026-08-31 16:00:00,34.1,48,0.1,10.9,98.5,444.2,7.9,138.0,14.0,216.0
Connaught Place,28.6315,77.2167,2026-08-31 17:00:00,33.6,52,0.0,9.2,84.3,372.5,12.9,109.0,12.5,289.0
Connaught Place,28.6315,77.2167,2026-08-31 18:00:00,33.1,53,0.0,6.9,86.6,332.5,29.2,84.0,16.5,476.0
Connaught Place,28.6315,77.2167,2026-08-31 19:00:00,32.5,58,0.0,3.1,95.7,315.7,51.9,49.0,22.3,741.0
Connaught Place,28.6315,77.2167,2026-08-31 20:00:00,32.2,63,0.0,1.5,107.1,327.8,70.3,22.0,28.4,1042.0
Connaught Place,28.6315,77.2167,2026-08-31 21:00:00,32.1,62,0.0,0.6,119.7,348.3,80.7,9.0,35.2,1472.0
Connaught Place,28.6315,77.2167,2026-08-31 22:00:00,31.3,66,0.0,2.2,135.0,369.7,86.9,3.0,42.4,1939.0
Connaught Place,28.6315,77.2167,2026-08-31 23:00:00,31.5,65,0.0,2.3,146.2,381.8,89.4,0.0,47.0,2126.0
Connaught Place,28.6315,77.2167,2026-09-01 00:00:00,30.3,69,0.1,4.2,147.1,366.9,86.9,0.0,47.4,1794.0
Connaught Place,28.6315,77.2167,2026-09-01 01:00:00,29.5,73,0.0,4.8,142.0,341.8,80.7,1.0,45.3,1182.0
Connaught Place,28.6315,77.2167,2026-09-01 02:00:00,29.0,73,0.0,4.4,136.4,320.4,74.9,3.0,42.8,687.0
Connaught Place,28.6315,77.2167,2026-09-01 03:00:00,28.6,73,0.0,4.6,129.9,297.1,71.8,2.0,40.7,460.0
Connaught Place,28.6315,77.2167,2026-09-01 04:00:00,28.2,73,0.0,4.2,122.5,285.9,69.2,1.0,38.2,348.0
Connaught Place,28.6315,77.2167,2026-09-01 05:00:00,28.6,70,0.0,9.7,78.0,385.6,15.0,44.0,9.0,296.0
Connaught Place,28.6315,77.2167,2026-09-01 06:00:00,27.9,73,0.0,7.4,80.8,373.5,15.5,47.0,10.2,314.0
Connaught Place,28.6315,77.2167,2026-09-01 07:00:00,28.7,71,0.0,7.9,84.3,357.6,16.0,53.0,11.9,390.0
Connaught Place,28.6315,77.2167,2026-09-01 08:00:00,29.9,66,0.0,9.7,81.0,393.9,15.5,64.0,13.2,432.0
Connaught Place,28.6315,77.2167,2026-09-01 09:00:00,31.1,62,0.0,9.1,76.8,375.3,12.8,85.0,13.9,390.0
Connaught Place,28.6315,77.2167,2026-09-01 10:00:00,32.5,58,0.0,8.0,75.4,363.2,9.1,112.0,14.2,313.0
Connaught Place,28.6315,77.2167,2026-09-01 11:00:00,33.1,53,0.1,6.7,67.1,300.8,6.3,134.0,14.5,259.0
Connaught Place,28.6315,77.2167,2026-09-01 12:00:00,33.7,50,0.1,5.3,60.3,247.7,5.1,148.0,14.8,244.0
Connaught Place,28.6315,77.2167,2026-09-01 13:00:00,34.4,48,0.3,5.5,58.1,231.9,4.8,157.0,15.0,252.0
Connaught Place,28.6315,77.2167,2026-09-01 14:00:00,33.6,53,0.4,6.9,58.7,228.6,5.8,161.0,15.5,290.0
Connaught Place,28.6315,77.2167,2026-09-01 15:00:00,31.9,61,1.5,7.8,61.2,242.1,8.3,159.0,16.0,366.0
Connaught Place,28.6315,77.2167,2026-09-01 16:00:00,31.2,63,0.3,6.5,61.2,231.9,12.2,151.0,16.9,471.0
Connaught Place,28.6315,77.2167,2026-09-01 17:00:00,32.0,61,1.3,2.0,57.6,177.4,18.3,152.0,23.0,589.0
Connaught Place,28.6315,77.2167,2026-09-01 18:00:00,31.8,60,0.1,3.8,61.9,150.9,24.1,135.0,26.4,729.0
Connaught Place,28.6315,77.2167,2026-09-01 19:00:00,30.9,66,0.0,4.7,61.0,116.6,32.0,111.0,31.0,881.0
Connaught Place,28.6315,77.2167,2026-09-01 20:00:00,30.1,72,0.0,3.3,58.2,99.4,38.1,90.0,34.6,1000.0
Connaught Place,28.6315,77.2167,2026-09-01 21:00:00,29.9,74,0.0,2.5,56.9,88.9,40.5,76.0,36.4,1082.0
Connaught Place,28.6315,77.2167,2026-09-01 22:00:00,29.5,78,0.0,1.8,55.2,80.3,41.0,64.0,37.2,1131.0
Connaught Place,28.6315,77.2167,2026-09-01 23:00:00,28.6,75,0.0,4.9,52.5,72.4,40.6,55.0,36.8,1118.0
Connaught Place,28.6315,77.2167,2026-09-02 00:00:00,27.8,79,0.0,4.7,48.8,65.7,38.9,47.0,34.4,999.0
Connaught Place,28.6315,77.2167,2026-09-02 01:00:00,27.2,83,0.0,5.6,46.9,60.1,36.2,42.0,30.8,817.0
Connaught Place,28.6315,77.2167,2026-09-02 02:00:00,26.6,87,0.0,3.1,45.3,55.3,34.8,36.0,28.1,672.0
Connaught Place,28.6315,77.2167,2026-09-02 03:00:00,26.5,88,0.0,1.9,44.1,51.9,36.2,27.0,26.6,593.0
Connaught Place,28.6315,77.2167,2026-09-02 04:00:00,26.6,88,0.0,1.1,44.2,50.5,38.8,18.0,25.9,550.0
Connaught Place,28.6315,77.2167,2026-09-02 05:00:00,26.0,95,0.0,1.6,47.0,63.8,35.3,39.0,35.1,559.0
Connaught Place,28.6315,77.2167,2026-09-02 06:00:00,26.1,92,0.1,1.5,50.9,65.9,34.9,47.0,37.1,669.0
Connaught Place,28.6315,77.2167,2026-09-02 07:00:00,26.6,87,0.0,1.0,46.4,72.6,34.1,59.0,39.7,831.0
Connaught Place,28.6315,77.2167,2026-09-02 08:00:00,28.5,76,0.0,3.1,43.4,81.0,31.5,79.0,40.5,909.0
Connaught Place,28.6315,77.2167,2026-09-02 09:00:00,30.5,67,0.0,3.1,45.8,99.4,25.3,117.0,38.3,822.0
Connaught Place,28.6315,77.2167,2026-09-02 10:00:00,32.1,61,0.0,2.4,49.0,112.5,17.2,163.0,34.5,652.0
Connaught Place,28.6315,77.2167,2026-09-02 11:00:00,33.6,56,0.2,7.7,49.9,117.1,11.0,195.0,30.3,509.0
Connaught Place,28.6315,77.2167,2026-09-02 12:00:00,27.0,90,9.5,3.5,48.4,114.6,7.8,201.0,25.7,427.0
Connaught Place,28.6315,77.2167,2026-09-02 13:00:00,26.8,89,2.5,4.7,46.6,116.6,6.5,192.0,20.9,371.0
Connaught Place,28.6315,77.2167,2026-09-02 14:00:00,28.7,83,0.6,3.0,57.9,147.1,7.6,177.0,17.7,356.0
Connaught Place,28.6315,77.2167,2026-09-02 15:00:00,29.4,77,0.0,5.2,39.3,91.5,12.0,158.0,17.1,395.0
Connaught Place,28.6315,77.2167,2026-09-02 16:00:00,29.5,76,0.0,6.0,35.2,72.4,18.8,133.0,18.3,473.0
Connaught Place,28.6315,77.2167,2026-09-02 17:00:00,30.5,66,0.0,9.5,35.4,72.9,17.1,111.0,17.9,559.0
Connaught Place,28.6315,77.2167,2026-09-02 18:00:00,29.1,72,0.1,8.0,37.8,60.5,31.0,86.0,21.4,658.0
Connaught Place,28.6315,77.2167,2026-09-02 19:00:00,28.8,72,0.0,4.9,49.2,66.6,49.9,52.0,26.2,764.0
Connaught Place,28.6315,77.2167,2026-09-02 20:00:00,28.4,73,0.0,5.6,51.8,63.3,62.0,28.0,29.5,827.0
Connaught Place,28.6315,77.2167,2026-09-02 21:00:00,28.0,78,0.0,4.2,48.4,56.1,61.2,23.0,29.8,814.0
Connaught Place,28.6315,77.2167,2026-09-02 22:00:00,27.7,81,0.0,3.6,43.7,48.4,53.7,28.0,28.4,758.0
Connaught Place,28.6315,77.2167,2026-09-02 23:00:00,27.9,84,0.0,4.9,40.2,43.0,46.0,34.0,27.0,706.0
Connaught Place,28.6315,77.2167,2026-09-03 00:00:00,27.5,86,0.0,6.3,35.6,37.4,39.7,40.0,25.8,671.0
Connaught Place,28.6315,77.2167,2026-09-03 01:00:00,26.9,87,0.0,6.8,31.8,32.9,33.3,47.0,24.5,639.0
Connaught Place,28.6315,77.2167,2026-09-03 02:00:00,26.5,88,0.0,4.4,29.2,29.9,28.5,52.0,23.4,617.0
Connaught Place,28.6315,77.2167,2026-09-03 03:00:00,26.2,90,0.0,4.6,28.5,28.9,26.3,52.0,22.6,604.0
Connaught Place,28.6315,77.2167,2026-09-03 04:00:00,26.1,90,0.0,3.1,28.1,28.3,25.6,50.0,22.1,601.0
Connaught Place,28.6315,77.2167,2026-09-03 05:00:00,25.9,97,0.0,3.1,12.0,12.0,19.1,64.0,17.3,609.0
Connaught Place,28.6315,77.2167,2026-09-03 06:00:00,26.1,97,0.2,3.9,12.4,12.5,20.6,65.0,19.0,647.0
Connaught Place,28.6315,77.2167,2026-09-03 07:00:00,26.8,94,0.0,4.0,12.8,12.9,22.6,67.0,21.3,697.0
Connaught Place,28.6315,77.2167,2026-09-03 08:00:00,28.2,86,0.1,5.5,13.1,13.2,23.1,74.0,23.4,706.0
Connaught Place,28.6315,77.2167,2026-09-03 09:00:00,29.5,80,0.1,6.7,15.1,15.3,20.9,89.0,25.0,635.0
Connaught Place,28.6315,77.2167,2026-09-03 10:00:00,30.7,75,0.1,6.6,16.9,23.9,17.3,107.0,26.4,523.0
Connaught Place,28.6315,77.2167,2026-09-03 11:00:00,31.5,67,0.1,6.8,17.6,28.5,14.4,122.0,26.9,433.0
Connaught Place,28.6315,77.2167,2026-09-03 12:00:00,31.6,66,0.4,7.2,17.2,22.9,12.7,128.0,25.7,379.0
Connaught Place,28.6315,77.2167,2026-09-03 13:00:00,32.2,64,0.2,9.2,18.1,21.7,11.7,131.0,23.7,347.0
Connaught Place,28.6315,77.2167,2026-09-03 14:00:00,32.2,62,0.1,8.0,19.0,21.5,12.0,132.0,22.8,357.0
Connaught Place,28.6315,77.2167,2026-09-03 15:00:00,32.3,60,0.1,5.9,21.0,26.1,11.6,138.0,23.5,434.0
Connaught Place,28.6315,77.2167,2026-09-03 16:00:00,32.2,59,0.3,6.1,22.5,25.7,12.4,142.0,25.4,552.0
Connaught Place,28.6315,77.2167,2026-09-03 17:00:00,29.5,79,0.3,7.8,25.3,25.5,33.5,85.0,30.2,660.0
Connaught Place,28.6315,77.2167,2026-09-03 18:00:00,28.5,83,0.1,5.9,30.3,30.5,47.0,66.0,35.2,730.0
Connaught Place,28.6315,77.2167,2026-09-03 19:00:00,28.2,85,0.0,2.6,41.4,41.7,65.5,39.0,42.1,790.0
Connaught Place,28.6315,77.2167,2026-09-03 20:00:00,28.0,84,0.0,4.7,52.0,52.3,79.0,19.0,46.7,865.0
Connaught Place,28.6315,77.2167,2026-09-03 21:00:00,27.8,85,0.0,3.6,66.4,66.6,83.1,11.0,47.2,985.0
Connaught Place,28.6315,77.2167,2026-09-03 22:00:00,27.7,86,0.0,2.7,67.8,68.0,82.3,9.0,45.4,1122.0
Connaught Place,28.6315,77.2167,2026-09-03 23:00:00,29.1,84,0.0,3.2,64.3,64.7,79.2,9.0,43.1,1215.0
Connaught Place,28.6315,77.2167,2026-09-04 00:00:00,27.9,90,0.2,1.6,61.7,61.9,74.1,11.0,40.5,1235.0
Connaught Place,28.6315,77.2167,2026-09-04 01:00:00,27.7,92,0.1,0.6,59.3,59.6,66.8,15.0,37.4,1211.0
Connaught Place,28.6315,77.2167,2026-09-04 02:00:00,27.6,91,0.0,3.8,58.2,58.7,59.9,19.0,34.8,1174.0
Connaught Place,28.6315,77.2167,2026-09-04 03:00:00,27.4,90,0.0,3.8,56.9,57.3,54.3,19.0,32.8,1139.0
Connaught Place,28.6315,77.2167,2026-09-04 04:00:00,27.1,91,0.0,4.6,54.7,55.2,49.1,19.0,31.2,1092.0
Connaught Place,28.6315,77.2167,2026-09-04 05:00:00,27.0,97,0.0,7.4,51.8,52.2,48.8,23.0,31.6,1019.0
Connaught Place,28.6315,77.2167,2026-09-04 06:00:00,26.3,97,0.8,7.6,48.0,48.3,47.7,24.0,31.1,902.0
Connaught Place,28.6315,77.2167,2026-09-04 07:00:00,26.2,97,0.6,7.8,44.9,45.4,45.9,28.0,30.4,760.0
Connaught Place,28.6315,77.2167,2026-09-04 08:00:00,27.2,90,0.2,7.4,46.9,47.4,42.6,39.0,30.0,637.0
Connaught Place,28.6315,77.2167,2026-09-04 09:00:00,29.2,78,0.1,7.9,41.3,41.7,36.4,67.0,30.2,544.0
Connaught Place,28.6315,77.2167,2026-09-04 10:00:00,30.3,74,0.0,7.6,38.4,38.8,28.8,102.0,30.7,471.0
Connaught Place,28.6315,77.2167,2026-09-04 11:00:00,30.8,72,0.0,8.3,33.4,33.8,23.1,129.0,31.0,427.0
Connaught Place,28.6315,77.2167,2026-09-04 12:00:00,30.0,78,2.9,5.0,31.9,32.4,20.7,139.0,30.7,415.0
Connaught Place,28.6315,77.2167,2026-09-04 13:00:00,30.9,70,0.5,5.6,31.1,31.5,20.3,139.0,30.3,432.0
Connaught Place,28.6315,77.2167,2026-09-04 14:00:00,29.8,75,1.5,7.6,30.9,31.2,21.2,136.0,30.0,482.0
Connaught Place,28.6315,77.2167,2026-09-04 15:00:00,29.9,76,0.2,6.1,30.9,31.3,22.6,133.0,30.0,588.0
Connaught Place,28.6315,77.2167,2026-09-04 16:00:00,29.8,76,0.0,6.3,31.0,31.4,25.3,126.0,30.2,725.0
Connaught Place,28.6315,77.2167,2026-09-04 17:00:00,29.3,74,0.0,5.7,48.9,67.1,28.4,99.0,25.8,828.0
Connaught Place,28.6315,77.2167,2026-09-04 18:00:00,28.6,78,0.0,3.5,51.9,57.9,35.7,82.0,25.6,865.0
Connaught Place,28.6315,77.2167,2026-09-04 19:00:00,28.2,80,0.0,5.0,54.6,55.8,45.5,59.0,25.4,866.0
Connaught Place,28.6315,77.2167,2026-09-04 20:00:00,27.7,85,0.1,4.3,52.2,52.3,50.9,43.0,24.6,856.0
Connaught Place,28.6315,77.2167,2026-09-04 21:00:00,27.4,89,0.4,4.6,45.9,46.1,48.0,41.0,23.1,843.0
Connaught Place,28.6315,77.2167,2026-09-04 22:00:00,26.9,93,0.7,5.5,39.2,39.5,40.6,46.0,21.1,817.0
Connaught Place,28.6315,77.2167,2026-09-04 23:00:00,27.2,91,3.7,6.1,34.6,34.7,33.5,51.0,19.1,777.0
Connaught Place,28.6315,77.2167,2026-09-05 00:00:00,26.8,94,0.5,6.4,27.9,28.1,27.9,55.0,16.9,714.0
Connaught Place,28.6315,77.2167,2026-09-05 01:00:00,26.6,95,0.6,6.3,23.1,23.2,22.6,59.0,14.7,636.0
Connaught Place,28.6315,77.2167,2026-09-05 02:00:00,26.2,96,0.5,8.5,18.2,18.3,18.8,62.0,13.1,564.0
Connaught Place,28.6315,77.2167,2026-09-05 03:00:00,26.1,97,1.4,6.3,15.0,15.1,16.9,62.0,12.2,490.0
Connaught Place,28.6315,77.2167,2026-09-05 04:00:00,25.9,97,2.2,6.3,13.7,13.8,16.4,59.0,11.9,422.0
Connaught Place,28.6315,77.2167,2026-09-05 05:00:00,25.8,96,1.4,13.8,18.0,18.2,19.7,50.0,13.6,405.0
Connaught Place,28.6315,77.2167,2026-09-05 06:00:00,25.3,96,2.4,8.5,20.4,20.5,24.3,44.0,15.3,488.0
Connaught Place,28.6315,77.2167,2026-09-05 07:00:00,25.5,96,0.5,4.3,24.9,25.0,30.4,38.0,17.8,623.0
Connaught Place,28.6315,77.2167,2026-09-05 08:00:00,26.0,93,0.1,5.7,25.7,25.8,33.7,38.0,20.1,706.0
Connaught Place,28.6315,77.2167,2026-09-05 09:00:00,26.9,90,0.5,3.3,24.2,24.4,31.8,51.0,22.3,677.0
Connaught Place,28.6315,77.2167,2026-09-05 10:00:00,27.8,86,0.5,5.0,22.8,22.9,27.1,72.0,24.3,597.0
Connaught Place,28.6315,77.2167,2026-09-05 11:00:00,28.2,85,0.4,5.5,22.4,22.6,22.8,91.0,25.5,547.0
Connaught Place,28.6315,77.2167,2026-09-05 12:00:00,26.9,89,2.8,9.7,23.7,24.0,19.6,109.0,25.2,566.0
Connaught Place,28.6315,77.2167,2026-09-05 13:00:00,26.1,95,6.3,4.7,24.2,24.5,16.8,126.0,24.0,614.0
Connaught Place,28.6315,77.2167,2026-09-05 14:00:00,26.0,96,1.8,6.6,24.7,25.3,15.8,136.0,22.8,655.0
Connaught Place,28.6315,77.2167,2026-09-05 15:00:00,27.0,92,0.7,5.5,26.1,26.7,15.8,135.0,21.3,613.0
Connaught Place,28.6315,77.2167,2026-09-05 16:00:00,27.1,92,0.2,5.1,28.2,28.8,17.7,127.0,19.7,564.0
Connaught Place,28.6315,77.2167,2026-09-05 17:00:00,27.7,86,0.1,6.5,38.3,39.6,28.1,74.0,20.2,700.0
Connaught Place,28.6315,77.2167,2026-09-05 18:00:00,27.4,88,0.0,4.1,44.0,44.8,34.9,62.0,21.1,1229.0
Connaught Place,28.6315,77.2167,2026-09-05 19:00:00,27.2,89,0.0,4.8,48.2,48.9,44.1,45.0,22.3,1943.0
Connaught Place,28.6315,77.2167,2026-09-05 20:00:00,27.1,88,0.0,5.2,49.5,50.1,49.8,33.0,22.8,2408.0
Connaught Place,28.6315,77.2167,2026-09-05 21:00:00,26.9,88,0.0,4.3,48.3,48.9,48.9,31.0,22.1,2405.0
Connaught Place,28.6315,77.2167,2026-09-05 22:00:00,26.7,89,0.0,2.9,47.0,47.5,44.4,34.0,20.6,2153.0
Connaught Place,28.6315,77.2167,2026-09-05 23:00:00,27.0,87,0.0,3.1,47.1,47.6,40.2,37.0,19.3,1872.0
Connaught Place,28.6315,77.2167,2026-09-06 00:00:00,26.5,89,0.1,4.1,46.4,46.9,37.2,38.0,18.2,1614.0
Connaught Place,28.6315,77.2167,2026-09-06 01:00:00,26.1,91,0.2,4.5,44.9,45.3,34.3,38.0,17.1,1326.0
Connaught Place,28.6315,77.2167,2026-09-06 02:00:00,25.7,94,0.2,5.6,45.8,46.1,32.2,38.0,16.4,1071.0
Connaught Place,28.6315,77.2167,2026-09-06 03:00:00,25.5,95,0.1,6.9,47.0,47.5,31.4,35.0,16.0,862.0
Connaught Place,28.6315,77.2167,2026-09-06 04:00:00,25.3,95,0.0,6.4,46.3,46.7,31.3,32.0,16.0,686.0
Connaught Place,28.6315,77.2167,2026-09-06 05:00:00,24.8,99,0.0,5.5,45.5,45.9,31.4,35.0,20.8,561.0
Connaught Place,28.6315,77.2167,2026-09-06 06:00:00,24.4,99,1.9,5.0,50.1,50.3,28.8,46.0,22.4,508.0
Connaught Place,28.6315,77.2167,2026-09-06 07:00:00,24.2,98,3.3,5.5,43.8,44.1,25.2,63.0,24.5,505.0
Connaught Place,28.6315,77.2167,2026-09-06 08:00:00,24.9,95,1.6,6.8,34.6,34.9,21.3,81.0,25.8,509.0
Connaught Place,28.6315,77.2167,2026-09-06 09:00:00,25.4,94,1.1,6.9,30.2,30.5,17.1,102.0,25.7,510.0
Connaught Place,28.6315,77.2167,2026-09-06 10:00:00,25.9,90,1.0,7.6,26.9,27.1,12.7,125.0,24.8,517.0
Connaught Place,28.6315,77.2167,2026-09-06 11:00:00,26.7,92,0.5,9.2,25.1,25.3,9.5,143.0,23.9,511.0
Connaught Place,28.6315,77.2167,2026-09-06 12:00:00,26.0,93,3.0,11.6,23.1,23.3,7.8,153.0,23.0,467.0
Connaught Place,28.6315,77.2167,2026-09-06 13:00:00,25.4,94,1.8,11.3,23.3,23.5,7.3,157.0,22.0,410.0
Connaught Place,28.6315,77.2167,2026-09-06 14:00:00,25.7,91,1.1,9.2,23.5,23.6,7.9,157.0,21.5,393.0
Connaught Place,28.6315,77.2167,2026-09-06 15:00:00,26.0,87,0.2,6.1,22.7,23.1,7.8,154.0,21.1,404.0
Connaught Place,28.6315,77.2167,2026-09-06 16:00:00,26.4,83,0.0,2.6,22.4,22.8,8.9,146.0,21.2,455.0
Connaught Place,28.6315,77.2167,2026-09-06 17:00:00,28.1,78,0.0,6.0,23.6,23.7,16.5,93.0,17.0,630.0
Connaught Place,28.6315,77.2167,2026-09-06 18:00:00,27.5,83,0.0,3.0,29.4,29.9,29.7,73.0,22.7,1056.0
Connaught Place,28.6315,77.2167,2026-09-06 19:00:00,26.9,86,0.0,1.3,40.3,40.5,48.0,45.0,30.7,1607.0
Connaught Place,28.6315,77.2167,2026-09-06 20:00:00,26.7,89,0.0,1.1,50.4,50.5,62.8,24.0,38.2,1991.0
Connaught Place,28.6315,77.2167,2026-09-06 21:00:00,26.4,89,0.0,0.6,53.6,53.6,70.1,15.0,44.2,2065.0
Connaught Place,28.6315,77.2167,2026-09-06 22:00:00,26.1,91,0.0,1.7,59.8,59.8,73.9,13.0,49.6,1971.0
Connaught Place,28.6315,77.2167,2026-09-06 23:00:00,26.4,90,0.0,0.4,69.4,69.4,76.8,11.0,54.0,1846.0
Connaught Place,28.6315,77.2167,2026-09-07 00:00:00,25.9,91,0.0,0.5,75.4,75.4,79.6,9.0,56.9,1710.0
Connaught Place,28.6315,77.2167,2026-09-07 01:00:00,25.8,90,0.0,1.0,77.1,77.1,81.5,7.0,58.8,1542.0
Connaught Place,28.6315,77.2167,2026-09-07 02:00:00,25.4,91,0.0,2.7,79.6,79.6,83.0,6.0,60.2,1416.0
Connaught Place,28.6315,77.2167,2026-09-07 03:00:00,25.2,91,0.0,1.7,81.5,81.5,85.6,1.0,61.4,1378.0
Connaught Place,28.6315,77.2167,2026-09-07 04:00:00,24.7,94,0.0,4.5,84.5,84.8,87.8,0.0,62.1,1382.0
Connaught Place,28.6315,77.2167,2026-09-07 05:00:00,25.4,96,0.0,2.9,78.2,78.2,69.7,2.0,46.3,1364.0
Connaught Place,28.6315,77.2167,2026-09-07 06:00:00,25.1,98,0.0,4.7,83.1,83.1,60.4,20.0,44.6,1306.0
Connaught Place,28.6315,77.2167,2026-09-07 07:00:00,26.2,94,0.0,4.9,73.3,73.8,47.3,46.0,42.4,1226.0
Connaught Place,28.6315,77.2167,2026-09-07 08:00:00,27.8,86,0.0,3.6,51.1,53.3,35.5,78.0,40.8,1112.0
Connaught Place,28.6315,77.2167,2026-09-07 09:00:00,29.3,77,0.0,4.4,41.6,53.3,26.6,122.0,41.1,936.0
Connaught Place,28.6315,77.2167,2026-09-07 10:00:00,30.5,71,0.0,4.0,46.8,64.7,19.0,172.0,42.1,727.0
Connaught Place,28.6315,77.2167,2026-09-07 11:00:00,31.7,62,0.0,3.8,54.7,76.8,13.2,212.0,41.8,560.0
Connaught Place,28.6315,77.2167,2026-09-07 12:00:00,32.1,60,0.0,3.4,59.6,78.9,9.1,237.0,38.9,455.0
Connaught Place,28.6315,77.2167,2026-09-07 13:00:00,32.6,57,0.0,4.7,61.0,79.2,6.7,251.0,34.8,394.0
Connaught Place,28.6315,77.2167,2026-09-07 14:00:00,32.0,56,0.4,10.4,59.6,76.6,7.0,252.0,31.2,393.0
Connaught Place,28.6315,77.2167,2026-09-07 15:00:00,31.4,58,0.4,4.6,58.0,75.7,9.3,236.0,28.1,419.0
Connaught Place,28.6315,77.2167,2026-09-07 16:00:00,31.2,62,0.0,5.0,54.0,72.6,14.2,206.0,25.5,506.0
Connaught Place,28.6315,77.2167,2026-09-07 17:00:00,31.9,60,0.0,5.5,68.2,87.8,28.0,158.0,25.1,778.0
Connaught Place,28.6315,77.2167,2026-09-07 18:00:00,30.7,68,0.0,1.4,82.2,97.8,48.0,125.0,30.1,1465.0
Connaught Place,28.6315,77.2167,2026-09-07 19:00:00,30.0,71,0.0,1.6,99.7,115.0,75.2,79.0,36.9,2337.0
Connaught Place,28.6315,77.2167,2026-09-07 20:00:00,29.4,75,0.0,1.8,105.2,118.5,93.8,46.0,42.5,2824.0
Connaught Place,28.6315,77.2167,2026-09-07 21:00:00,28.8,78,0.0,1.4,99.9,111.1,95.7,37.0,45.3,2567.0
Connaught Place,28.6315,77.2167,2026-09-07 22:00:00,28.0,80,0.0,3.7,100.1,110.8,88.9,40.0,46.9,1925.0
Connaught Place,28.6315,77.2167,2026-09-07 23:00:00,27.8,81,0.0,2.4,99.7,110.6,81.1,44.0,47.9,1412.0
Connaught Place,28.6315,77.2167,2026-09-08 00:00:00,26.8,82,0.0,4.2,98.7,109.4,74.6,44.0,49.1,1251.0
Connaught Place,28.6315,77.2167,2026-09-08 01:00:00,26.4,83,0.0,4.8,98.3,109.0,67.2,45.0,49.8,1217.0
Connaught Place,28.6315,77.2167,2026-09-08 02:00:00,26.0,85,0.0,4.3,96.6,108.0,60.1,45.0,49.1,1155.0
Connaught Place,28.6315,77.2167,2026-09-08 03:00:00,25.7,86,0.0,3.9,92.7,104.5,53.3,44.0,46.5,974.0
Connaught Place,28.6315,77.2167,2026-09-08 04:00:00,25.5,87,0.0,4.6,87.5,100.1,46.8,42.0,42.5,763.0
Connaught Place,28.6315,77.2167,2026-09-08 05:00:00,26.1,81,0.0,4.1,116.2,133.2,73.6,43.0,55.6,635.0
Connaught Place,28.6315,77.2167,2026-09-08 06:00:00,26.1,80,0.0,4.0,99.0,113.4,63.4,62.0,50.6,683.0
Connaught Place,28.6315,77.2167,2026-09-08 07:00:00,26.5,82,0.0,8.0,88.9,99.9,49.0,88.0,43.5,813.0
Connaught Place,28.6315,77.2167,2026-09-08 08:00:00,28.0,77,0.0,6.9,61.9,75.4,35.6,117.0,36.8,855.0
Connaught Place,28.6315,77.2167,2026-09-08 09:00:00,29.5,69,0.0,9.4,47.0,68.2,24.4,150.0,31.2,701.0
Connaught Place,28.6315,77.2167,2026-09-08 10:00:00,30.0,68,0.0,10.1,39.9,63.8,14.3,185.0,26.0,458.0
Connaught Place,28.6315,77.2167,2026-09-08 11:00:00,32.1,61,0.0,9.6,37.3,62.2,7.2,208.0,21.7,277.0
Connaught Place,28.6315,77.2167,2026-09-08 12:00:00,31.6,61,1.0,12.0,35.0,55.1,4.0,211.0,18.6,217.0
Connaught Place,28.6315,77.2167,2026-09-08 13:00:00,32.0,63,0.4,9.6,34.8,58.1,3.9,201.0,16.5,219.0
Connaught Place,28.6315,77.2167,2026-09-08 14:00:00,32.6,61,0.0,10.1,34.6,59.6,5.6,187.0,15.2,259.0
Connaught Place,28.6315,77.2167,2026-09-08 15:00:00,32.7,59,0.0,10.4,34.7,62.4,8.9,171.0,14.5,335.0
Connaught Place,28.6315,77.2167,2026-09-08 16:00:00,32.6,56,0.0,9.5,40.7,107.8,14.2,152.0,14.5,449.0
Connaught Place,28.6315,77.2167,2026-09-08 17:00:00,32.1,64,0.0,4.4,44.4,114.3,21.6,122.0,15.5,581.0
Connaught Place,28.6315,77.2167,2026-09-08 18:00:00,31.3,70,0.0,2.7,49.4,104.3,31.3,102.0,18.4,746.0
Connaught Place,28.6315,77.2167,2026-09-08 19:00:00,30.5,72,0.0,4.0,53.2,101.7,44.7,74.0,22.4,929.0
Connaught Place,28.6315,77.2167,2026-09-08 20:00:00,29.7,75,0.0,4.4,56.8,109.0,55.0,52.0,25.9,1067.0
Connaught Place,28.6315,77.2167,2026-09-08 21:00:00,29.2,78,0.0,3.6,62.2,122.5,59.2,42.0,28.6,1152.0
Connaught Place,28.6315,77.2167,2026-09-08 22:00:00,28.4,81,0.0,3.7,68.2,136.4,60.2,37.0,30.8,1192.0
Connaught Place,28.6315,77.2167,2026-09-08 23:00:00,28.9,80,0.0,5.8,73.1,145.8,60.2,34.0,31.7,1146.0
Connaught Place,28.6315,77.2167,2026-09-09 00:00:00,28.1,82,0.0,5.0,74.5,147.6,59.9,30.0,30.4,951.0
Connaught Place,28.6315,77.2167,2026-09-09 01:00:00,27.6,84,0.0,5.1,73.8,145.3,58.5,27.0,27.8,669.0
Connaught Place,28.6315,77.2167,2026-09-09 02:00:00,27.1,86,0.0,5.1,72.4,140.2,56.2,25.0,25.2,447.0
Connaught Place,28.6315,77.2167,2026-09-09 03:00:00,26.8,86,0.0,5.3,70.1,139.7,52.8,21.0,23.2,340.0
Connaught Place,28.6315,77.2167,2026-09-09 04:00:00,26.7,80,0.0,6.6,67.1,143.0,48.5,17.0,21.3,294.0
Connaught Place,28.6315,77.2167,2026-09-09 05:00:00,27.6,78,0.0,9.4,54.0,169.0,23.4,38.0,13.7,286.0
Connaught Place,28.6315,77.2167,2026-09-09 06:00:00,27.4,74,0.0,11.5,49.0,136.9,23.3,40.0,13.4,339.0
Connaught Place,28.6315,77.2167,2026-09-09 07:00:00,28.1,73,0.0,10.6,48.7,143.4,22.8,45.0,13.0,432.0
Connaught Place,28.6315,77.2167,2026-09-09 08:00:00,29.1,71,0.0,10.5,52.3,165.3,21.1,57.0,12.9,479.0
Connaught Place,28.6315,77.2167,2026-09-09 09:00:00,30.2,67,0.0,11.1,59.1,232.4,16.7,84.0,13.2,431.0
Connaught Place,28.6315,77.2167,2026-09-09 10:00:00,31.3,63,0.0,10.8,65.9,267.3,11.0,118.0,13.8,338.0
Connaught Place,28.6315,77.2167,2026-09-09 11:00:00,33.0,53,0.0,13.4,72.6,299.0,6.7,143.0,14.1,266.0
Connaught Place,28.6315,77.2167,2026-09-09 12:00:00,33.5,51,0.0,11.9,74.7,309.2,4.6,153.0,13.7,228.0
Connaught Place,28.6315,77.2167,2026-09-09 13:00:00,33.8,50,0.0,11.6,74.0,309.2,4.0,154.0,13.1,211.0
Connaught Place,28.6315,77.2167,2026-09-09 14:00:00,33.9,49,0.0,11.5,74.5,317.6,5.5,150.0,12.7,243.0
Connaught Place,28.6315,77.2167,2026-09-09 15:00:00,33.8,49,0.0,11.8,75.7,330.6,9.3,140.0,12.5,332.0
Connaught Place,28.6315,77.2167,2026-09-09 16:00:00,33.3,51,0.0,10.3,77.5,333.4,15.3,124.0,12.5,469.0
Connaught Place,28.6315,77.2167,2026-09-09 17:00:00,33.3,54,0.0,7.3,70.8,273.8,22.3,104.0,13.6,664.0
Connaught Place,28.6315,77.2167,2026-09-09 18:00:00,31.7,64,0.0,3.8,76.1,248.7,34.0,83.0,17.2,993.0
Connaught Place,28.6315,77.2167,2026-09-09 19:00:00,30.8,68,0.0,4.1,83.6,244.9,50.2,55.0,22.4,1378.0
Connaught Place,28.6315,77.2167,2026-09-09 20:00:00,30.3,70,0.0,4.0,92.0,256.1,62.1,33.0,27.9,1595.0
Connaught Place,28.6315,77.2167,2026-09-09 21:00:00,29.2,75,0.0,3.8,100.4,276.6,65.4,26.0,34.0,1513.0
Connaught Place,28.6315,77.2167,2026-09-09 22:00:00,28.6,79,0.0,3.3,109.2,296.2,64.6,25.0,40.3,1264.0
Connaught Place,28.6315,77.2167,2026-09-09 23:00:00,28.8,82,0.0,3.7,116.4,305.5,64.2,24.0,44.3,1012.0
Connaught Place,28.6315,77.2167,2026-09-10 00:00:00,28.4,81,0.0,4.3,121.5,306.4,66.4,19.0,44.6,795.0
Connaught Place,28.6315,77.2167,2026-09-10 01:00:00,28.0,82,0.0,4.1,123.9,295.2,69.0,14.0,42.6,575.0
Connaught Place,28.6315,77.2167,2026-09-10 02:00:00,27.7,83,0.0,4.6,117.8,268.2,70.5,9.0,39.9,411.0
Connaught Place,28.6315,77.2167,2026-09-10 03:00:00,27.4,83,0.0,3.9,107.1,234.2,70.5,4.0,36.4,319.0
Connaught Place,28.6315,77.2167,2026-09-10 04:00:00,27.1,84,0.0,4.4,96.4,202.1,69.4,0.0,32.2,282.0
Connaught Place,28.6315,77.2167,2026-09-10 05:00:00,27.8,80,0.0,5.3,61.5,131.3,36.8,35.0,17.3,308.0
Connaught Place,28.6315,77.2167,2026-09-10 06:00:00,27.1,82,0.0,7.4,61.0,128.1,35.5,43.0,17.6,456.0
Connaught Place,28.6315,77.2167,2026-09-10 07:00:00,28.0,78,0.0,7.0,61.2,124.3,33.5,55.0,18.0,667.0
Connaught Place,28.6315,77.2167,2026-09-10 08:00:00,29.7,69,0.0,8.6,58.2,131.3,29.7,73.0,18.2,771.0
Connaught Place,28.6315,77.2167,2026-09-10 09:00:00,30.9,63,0.0,10.3,56.8,148.5,22.6,102.0,18.1,658.0
Connaught Place,28.6315,77.2167,2026-09-10 10:00:00,32.1,59,0.0,9.4,56.9,171.4,13.7,137.0,17.8,439.0
Connaught Place,28.6315,77.2167,2026-09-10 11:00:00,33.9,51,0.0,11.6,56.8,183.5,7.2,162.0,17.4,273.0
Connaught Place,28.6315,77.2167,2026-09-10 12:00:00,34.3,48,0.0,10.9,52.4,161.6,4.4,170.0,16.8,219.0
Connaught Place,28.6315,77.2167,2026-09-10 13:00:00,34.8,45,0.0,10.8,54.8,183.9,3.9,167.0,16.1,217.0
Connaught Place,28.6315,77.2167,2026-09-10 14:00:00,34.7,45,0.0,11.7,55.8,197.0,5.7,160.0,15.7,254.0
Connaught Place,28.6315,77.2167,2026-09-10 15:00:00,34.4,46,0.0,11.6,57.7,212.8,9.9,149.0,15.5,307.0
Connaught Place,28.6315,77.2167,2026-09-10 16:00:00,33.8,49,0.0,10.7,59.3,213.7,16.5,133.0,15.6,399.0
Connaught Place,28.6315,77.2167,2026-09-10 17:00:00,33.7,48,0.0,10.4,60.5,245.9,19.5,111.0,14.2,574.0
Connaught Place,28.6315,77.2167,2026-09-10 18:00:00,32.0,56,0.0,5.7,65.4,242.1,27.2,94.0,17.0,918.0
Connaught Place,28.6315,77.2167,2026-09-10 19:00:00,31.1,62,0.0,4.8,71.2,236.6,38.1,71.0,20.9,1347.0
Connaught Place,28.6315,77.2167,2026-09-10 20:00:00,30.4,66,0.0,4.4,77.1,244.9,47.8,51.0,24.5,1653.0
Connaught Place,28.6315,77.2167,2026-09-10 21:00:00,29.8,69,0.0,4.1,83.6,255.2,55.5,38.0,27.8,1734.0
Connaught Place,28.6315,77.2167,2026-09-10 22:00:00,29.5,70,0.0,2.7,90.3,265.4,62.0,29.0,30.8,1693.0
Connaught Place,28.6315,77.2167,2026-09-10 23:00:00,29.9,70,0.0,2.9,95.0,255.2,65.4,23.0,32.5,1629.0
Connaught Place,28.6315,77.2167,2026-09-11 00:00:00,29.4,70,0.0,1.9,93.6,222.6,64.1,20.0,31.7,1581.0
Connaught Place,28.6315,77.2167,2026-09-11 01:00:00,28.9,71,0.0,3.2,87.3,182.5,59.8,19.0,29.5,1511.0
Connaught Place,28.6315,77.2167,2026-09-11 02:00:00,27.7,78,0.0,4.2,80.3,151.3,55.7,20.0,28.0,1401.0
Connaught Place,28.6315,77.2167,2026-09-11 03:00:00,27.2,83,0.0,2.8,74.7,128.5,53.1,19.0,27.8,1199.0
Connaught Place,28.6315,77.2167,2026-09-11 04:00:00,27.0,86,0.0,2.2,72.9,114.1,50.8,19.0,28.3,957.0
Connaught Place,28.6315,77.2167,2026-09-11 05:00:00,28.9,78,0.0,0.5,86.1,158.3,54.9,12.0,26.9,817.0
Connaught Place,28.6315,77.2167,2026-09-11 06:00:00,28.2,81,0.0,1.4,90.6,154.1,51.3,32.0,29.9,896.0
Connaught Place,28.6315,77.2167,2026-09-11 07:00:00,29.1,81,0.0,3.6,88.7,136.0,45.9,61.0,34.1,1077.0
Connaught Place,28.6315,77.2167,2026-09-11 08:00:00,30.2,81,0.0,4.6,78.7,139.2,39.0,95.0,36.7,1152.0
Connaught Place,28.6315,77.2167,2026-09-11 09:00:00,31.4,76,0.0,6.0,70.8,140.2,29.0,141.0,36.6,996.0
Connaught Place,28.6315,77.2167,2026-09-11 10:00:00,28.5,84,3.2,11.5,65.0,122.9,17.5,193.0,35.0,733.0
Connaught Place,28.6315,77.2167,2026-09-11 11:00:00,31.4,66,0.9,11.3,62.6,104.3,9.9,223.0,32.9,535.0
Connaught Place,28.6315,77.2167,2026-09-11 12:00:00,30.5,73,1.6,4.6,61.5,93.4,9.1,215.0,29.9,457.0
Connaught Place,28.6315,77.2167,2026-09-11 13:00:00,30.6,66,0.9,12.3,50.1,65.2,12.1,185.0,26.3,444.0
Connaught Place,28.6315,77.2167,2026-09-11 14:00:00,30.1,75,0.6,7.4,39.2,43.1,15.5,158.0,24.0,493.0
Connaught Place,28.6315,77.2167,2026-09-11 15:00:00,30.8,71,0.3,7.7,30.7,31.7,18.3,142.0,24.0,638.0
Connaught Place,28.6315,77.2167,2026-09-11 16:00:00,30.6,69,0.1,8.7,26.2,26.5,21.6,129.0,25.2,846.0
Connaught Place,28.6315,77.2167,2026-09-11 17:00:00,27.9,85,0.0,9.3,17.1,17.1,18.0,123.0,20.9,1016.0
Connaught Place,28.6315,77.2167,2026-09-11 18:00:00,27.4,87,0.4,6.1,21.3,21.3,21.7,108.0,21.6,1120.0
Connaught Place,28.6315,77.2167,2026-09-11 19:00:00,27.3,88,0.1,4.5,21.0,21.0,26.8,88.0,22.6,1186.0
Connaught Place,28.6315,77.2167,2026-09-11 20:00:00,27.2,89,0.0,5.8,20.0,20.0,30.5,71.0,23.4,1196.0
Connaught Place,28.6315,77.2167,2026-09-11 21:00:00,27.3,90,0.0,6.8,19.6,19.6,31.6,62.0,23.8,1124.0
Connaught Place,28.6315,77.2167,2026-09-11 22:00:00,27.1,90,0.0,6.9,20.2,20.2,31.3,56.0,23.9,996.0
Connaught Place,28.6315,77.2167,2026-09-11 23:00:00,27.7,90,0.0,7.9,20.3,20.4,30.5,51.0,23.8,870.0
Connaught Place,28.6315,77.2167,2026-09-12 00:00:00,27.4,89,0.0,6.9,19.6,19.8,29.2,47.0,23.2,760.0
Connaught Place,28.6315,77.2167,2026-09-12 01:00:00,27.2,89,0.0,5.6,19.1,19.4,27.4,44.0,22.4,652.0
Connaught Place,28.6315,77.2167,2026-09-12 02:00:00,27.1,89,0.0,6.7,18.9,19.3,26.1,42.0,21.8,568.0
Connaught Place,28.6315,77.2167,2026-09-12 03:00:00,26.7,91,0.0,5.1,19.1,19.6,25.5,39.0,21.7,503.0
Connaught Place,28.6315,77.2167,2026-09-12 04:00:00,26.0,94,2.5,6.2,18.8,19.3,25.4,37.0,21.8,463.0
Connaught Place,28.6315,77.2167,2026-09-12 05:00:00,27.4,90,1.1,6.3,17.2,17.7,23.6,42.0,22.3,482.0
Connaught Place,28.6315,77.2167,2026-09-12 06:00:00,27.1,92,0.2,7.0,17.4,18.1,26.7,43.0,23.2,627.0
Connaught Place,28.6315,77.2167,2026-09-12 07:00:00,27.7,90,0.2,6.6,18.7,19.4,30.8,44.0,24.4,831.0
Connaught Place,28.6315,77.2167,2026-09-12 08:00:00,28.7,84,0.0,5.7,19.8,20.4,32.7,50.0,25.5,937.0
Connaught Place,28.6315,77.2167,2026-09-12 09:00:00,29.1,82,0.0,5.6,20.1,20.4,30.6,63.0,26.7,845.0
Connaught Place,28.6315,77.2167,2026-09-12 10:00:00,31.0,72,0.0,4.6,19.3,19.4,26.2,80.0,27.9,654.0
Connaught Place,28.6315,77.2167,2026-09-12 11:00:00,29.9,74,1.7,3.9,18.6,18.7,21.8,99.0,28.1,500.0
Connaught Place,28.6315,77.2167,2026-09-12 12:00:00,31.0,69,0.3,5.8,20.0,20.1,16.9,123.0,26.7,424.0
Connaught Place,28.6315,77.2167,2026-09-12 13:00:00,31.4,67,0.8,12.2,21.2,25.8,12.0,149.0,24.4,386.0
Connaught Place,28.6315,77.2167,2026-09-12 14:00:00,31.5,68,0.2,9.7,21.3,22.7,10.1,163.0,22.4,401.0
Connaught Place,28.6315,77.2167,2026-09-12 15:00:00,31.5,68,0.0,8.4,21.6,25.1,13.3,158.0,21.0,502.0
Connaught Place,28.6315,77.2167,2026-09-12 16:00:00,31.2,68,0.0,8.5,21.4,23.5,19.7,141.0,19.9,658.0
Connaught Place,28.6315,77.2167,2026-09-12 17:00:00,30.1,76,0.2,6.6,20.3,20.7,19.1,126.0,17.6,786.0
Connaught Place,28.6315,77.2167,2026-09-12 18:00:00,29.4,80,0.0,3.9,28.1,28.2,32.6,100.0,20.9,864.0
Connaught Place,28.6315,77.2167,2026-09-12 19:00:00,29.0,83,0.0,3.3,37.6,37.7,50.9,65.0,25.3,915.0
Connaught Place,28.6315,77.2167,2026-09-12 20:00:00,28.8,84,0.0,3.8,41.9,42.0,62.8,39.0,28.1,928.0
Connaught Place,28.6315,77.2167,2026-09-12 21:00:00,28.8,85,0.0,5.2,44.1,44.2,62.8,33.0,27.9,888.0
Connaught Place,28.6315,77.2167,2026-09-12 22:00:00,28.6,85,0.0,5.6,42.6,42.7,56.4,36.0,26.1,810.0
Connaught Place,28.6315,77.2167,2026-09-12 23:00:00,29.4,83,0.0,6.8,39.3,39.5,49.1,41.0,24.3,724.0
Connaught Place,28.6315,77.2167,2026-09-13 00:00:00,28.8,84,0.0,5.4,36.4,36.6,41.7,44.0,22.9,630.0
Connaught Place,28.6315,77.2167,2026-09-13 01:00:00,28.4,86,0.0,5.8,34.0,34.0,33.3,48.0,21.5,528.0
Connaught Place,28.6315,77.2167,2026-09-13 02:00:00,28.1,87,0.0,5.9,31.7,31.7,26.9,51.0,20.3,447.0
Connaught Place,28.6315,77.2167,2026-09-13 03:00:00,27.9,87,0.0,6.7,29.6,29.6,24.0,48.0,19.4,397.0
Connaught Place,28.6315,77.2167,2026-09-13 04:00:00,27.7,88,0.0,6.5,28.0,28.1,23.0,44.0,18.7,368.0
Connaught Place,28.6315,77.2167,2026-09-13 05:00:00,27.9,86,0.0,8.0,24.3,24.3,23.0,37.0,13.8,359.0
Connaught Place,28.6315,77.2167,2026-09-13 06:00:00,27.6,88,0.0,9.4,25.4,25.5,21.4,51.0,15.9,386.0
Connaught Place,28.6315,77.2167,2026-09-13 07:00:00,28.1,87,0.0,8.2,28.5,28.5,19.1,71.0,18.8,433.0
Connaught Place,28.6315,77.2167,2026-09-13 08:00:00,29.0,81,0.0,9.6,25.6,25.7,16.4,94.0,20.9,452.0
Connaught Place,28.6315,77.2167,2026-09-13 09:00:00,30.0,74,0.0,10.2,23.8,24.3,12.8,123.0,21.6,413.0
Connaught Place,28.6315,77.2167,2026-09-13 10:00:00,31.1,66,0.0,10.2,25.1,26.3,8.7,155.0,21.5,347.0
Connaught Place,28.6315,77.2167,2026-09-13 11:00:00,32.1,61,0.1,9.6,27.1,40.0,5.8,177.0,21.0,297.0
Connaught Place,28.6315,77.2167,2026-09-13 12:00:00,32.5,59,0.1,9.5,27.0,31.8,4.6,184.0,19.8,276.0
Connaught Place,28.6315,77.2167,2026-09-13 13:00:00,32.8,59,0.1,9.4,26.4,29.6,4.4,181.0,18.1,272.0
Connaught Place,28.6315,77.2167,2026-09-13 14:00:00,32.8,59,0.1,9.5,25.5,27.6,5.3,174.0,17.0,286.0
Connaught Place,28.6315,77.2167,2026-09-13 15:00:00,32.6,59,0.1,8.7,24.7,26.0,7.2,164.0,16.7,329.0
Connaught Place,28.6315,77.2167,2026-09-13 16:00:00,32.1,61,0.1,8.7,24.1,25.0,10.1,150.0,16.9,391.0
Connaught Place,28.6315,77.2167,2026-09-13 17:00:00,32.0,62,0.0,8.5,24.6,25.8,13.4,124.0,17.6,443.0
Connaught Place,28.6315,77.2167,2026-09-13 18:00:00,29.9,71,0.3,9.2,28.9,30.3,16.7,110.0,18.4,477.0
Connaught Place,28.6315,77.2167,2026-09-13 19:00:00,28.9,79,0.0,7.6,30.5,31.2,21.2,91.0,19.5,501.0
Connaught Place,28.6315,77.2167,2026-09-13 20:00:00,28.4,82,0.0,6.9,30.2,31.2,24.1,77.0,20.3,507.0
Connaught Place,28.6315,77.2167,2026-09-13 21:00:00,28.1,84,0.0,8.1,29.6,31.2,24.0,73.0,20.6,486.0
Connaught Place,28.6315,77.2167,2026-09-13 22:00:00,27.8,86,0.0,8.0,28.2,29.7,22.3,74.0,20.5,446.0
Connaught Place,28.6315,77.2167,2026-09-13 23:00:00,28.4,83,0.0,9.5,25.7,30.6,20.5,74.0,20.1,405.0
Connaught Place,28.6315,77.2167,2026-09-14 00:00:00,27.8,86,0.1,9.0,23.1,31.1,18.9,73.0,19.1,363.0
Connaught Place,28.6315,77.2167,2026-09-14 01:00:00,27.4,88,0.0,8.5,21.0,29.9,17.2,71.0,17.7,320.0
Connaught Place,28.6315,77.2167,2026-09-14 02:00:00,27.1,89,0.0,8.5,19.2,29.2,16.0,68.0,16.7,288.0
Connaught Place,28.6315,77.2167,2026-09-14 03:00:00,26.9,90,0.0,8.8,18.2,30.0,15.7,62.0,16.3,268.0
Connaught Place,28.6315,77.2167,2026-09-14 04:00:00,26.5,91,0.1,8.3,18.0,31.4,15.9,56.0,16.3,260.0
Connaught Place,28.6315,77.2167,2026-09-14 05:00:00,26.8,91,0.2,8.3,17.8,26.3,16.9,53.0,18.6,278.0
Connaught Place,28.6315,77.2167,2026-09-14 06:00:00,26.7,92,0.0,8.3,19.7,27.7,17.8,57.0,20.4,348.0
Connaught Place,28.6315,77.2167,2026-09-14 07:00:00,27.6,88,0.0,8.9,20.9,28.2,18.8,65.0,23.0,445.0
Connaught Place,28.6315,77.2167,2026-09-14 08:00:00,28.5,83,0.1,10.5,21.4,24.8,18.4,80.0,24.8,501.0
Connaught Place,28.6315,77.2167,2026-09-14 09:00:00,29.5,76,0.1,9.3,21.4,23.6,15.3,110.0,25.4,478.0
Connaught Place,28.6315,77.2167,2026-09-14 10:00:00,30.7,70,0.2,9.5,21.8,23.4,10.8,148.0,25.3,415.0
Connaught Place,28.6315,77.2167,2026-09-14 11:00:00,29.8,69,0.1,10.8,23.8,25.0,7.4,176.0,24.5,366.0
Connaught Place,28.6315,77.2167,2026-09-14 12:00:00,31.4,66,0.5,10.4,25.5,26.5,5.6,188.0,22.5,342.0
Connaught Place,28.6315,77.2167,2026-09-14 13:00:00,31.5,68,0.3,8.7,27.3,28.2,4.9,189.0,19.7,331.0
Connaught Place,28.6315,77.2167,2026-09-14 14:00:00,31.9,65,0.4,8.7,26.1,30.7,5.9,185.0,18.0,352.0
Connaught Place,28.6315,77.2167,2026-09-14 15:00:00,31.2,66,0.3,8.3,27.9,32.7,9.2,174.0,18.1,427.0
Connaught Place,28.6315,77.2167,2026-09-14 16:00:00,31.3,66,0.4,7.2,27.4,29.3,14.2,157.0,19.3,534.0
Connaught Place,28.6315,77.2167,2026-09-14 17:00:00,31.3,63,0.0,7.8,43.7,45.6,16.6,146.0,22.3,629.0
Connaught Place,28.6315,77.2167,2026-09-14 18:00:00,30.5,70,0.0,3.5,46.1,47.5,24.7,123.0,24.3,707.0
Connaught Place,28.6315,77.2167,2026-09-14 19:00:00,29.9,74,0.0,4.2,52.7,53.9,35.8,91.0,27.1,773.0
Connaught Place,28.6315,77.2167,2026-09-14 20:00:00,29.5,76,0.0,5.8,55.3,56.3,42.9,67.0,29.1,792.0
Connaught Place,28.6315,77.2167,2026-09-14 21:00:00,29.0,78,0.0,6.5,56.1,57.2,42.5,60.0,29.5,734.0
Connaught Place,28.6315,77.2167,2026-09-14 22:00:00,27.5,81,0.1,12.1,55.9,56.9,38.2,62.0,29.2,628.0
Connaught Place,28.6315,77.2167,2026-09-14 23:00:00,27.7,83,0.4,8.7,54.6,55.5,33.8,64.0,28.5,532.0
Connaught Place,28.6315,77.2167,2026-09-15 00:00:00,27.1,84,0.0,7.9,53.6,54.4,30.4,63.0,27.5,460.0
Connaught Place,28.6315,77.2167,2026-09-15 01:00:00,26.7,86,0.0,7.2,52.6,53.4,27.1,63.0,26.1,397.0
Connaught Place,28.6315,77.2167,2026-09-15 02:00:00,26.4,87,0.0,6.8,51.2,51.9,24.6,62.0,25.2,356.0
Connaught Place,28.6315,77.2167,2026-09-15 03:00:00,26.2,89,0.0,6.5,49.4,50.1,23.6,60.0,24.7,337.0
Connaught Place,28.6315,77.2167,2026-09-15 04:00:00,26.0,90,0.0,6.0,47.7,48.4,23.5,57.0,24.5,341.0
Connaught Place,28.6315,77.2167,2026-09-15 05:00:00,26.4,87,0.0,4.9,52.0,52.9,26.2,48.0,24.9,378.0
Connaught Place,28.6315,77.2167,2026-09-15 06:00:00,26.3,87,0.0,4.0,56.1,56.9,27.3,57.0,28.2,489.0
Connaught Place,28.6315,77.2167,2026-09-15 07:00:00,27.3,83,0.0,3.3,55.8,56.6,28.7,71.0,32.8,634.0
Connaught Place,28.6315,77.2167,2026-09-15 08:00:00,28.9,76,0.0,5.4,46.7,47.7,27.8,92.0,35.8,704.0
Connaught Place,28.6315,77.2167,2026-09-15 09:00:00,30.4,69,0.0,7.0,41.4,42.6,22.6,126.0,36.0,626.0
Connaught Place,28.6315,77.2167,2026-09-15 10:00:00,31.7,62,0.1,8.6,37.6,38.6,15.3,166.0,34.8,472.0
Connaught Place,28.6315,77.2167,2026-09-15 11:00:00,31.4,61,0.1,6.7,38.3,39.3,9.6,197.0,32.9,356.0
Connaught Place,28.6315,77.2167,2026-09-15 12:00:00,30.2,64,1.5,13.3,39.8,41.0,7.1,213.0,30.3,319.0
Connaught Place,28.6315,77.2167,2026-09-15 13:00:00,31.6,59,0.1,5.4,40.7,41.9,6.2,219.0,27.1,320.0
Connaught Place,28.6315,77.2167,2026-09-15 14:00:00,32.5,56,0.0,5.3,41.3,42.5,6.8,219.0,24.9,342.0
Connaught Place,28.6315,77.2167,2026-09-15 15:00:00,32.6,56,0.0,3.8,41.2,42.4,8.5,212.0,24.2,372.0
Connaught Place,28.6315,77.2167,2026-09-15 16:00:00,32.5,57,0.0,2.5,40.0,41.2,11.5,199.0,24.4,424.0
Connaught Place,28.6315,77.2167,2026-09-15 17:00:00,32.0,58,0.3,2.8,54.8,57.4,16.1,173.0,25.0,521.0
Connaught Place,28.6315,77.2167,2026-09-15 18:00:00,31.3,65,0.1,2.7,60.8,62.9,18.8,156.0,26.6,723.0
Connaught Place,28.6315,77.2167,2026-09-15 19:00:00,30.2,71,0.0,3.9,64.5,66.1,22.9,132.0,28.8,970.0
Connaught Place,28.6315,77.2167,2026-09-15 20:00:00,29.5,77,0.0,4.0,61.7,63.3,27.9,108.0,30.8,1104.0
Connaught Place,28.6315,77.2167,2026-09-15 21:00:00,29.1,80,0.0,3.8,65.0,66.4,35.0,84.0,32.2,1025.0
Connaught Place,28.6315,77.2167,2026-09-15 22:00:00,29.0,81,0.0,2.9,70.8,72.2,43.1,61.0,33.4,834.0
Connaught Place,28.6315,77.2167,2026-09-15 23:00:00,29.7,78,0.0,3.4,73.6,74.7,48.4,43.0,34.1,672.0
Connaught Place,28.6315,77.2167,2026-09-16 00:00:00,29.2,80,0.0,2.9,73.3,74.5,48.3,35.0,33.9,591.0
Connaught Place,28.6315,77.2167,2026-09-16 01:00:00,29.0,80,0.0,1.9,73.1,74.3,45.6,33.0,33.3,540.0
Connaught Place,28.6315,77.2167,2026-09-16 02:00:00,28.6,82,0.0,1.8,75.7,76.8,44.5,30.0,33.3,506.0
Connaught Place,28.6315,77.2167,2026-09-16 03:00:00,28.5,82,0.0,0.7,78.0,79.2,47.9,20.0,33.9,479.0
Connaught Place,28.6315,77.2167,2026-09-16 04:00:00,28.3,82,0.0,0.3,80.6,81.7,53.0,9.0,35.1,469.0
Connaught Place,28.6315,77.2167,2026-09-16 05:00:00,28.5,85,0.0,1.2,76.4,77.3,53.3,17.0,35.4,498.0
Connaught Place,28.6315,77.2167,2026-09-16 06:00:00,28.2,86,0.0,1.5,86.8,87.8,52.3,32.0,38.8,613.0
Connaught Place,28.6315,77.2167,2026-09-16 07:00:00,28.9,82,0.0,1.9,86.8,87.5,50.4,55.0,43.3,767.0
Connaught Place,28.6315,77.2167,2026-09-16 08:00:00,30.1,76,0.0,2.5,75.2,76.1,45.5,87.0,45.5,838.0
Connaught Place,28.6315,77.2167,2026-09-16 09:00:00,31.4,69,0.0,3.1,58.7,59.8,34.5,137.0,43.4,744.0
Connaught Place,28.6315,77.2167,2026-09-16 10:00:00,32.7,62,0.0,2.9,55.3,56.8,20.5,196.0,39.0,568.0
Connaught Place,28.6315,77.2167,2026-09-16 11:00:00,33.9,52,0.0,3.1,54.8,56.6,10.1,240.0,34.7,436.0
Connaught Place,28.6315,77.2167,2026-09-16 12:00:00,34.5,51,0.1,3.6,55.8,57.7,6.3,259.0,31.2,399.0
Connaught Place,28.6315,77.2167,2026-09-16 13:00:00,35.0,49,0.0,3.4,56.3,59.0,6.2,263.0,27.9,405.0
Connaught Place,28.6315,77.2167,2026-09-16 14:00:00,35.1,47,0.0,4.1,56.8,60.1,7.4,257.0,25.1,426.0
Connaught Place,28.6315,77.2167,2026-09-16 15:00:00,34.9,47,0.0,6.0,54.9,58.9,9.3,241.0,22.9,411.0
Connaught Place,28.6315,77.2167,2026-09-16 16:00:00,34.2,48,0.0,7.1,51.8,55.5,12.6,215.0,21.3,412.0
Connaught Place,28.6315,77.2167,2026-09-16 17:00:00,33.8,50,0.0,5.8,46.3,51.9,17.8,181.0,21.7,554.0
Connaught Place,28.6315,77.2167,2026-09-16 18:00:00,32.2,58,0.0,4.1,51.2,56.3,24.1,157.0,24.5,992.0
Connaught Place,28.6315,77.2167,2026-09-16 19:00:00,31.3,63,0.0,3.8,57.6,62.6,33.1,124.0,28.5,1571.0
Connaught Place,28.6315,77.2167,2026-09-16 20:00:00,30.9,66,0.0,2.7,65.9,71.0,42.0,95.0,32.5,1958.0
Connaught Place,28.6315,77.2167,2026-09-16 21:00:00,30.4,68,0.0,2.7,75.0,80.6,50.9,74.0,36.5,2010.0
Connaught Place,28.6315,77.2167,2026-09-16 22:00:00,30.1,69,0.0,2.7,84.5,90.3,59.6,58.0,40.5,1869.0
Connaught Place,28.6315,77.2167,2026-09-16 23:00:00,30.2,72,0.0,2.5,93.8,100.1,65.3,46.0,43.0,1630.0
Connaught Place,28.6315,77.2167,2026-09-17 00:00:00,29.6,72,0.0,1.3,97.1,104.1,65.7,40.0,42.8,1243.0
Connaught Place,28.6315,77.2167,2026-09-17 01:00:00,29.3,73,0.0,1.8,98.5,105.7,63.1,38.0,41.0,759.0
Connaught Place,28.6315,77.2167,2026-09-17 02:00:00,27.4,78,0.4,5.8,99.9,107.1,60.9,36.0,39.5,420.0
Connaught Place,28.6315,77.2167,2026-09-17 03:00:00,24.8,94,1.8,8.1,102.0,109.0,61.2,28.0,38.6,352.0
Connaught Place,28.6315,77.2167,2026-09-17 04:00:00,24.9,93,0.2,7.1,103.1,109.4,62.0,19.0,37.9,429.0
Connaught Place,28.6315,77.2167,2026-09-17 05:00:00,26.0,88,0.0,15.5,40.5,43.4,16.4,104.0,20.6,523.0
Connaught Place,28.6315,77.2167,2026-09-17 06:00:00,24.6,84,0.0,7.3,40.2,42.8,18.9,103.0,21.6,616.0
Connaught Place,28.6315,77.2167,2026-09-17 07:00:00,25.8,80,0.0,6.3,39.6,42.3,22.1,102.0,23.0,724.0
Connaught Place,28.6315,77.2167,2026-09-17 08:00:00,26.8,75,0.0,7.0,38.5,42.5,23.0,111.0,24.1,771.0
Connaught Place,28.6315,77.2167,2026-09-17 09:00:00,28.3,70,0.0,3.2,38.2,43.0,19.4,138.0,24.8,697.0
Connaught Place,28.6315,77.2167,2026-09-17 10:00:00,30.3,64,0.0,5.9,37.5,42.7,13.5,175.0,25.2,561.0
Connaught Place,28.6315,77.2167,2026-09-17 11:00:00,28.9,72,0.0,13.5,38.4,44.6,9.0,207.0,25.4,460.0
Connaught Place,28.6315,77.2167,2026-09-17 12:00:00,30.5,65,0.0,4.8,40.7,47.5,7.2,230.0,25.6,432.0
Connaught Place,28.6315,77.2167,2026-09-17 13:00:00,31.6,60,0.0,5.4,43.0,50.2,6.7,248.0,25.6,438.0
Connaught Place,28.6315,77.2167,2026-09-17 14:00:00,32.5,56,0.0,2.3,44.8,52.7,7.3,253.0,25.0,460.0
Connaught Place,28.6315,77.2167,2026-09-17 15:00:00,32.4,54,0.1,0.9,45.6,54.5,8.8,239.0,23.1,501.0
Connaught Place,28.6315,77.2167,2026-09-17 16:00:00,32.6,51,0.0,3.7,44.7,54.4,11.4,213.0,20.5,558.0
Connaught Place,28.6315,77.2167,2026-09-17 17:00:00,31.9,55,0.0,5.2,43.0,56.0,22.5,131.0,18.4,603.0
Connaught Place,28.6315,77.2167,2026-09-17 18:00:00,30.6,62,0.0,3.7,48.3,60.5,26.1,118.0,19.5,627.0
Connaught Place,28.6315,77.2167,2026-09-17 19:00:00,30.4,66,0.0,3.3,52.3,64.3,30.9,101.0,21.0,639.0
Connaught Place,28.6315,77.2167,2026-09-17 20:00:00,29.7,70,0.0,3.9,51.6,63.3,33.5,88.0,21.7,636.0
Connaught Place,28.6315,77.2167,2026-09-17 21:00:00,29.3,71,0.0,4.0,50.9,64.0,32.0,85.0,20.9,610.0
Connaught Place,28.6315,77.2167,2026-09-17 22:00:00,28.9,74,0.0,2.7,47.5,57.7,28.4,87.0,19.2,570.0
Connaught Place,28.6315,77.2167,2026-09-17 23:00:00,28.3,70,0.0,8.6,41.7,52.5,25.0,88.0,17.7,541.0
Connaught Place,28.6315,77.2167,2026-09-18 00:00:00,26.9,74,0.0,8.3,37.7,48.8,22.6,86.0,16.5,536.0
Connaught Place,28.6315,77.2167,2026-09-18 01:00:00,26.3,75,0.0,7.7,35.7,48.1,20.4,84.0,15.4,542.0
Connaught Place,28.6315,77.2167,2026-09-18 02:00:00,25.7,78,0.0,4.7,35.0,47.8,19.0,81.0,14.9,545.0
Connaught Place,28.6315,77.2167,2026-09-18 03:00:00,25.4,81,0.0,4.9,34.8,46.6,18.8,76.0,15.1,530.0
Connaught Place,28.6315,77.2167,2026-09-18 04:00:00,25.1,82,0.0,5.0,35.0,45.1,19.3,71.0,15.8,513.0
Connaught Place,28.6315,77.2167,2026-09-18 05:00:00,25.5,80,0.0,7.2,33.6,44.5,15.9,86.0,15.1,522.0
Connaught Place,28.6315,77.2167,2026-09-18 06:00:00,25.1,84,0.0,5.5,34.7,46.8,16.8,92.0,16.2,598.0
Connaught Place,28.6315,77.2167,2026-09-18 07:00:00,25.9,84,0.0,5.4,36.3,48.4,18.0,101.0,17.8,701.0
Connaught Place,28.6315,77.2167,2026-09-18 08:00:00,27.3,80,0.0,6.3,33.5,48.3,17.7,114.0,18.8,741.0
Connaught Place,28.6315,77.2167,2026-09-18 09:00:00,29.0,70,0.0,8.2,32.1,46.1,14.6,136.0,18.8,654.0
Connaught Place,28.6315,77.2167,2026-09-18 10:00:00,30.4,62,0.0,8.7,31.7,45.9,10.0,163.0,18.2,503.0
Connaught Place,28.6315,77.2167,2026-09-18 11:00:00,30.1,56,0.1,17.0,30.5,41.2,6.6,183.0,17.4,393.0
Connaught Place,28.6315,77.2167,2026-09-18 12:00:00,28.6,64,0.7,2.7,29.6,39.9,5.1,191.0,16.4,359.0
Connaught Place,28.6315,77.2167,2026-09-18 13:00:00,30.6,59,0.0,8.5,29.3,40.5,4.7,193.0,15.2,365.0
Connaught Place,28.6315,77.2167,2026-09-18 14:00:00,31.1,56,0.0,5.1,32.2,49.0,5.5,189.0,14.5,407.0
Connaught Place,28.6315,77.2167,2026-09-18 15:00:00,31.4,54,0.0,5.8,30.6,46.8,7.8,180.0,14.6,470.0
Connaught Place,28.6315,77.2167,2026-09-18 16:00:00,31.0,56,0.0,5.0,32.1,50.9,11.2,167.0,15.2,568.0
Connaught Place,28.6315,77.2167,2026-09-18 17:00:00,31.4,61,0.0,4.9,24.0,45.4,15.3,147.0,17.1,739.0
Connaught Place,28.6315,77.2167,2026-09-18 18:00:00,30.3,68,0.0,1.5,31.8,51.7,27.4,121.0,20.4,1047.0
Connaught Place,28.6315,77.2167,2026-09-18 19:00:00,29.8,72,0.0,0.5,39.5,60.3,44.0,85.0,24.9,1427.0
Connaught Place,28.6315,77.2167,2026-09-18 20:00:00,29.5,73,0.0,0.4,45.6,66.8,55.3,58.0,27.8,1726.0
Connaught Place,28.6315,77.2167,2026-09-18 21:00:00,28.5,78,0.0,2.4,48.3,69.6,56.5,48.0,27.9,1888.0
Connaught Place,28.6315,77.2167,2026-09-18 22:00:00,27.8,81,0.0,3.3,48.3,70.5,52.4,47.0,26.4,1969.0
Connaught Place,28.6315,77.2167,2026-09-18 23:00:00,27.9,84,0.0,3.7,46.3,70.5,47.7,47.0,24.8,1981.0
Connaught Place,28.6315,77.2167,2026-09-19 00:00:00,27.2,85,0.0,3.8,44.1,69.6,43.1,46.0,23.1,1897.0
Connaught Place,28.6315,77.2167,2026-09-19 01:00:00,26.9,84,0.0,3.5,43.2,69.2,38.0,47.0,21.2,1744.0
Connaught Place,28.6315,77.2167,2026-09-19 02:00:00,26.5,85,0.0,1.5,43.7,70.8,35.2,46.0,20.1,1616.0
Connaught Place,28.6315,77.2167,2026-09-19 03:00:00,25.9,86,0.0,2.5,46.7,75.4,37.1,39.0,20.4,1558.0
Connaught Place,28.6315,77.2167,2026-09-19 04:00:00,25.4,88,0.0,2.5,50.3,80.3,41.2,31.0,21.6,1525.0
Connaught Place,28.6315,77.2167,2026-09-19 05:00:00,25.8,87,0.0,2.2,55.6,102.9,50.0,34.0,32.4,1470.0
Connaught Place,28.6315,77.2167,2026-09-19 06:00:00,25.5,87,0.0,3.1,64.5,112.2,45.7,51.0,34.0,1379.0
Connaught Place,28.6315,77.2167,2026-09-19 07:00:00,26.5,84,0.0,3.1,66.1,102.0,39.5,77.0,36.1,1267.0
Connaught Place,28.6315,77.2167,2026-09-19 08:00:00,28.3,76,0.0,2.5,49.0,90.3,32.7,104.0,37.0,1129.0
Connaught Place,28.6315,77.2167,2026-09-19 09:00:00,29.8,64,0.0,3.1,39.6,75.9,24.8,135.0,35.7,937.0
Connaught Place,28.6315,77.2167,2026-09-19 10:00:00,30.7,58,0.0,3.6,38.2,71.9,16.3,167.0,33.2,719.0
Connaught Place,28.6315,77.2167,2026-09-19 11:00:00,32.2,52,0.0,4.7,39.2,72.6,10.0,192.0,30.5,561.0
Connaught Place,28.6315,77.2167,2026-09-19 12:00:00,32.6,50,0.0,5.3,40.5,73.6,6.8,206.0,27.7,493.0
Connaught Place,28.6315,77.2167,2026-09-19 13:00:00,32.8,48,0.0,5.9,41.3,75.4,5.8,212.0,24.8,485.0
Connaught Place,28.6315,77.2167,2026-09-19 14:00:00,32.9,46,0.0,5.4,41.3,75.4,6.7,211.0,22.8,527.0
Connaught Place,28.6315,77.2167,2026-09-19 15:00:00,32.9,44,0.0,5.6,41.3,74.5,8.3,203.0,21.9,641.0
Connaught Place,28.6315,77.2167,2026-09-19 16:00:00,32.5,47,0.0,4.6,41.4,73.6,11.9,188.0,22.0,806.0
Connaught Place,28.6315,77.2167,2026-09-19 17:00:00,32.0,52,0.0,5.2,51.8,87.8,21.1,148.0,22.0,950.0
Connaught Place,28.6315,77.2167,2026-09-19 18:00:00,30.5,61,0.0,2.8,62.9,92.7,41.6,115.0,26.4,1027.0
Connaught Place,28.6315,77.2167,2026-09-19 19:00:00,29.8,64,0.0,2.5,75.2,102.7,70.0,68.0,32.5,1083.0
Connaught Place,28.6315,77.2167,2026-09-19 20:00:00,29.1,67,0.0,2.3,84.8,110.8,92.0,32.0,38.0,1181.0
Connaught Place,28.6315,77.2167,2026-09-19 21:00:00,28.3,72,0.0,2.8,94.8,120.6,101.4,16.0,42.4,1377.0
Connaught Place,28.6315,77.2167,2026-09-19 22:00:00,27.8,74,0.0,2.2,105.2,131.8,104.4,10.0,46.1,1614.0
Connaught Place,28.6315,77.2167,2026-09-19 23:00:00,27.7,78,0.0,2.8,115.0,143.4,105.4,6.0,48.0,1787.0
Connaught Place,28.6315,77.2167,2026-09-20 00:00:00,27.1,79,0.0,2.5,120.6,149.5,105.7,2.0,46.9,1840.0
Connaught Place,28.6315,77.2167,2026-09-20 01:00:00,26.7,81,0.0,2.4,123.4,151.8,103.9,1.0,43.9,1828.0
Connaught Place,28.6315,77.2167,2026-09-20 02:00:00,26.3,82,0.0,2.0,122.0,147.6,100.4,1.0,41.3,1816.0
Connaught Place,28.6315,77.2167,2026-09-20 03:00:00,26.0,83,0.0,1.5,118.7,142.5,94.9,0.0,39.6,1839.0
Connaught Place,28.6315,77.2167,2026-09-20 04:00:00,25.6,85,0.0,0.7,117.1,138.8,87.8,0.0,38.3,1862.0
Connaught Place,28.6315,77.2167,2026-09-20 05:00:00,26.3,88,0.0,1.5,85.0,98.3,56.7,18.0,29.3,1841.0
Connaught Place,28.6315,77.2167,2026-09-20 06:00:00,26.0,89,0.0,1.9,88.2,102.2,50.8,39.0,31.5,1767.0
Connaught Place,28.6315,77.2167,2026-09-20 07:00:00,27.1,84,0.0,1.6,89.2,101.5,42.4,68.0,34.4,1649.0
Connaught Place,28.6315,77.2167,2026-09-20 08:00:00,28.7,78,0.0,1.3,79.4,100.1,33.7,100.0,35.9,1474.0
Connaught Place,28.6315,77.2167,2026-09-20 09:00:00,30.6,66,0.0,2.7,65.4,98.7,24.4,135.0,34.9,1187.0
Connaught Place,28.6315,77.2167,2026-09-20 10:00:00,31.7,57,0.0,3.7,55.3,97.6,14.7,172.0,32.6,843.0
Connaught Place,28.6315,77.2167,2026-09-20 11:00:00,32.9,49,0.0,3.9,52.2,93.6,7.7,200.0,30.4,587.0
Connaught Place,28.6315,77.2167,2026-09-20 12:00:00,33.3,47,0.0,3.5,52.0,90.1,4.8,216.0,28.5,499.0
Connaught Place,28.6315,77.2167,2026-09-20 13:00:00,33.5,47,0.0,2.7,52.3,88.9,4.5,224.0,26.7,499.0
Connaught Place,28.6315,77.2167,2026-09-20 14:00:00,33.7,45,0.0,2.4,52.9,87.5,5.5,225.0,25.6,502.0
Connaught Place,28.6315,77.2167,2026-09-20 15:00:00,33.6,46,0.0,4.0,53.4,87.1,7.5,218.0,25.6,461.0
Connaught Place,28.6315,77.2167,2026-09-20 16:00:00,32.8,48,0.3,6.2,54.4,82.7,10.8,204.0,26.3,422.0
Connaught Place,28.6315,77.2167,2026-09-20 17:00:00,32.4,49,0.2,9.4,60.3,91.7,15.6,183.0,28.5,434.0
Connaught Place,28.6315,77.2167,2026-09-20 18:00:00,30.8,53,0.0,6.3,61.0,89.2,19.5,158.0,29.3,511.0
Connaught Place,28.6315,77.2167,2026-09-20 19:00:00,29.9,59,0.0,4.4,62.4,87.8,25.2,123.0,30.5,639.0
Connaught Place,28.6315,77.2167,2026-09-20 20:00:00,29.6,61,0.0,1.5,66.4,88.0,31.7,92.0,31.9,820.0
Connaught Place,28.6315,77.2167,2026-09-20 21:00:00,29.2,63,0.0,1.7,71.9,91.5,39.4,70.0,33.7,1102.0
Connaught Place,28.6315,77.2167,2026-09-20 22:00:00,28.9,65,0.0,0.8,78.9,97.8,47.8,52.0,35.6,1436.0
Connaught Place,28.6315,77.2167,2026-09-20 23:00:00,28.6,70,0.0,1.4,85.9,105.2,54.7,38.0,36.8,1682.0
Connaught Place,28.6315,77.2167,2026-09-21 00:00:00,27.7,72,0.0,3.2,89.4,109.9,58.8,29.0,36.7,1787.0
Connaught Place,28.6315,77.2167,2026-09-21 01:00:00,27.1,73,0.0,3.5,92.0,112.9,61.4,23.0,35.8,1803.0
Connaught Place,28.6315,77.2167,2026-09-21 02:00:00,26.7,72,0.0,2.4,94.5,115.9,63.5,19.0,35.2,1742.0
Connaught Place,28.6315,77.2167,2026-09-21 03:00:00,26.4,73,0.0,1.9,97.6,119.7,66.4,11.0,35.2,1550.0
Connaught Place,28.6315,77.2167,2026-09-21 04:00:00,26.0,74,0.0,2.7,101.0,123.4,68.9,3.0,35.5,1280.0
Connaught Place,28.6315,77.2167,2026-09-21 05:00:00,26.8,77,0.0,1.2,67.8,84.1,43.4,26.0,26.5,1105.0
Connaught Place,28.6315,77.2167,2026-09-21 06:00:00,26.4,79,0.0,1.2,72.9,89.2,43.5,44.0,27.9,1151.0
Connaught Place,28.6315,77.2167,2026-09-21 07:00:00,27.4,73,0.0,2.3,79.2,91.0,43.3,69.0,30.0,1291.0
Connaught Place,28.6315,77.2167,2026-09-21 08:00:00,28.8,68,0.0,1.5,65.4,81.7,40.1,99.0,31.7,1316.0
Connaught Place,28.6315,77.2167,2026-09-21 09:00:00,30.6,60,0.0,2.1,51.8,75.9,31.1,136.0,33.2,1090.0
Connaught Place,28.6315,77.2167,2026-09-21 10:00:00,32.0,51,0.0,2.8,49.9,78.0,19.1,178.0,34.4,749.0
Connaught Place,28.6315,77.2167,2026-09-21 11:00:00,33.0,47,0.0,4.3,51.6,83.4,10.0,210.0,34.5,497.0
Connaught Place,28.6315,77.2167,2026-09-21 12:00:00,33.3,47,0.0,4.4,52.9,86.8,6.2,227.0,32.6,425.0
Connaught Place,28.6315,77.2167,2026-09-21 13:00:00,33.5,46,0.0,4.7,53.8,88.7,5.3,233.0,29.5,441.0
Connaught Place,28.6315,77.2167,2026-09-21 14:00:00,33.6,43,0.0,5.5,54.8,91.0,6.2,232.0,27.1,470.0
Connaught Place,28.6315,77.2167,2026-09-21 15:00:00,33.1,47,0.2,5.9,55.9,94.3,8.6,222.0,26.0,470.0
Connaught Place,28.6315,77.2167,2026-09-21 16:00:00,32.7,49,0.0,5.0,57.2,95.0,12.8,203.0,25.7,483.0
Connaught Place,28.6315,77.2167,2026-09-21 17:00:00,32.5,49,0.0,7.3,60.1,90.8,19.5,184.0,27.9,563.0
Connaught Place,28.6315,77.2167,2026-09-21 18:00:00,31.0,56,0.0,4.9,66.8,93.6,27.9,156.0,29.9,771.0
Connaught Place,28.6315,77.2167,2026-09-21 19:00:00,30.2,63,0.0,4.0,71.5,99.2,39.7,116.0,32.8,1046.0
Connaught Place,28.6315,77.2167,2026-09-21 20:00:00,29.7,67,0.0,2.7,75.0,105.5,51.1,82.0,35.6,1261.0
Connaught Place,28.6315,77.2167,2026-09-21 21:00:00,29.2,69,0.0,1.3,80.8,115.0,61.3,60.0,38.3,1375.0
Connaught Place,28.6315,77.2167,2026-09-21 22:00:00,28.7,70,0.0,2.1,89.6,129.5,71.0,44.0,40.8,1428.0
Connaught Place,28.6315,77.2167,2026-09-21 23:00:00,28.9,72,0.0,1.5,95.0,141.1,78.0,31.0,42.1,1419.0
Connaught Place,28.6315,77.2167,2026-09-22 00:00:00,28.2,73,0.0,1.1,97.8,150.9,80.8,22.0,41.1,1316.0
Connaught Place,28.6315,77.2167,2026-09-22 01:00:00,27.7,75,0.0,1.9,100.4,159.3,80.9,17.0,38.8,1150.0
Connaught Place,28.6315,77.2167,2026-09-22 02:00:00,27.3,76,0.0,2.3,102.4,166.2,80.9,13.0,37.1,1008.0
Connaught Place,28.6315,77.2167,2026-09-22 03:00:00,27.0,77,0.0,2.2,103.1,172.3,83.0,5.0,36.7,907.0
Connaught Place,28.6315,77.2167,2026-09-22 04:00:00,26.6,78,0.0,1.7,103.8,178.8,84.9,0.0,36.9,829.0
Connaught Place,28.6315,77.2167,2026-09-22 05:00:00,26.9,79,0.0,0.6,107.8,163.9,83.9,2.0,37.9,815.0
Connaught Place,28.6315,77.2167,2026-09-22 06:00:00,26.6,80,0.0,0.6,102.7,161.6,72.2,31.0,36.3,933.0
Connaught Place,28.6315,77.2167,2026-09-22 07:00:00,27.8,75,0.0,1.2,95.0,146.2,55.8,74.0,34.1,1113.0
Connaught Place,28.6315,77.2167,2026-09-22 08:00:00,29.8,65,0.0,1.3,69.8,152.3,40.7,115.0,33.2,1188.0
Connaught Place,28.6315,77.2167,2026-09-22 09:00:00,31.6,53,0.0,0.7,58.0,153.2,28.4,155.0,35.2,1050.0
Connaught Place,28.6315,77.2167,2026-09-22 10:00:00,32.9,48,0.0,2.4,52.0,133.2,17.5,194.0,38.5,806.0
Connaught Place,28.6315,77.2167,2026-09-22 11:00:00,34.4,43,0.0,4.1,50.3,115.9,9.7,223.0,39.6,609.0
Connaught Place,28.6315,77.2167,2026-09-22 12:00:00,34.8,42,0.0,4.9,49.2,104.1,6.0,237.0,36.4,520.0
Connaught Place,28.6315,77.2167,2026-09-22 13:00:00,35.4,39,0.0,6.3,48.0,95.9,5.3,242.0,31.0,479.0
Connaught Place,28.6315,77.2167,2026-09-22 14:00:00,35.6,37,0.1,7.9,46.0,90.8,6.2,238.0,26.7,458.0
Connaught Place,28.6315,77.2167,2026-09-22 15:00:00,35.3,39,0.0,9.3,44.4,89.4,8.6,225.0,24.5,446.0
Connaught Place,28.6315,77.2167,2026-09-22 16:00:00,34.5,42,0.0,9.9,44.0,93.4,12.5,205.0,23.3,454.0
Connaught Place,28.6315,77.2167,2026-09-22 17:00:00,33.7,50,0.0,8.1,43.2,94.8,16.1,179.0,22.3,484.0
Connaught Place,28.6315,77.2167,2026-09-22 18:00:00,32.5,55,0.0,5.3,46.2,100.4,21.9,157.0,23.9,546.0
Connaught Place,28.6315,77.2167,2026-09-22 19:00:00,31.6,62,0.0,3.5,50.1,106.4,30.0,126.0,26.1,631.0
Connaught Place,28.6315,77.2167,2026-09-22 20:00:00,31.2,66,0.0,2.4,53.7,112.2,36.7,100.0,27.8,716.0
Connaught Place,28.6315,77.2167,2026-09-22 21:00:00,30.8,69,0.0,0.9,58.0,119.0,40.5,84.0,28.5,802.0
Connaught Place,28.6315,77.2167,2026-09-22 22:00:00,30.4,71,0.0,0.4,61.2,126.2,42.8,73.0,28.8,888.0
Connaught Place,28.6315,77.2167,2026-09-22 23:00:00,30.6,70,0.0,1.4,63.3,131.8,45.0,63.0,28.9,948.0
Connaught Place,28.6315,77.2167,2026-09-23 00:00:00,29.6,73,0.0,2.3,65.7,138.8,47.3,54.0,28.9,967.0
Connaught Place,28.6315,77.2167,2026-09-23 01:00:00,28.7,78,0.0,3.4,68.9,146.7,49.3,47.0,28.9,960.0
Connaught Place,28.6315,77.2167,2026-09-23 02:00:00,27.9,81,0.0,3.1,71.2,150.9,51.3,41.0,29.0,950.0
Connaught Place,28.6315,77.2167,2026-09-23 03:00:00,27.2,83,0.0,3.1,72.6,152.3,54.4,31.0,29.3,941.0
Connaught Place,28.6315,77.2167,2026-09-23 04:00:00,26.9,84,0.0,1.7,74.3,153.7,57.5,21.0,29.8,928.0
Connaught Place,28.6315,77.2167,2026-09-23 05:00:00,27.2,83,0.0,1.2,62.9,120.1,33.8,59.0,24.8,923.0
Connaught Place,28.6315,77.2167,2026-09-23 06:00:00,26.9,84,0.0,1.3,70.3,123.9,32.7,75.0,27.0,944.0
Connaught Place,28.6315,77.2167,2026-09-23 07:00:00,28.2,77,0.0,1.4,74.3,112.7,30.9,99.0,30.1,972.0
Connaught Place,28.6315,77.2167,2026-09-23 08:00:00,29.9,65,0.0,2.1,63.1,96.2,28.1,126.0,33.0,961.0
Connaught Place,28.6315,77.2167,2026-09-23 09:00:00,31.6,56,0.0,0.6,60.8,88.5,23.4,158.0,36.0,874.0
Connaught Place,28.6315,77.2167,2026-09-23 10:00:00,33.0,50,0.0,1.5,57.7,82.7,17.6,193.0,38.7,749.0
Connaught Place,28.6315,77.2167,2026-09-23 11:00:00,34.8,47,0.0,3.3,55.5,78.2,12.9,220.0,39.4,650.0
Connaught Place,28.6315,77.2167,2026-09-23 12:00:00,35.7,41,0.0,4.4,54.0,73.8,9.8,236.0,36.3,604.0
Connaught Place,28.6315,77.2167,2026-09-23 13:00:00,36.4,36,0.0,5.6,52.9,70.5,7.9,243.0,31.1,584.0
Connaught Place,28.6315,77.2167,2026-09-23 14:00:00,36.5,34,0.0,6.9,52.2,68.9,7.8,243.0,27.0,576.0
Connaught Place,28.6315,77.2167,2026-09-23 15:00:00,36.1,36,0.0,9.2,53.1,69.4,9.9,233.0,25.0,579.0
Connaught Place,28.6315,77.2167,2026-09-23 16:00:00,35.1,39,0.0,10.5,56.0,71.2,13.9,216.0,24.2,593.0
Connaught Place,28.6315,77.2167,2026-09-23 17:00:00,34.0,42,0.0,10.3,62.9,76.4,21.5,188.0,25.7,609.0
Connaught Place,28.6315,77.2167,2026-09-23 18:00:00,32.3,49,0.0,4.9,69.6,84.8,27.5,163.0,27.5,606.0
Connaught Place,28.6315,77.2167,2026-09-23 19:00:00,31.5,56,0.0,3.1,79.4,95.2,36.0,128.0,30.1,604.0
Connaught Place,28.6315,77.2167,2026-09-23 20:00:00,30.7,59,0.0,3.4,87.5,102.9,43.8,97.0,32.3,651.0
Connaught Place,28.6315,77.2167,2026-09-23 21:00:00,30.1,63,0.0,3.3,97.8,111.8,51.3,75.0,34.3,811.0
Connaught Place,28.6315,77.2167,2026-09-23 22:00:00,29.6,65,0.0,3.3,108.0,122.0,58.0,57.0,36.0,1020.0
Connaught Place,28.6315,77.2167,2026-09-23 23:00:00,30.0,69,0.0,3.7,109.7,126.2,59.9,47.0,36.2,1134.0
Connaught Place,28.6315,77.2167,2026-09-24 00:00:00,29.0,71,0.0,4.2,102.7,122.0,53.1,48.0,33.7,1065.0
Connaught Place,28.6315,77.2167,2026-09-24 01:00:00,28.5,73,0.0,3.6,91.3,116.9,41.4,57.0,29.7,900.0
Connaught Place,28.6315,77.2167,2026-09-24 02:00:00,27.9,74,0.0,4.2,76.1,112.7,31.9,63.0,26.6,759.0
Connaught Place,28.6315,77.2167,2026-09-24 03:00:00,27.4,75,0.0,5.2,66.4,110.4,27.5,62.0,25.3,676.0
Connaught Place,28.6315,77.2167,2026-09-24 04:00:00,26.7,78,0.0,5.4,58.3,102.4,25.2,58.0,24.9,616.0
Connaught Place,28.6315,77.2167,2026-09-24 05:00:00,26.9,83,0.0,2.9,52.4,92.2,23.9,58.0,25.3,593.0
Connaught Place,28.6315,77.2167,2026-09-24 06:00:00,26.7,83,0.0,2.6,50.3,85.2,23.8,60.0,26.8,641.0
Connaught Place,28.6315,77.2167,2026-09-24 07:00:00,27.2,82,0.0,9.5,43.4,77.8,24.6,65.0,29.0,726.0
Connaught Place,28.6315,77.2167,2026-09-24 08:00:00,28.3,80,0.0,8.4,34.6,62.6,23.9,81.0,31.0,762.0
Connaught Place,28.6315,77.2167,2026-09-24 09:00:00,29.6,73,0.0,10.2,32.1,52.3,20.1,116.0,32.5,694.0
Connaught Place,28.6315,77.2167,2026-09-24 10:00:00,30.8,67,0.0,8.0,35.9,50.6,14.8,162.0,33.7,577.0
Connaught Place,28.6315,77.2167,2026-09-24 11:00:00,32.2,57,0.0,6.1,41.0,59.0,10.7,199.0,33.9,484.0
Connaught Place,28.6315,77.2167,2026-09-24 12:00:00,33.5,48,0.0,5.5,44.2,61.7,8.3,219.0,32.3,445.0
Connaught Place,28.6315,77.2167,2026-09-24 13:00:00,34.1,43,0.0,3.8,44.7,58.7,7.1,230.0,29.7,430.0
Connaught Place,28.6315,77.2167,2026-09-24 14:00:00,34.7,40,0.0,2.8,44.4,56.3,7.6,232.0,27.7,427.0
Connaught Place,28.6315,77.2167,2026-09-24 15:00:00,34.8,38,0.0,4.8,44.0,57.0,10.6,223.0,27.0,433.0
Connaught Place,28.6315,77.2167,2026-09-24 16:00:00,34.2,40,0.0,6.6,43.9,55.9,15.3,206.0,27.0,450.0
Connaught Place,28.6315,77.2167,2026-09-24 17:00:00,33.2,44,0.0,8.8,45.3,55.3,20.1,184.0,27.4,476.0
Connaught Place,28.6315,77.2167,2026-09-24 18:00:00,32.0,50,0.1,8.9,48.9,58.1,25.1,156.0,28.6,518.0
Connaught Place,28.6315,77.2167,2026-09-24 19:00:00,31.1,56,0.0,8.6,48.7,61.2,30.1,124.0,30.1,569.0
Connaught Place,28.6315,77.2167,2026-09-24 20:00:00,30.2,61,0.0,8.2,44.6,65.7,33.0,99.0,30.9,600.0
Connaught Place,28.6315,77.2167,2026-09-24 21:00:00,29.5,65,0.0,7.2,41.6,72.9,32.4,88.0,30.1,603.0
Connaught Place,28.6315,77.2167,2026-09-24 22:00:00,28.9,68,0.0,7.5,39.3,78.2,29.6,85.0,28.5,588.0
Connaught Place,28.6315,77.2167,2026-09-24 23:00:00,28.3,70,0.0,6.6,37.0,84.3,26.8,82.0,27.1,553.0
Connaught Place,28.6315,77.2167,2026-09-25 00:00:00,27.6,74,0.0,6.8,34.6,86.6,24.2,76.0,26.4,485.0
Connaught Place,28.6315,77.2167,2026-09-25 01:00:00,27.0,77,0.0,5.8,31.1,82.0,21.6,69.0,25.9,398.0
Connaught Place,28.6315,77.2167,2026-09-25 02:00:00,26.5,80,0.0,5.0,27.5,72.6,20.2,62.0,25.5,335.0
Connaught Place,28.6315,77.2167,2026-09-25 03:00:00,25.9,84,0.0,2.8,24.4,61.0,21.3,52.0,25.0,311.0
Connaught Place,28.6315,77.2167,2026-09-25 04:00:00,25.6,85,0.0,2.3,22.6,49.5,23.7,40.0,24.7,312.0
Connaught Place,28.6315,77.2167,2026-09-25 05:00:00,25.4,86,0.0,0.8,22.0,40.6,25.2,35.0,25.1,335.0
Connaught Place,28.6315,77.2167,2026-09-25 06:00:00,25.4,86,0.0,0.4,24.9,37.7,24.9,37.0,27.1,400.0
Connaught Place,28.6315,77.2167,2026-09-25 07:00:00,26.2,81,0.0,2.2,23.9,33.6,23.7,46.0,30.0,488.0
Connaught Place,28.6315,77.2167,2026-09-25 08:00:00,27.5,74,0.0,3.6,19.8,28.2,21.6,59.0,31.5,537.0
Connaught Place,28.6315,77.2167,2026-09-25 09:00:00,29.1,64,0.0,5.7,17.7,28.9,18.0,80.0,30.6,506.0
Connaught Place,28.6315,77.2167,2026-09-25 10:00:00,30.6,56,0.0,4.8,17.4,34.3,13.6,107.0,28.5,437.0
Connaught Place,28.6315,77.2167,2026-09-25 11:00:00,32.0,50,0.0,3.8,17.8,36.9,10.2,131.0,26.6,389.0
Connaught Place,28.6315,77.2167,2026-09-25 12:00:00,33.4,44,0.0,3.2,17.5,29.9,8.1,150.0,25.1,390.0
Connaught Place,28.6315,77.2167,2026-09-25 13:00:00,33.9,41,0.0,4.2,19.0,31.2,7.1,167.0,23.7,413.0
Connaught Place,28.6315,77.2167,2026-09-25 14:00:00,34.2,39,0.0,4.0,21.2,34.7,7.7,176.0,23.2,439.0
Connaught Place,28.6315,77.2167,2026-09-25 15:00:00,34.1,38,0.0,5.0,23.1,36.1,10.7,177.0,24.1,471.0
Connaught Place,28.6315,77.2167,2026-09-25 16:00:00,33.7,40,0.0,7.3,24.9,37.1,15.4,172.0,25.9,507.0
Connaught Place,28.6315,77.2167,2026-09-25 17:00:00,32.7,44,0.0,9.2,28.2,38.1,20.6,159.0,27.6,522.0
Connaught Place,28.6315,77.2167,2026-09-25 18:00:00,31.5,50,0.0,8.8,34.5,45.9,26.8,134.0,29.1,497.0
Connaught Place,28.6315,77.2167,2026-09-25 19:00:00,31.0,53,0.0,5.8,37.0,54.0,33.4,102.0,30.5,452.0
Connaught Place,28.6315,77.2167,2026-09-25 20:00:00,30.4,56,0.0,2.9,33.8,62.6,37.7,75.0,31.5,424.0
Connaught Place,28.6315,77.2167,2026-09-25 21:00:00,30.1,57,0.0,3.3,29.6,68.5,37.7,60.0,31.8,440.0
Connaught Place,28.6315,77.2167,2026-09-25 22:00:00,28.8,64,0.0,7.9,26.4,66.1,35.4,51.0,31.6,473.0
Connaught Place,28.6315,77.2167,2026-09-25 23:00:00,27.5,70,0.0,5.9,24.3,58.9,33.4,44.0,31.1,484.0
Connaught Place,28.6315,77.2167,2026-09-26 00:00:00,26.8,76,0.0,1.1,22.6,53.2,32.4,39.0,30.0,448.0
Connaught Place,28.6315,77.2167,2026-09-26 01:00:00,26.8,75,0.0,1.1,21.2,43.1,31.7,36.0,28.5,390.0
Connaught Place,28.6315,77.2167,2026-09-26 02:00:00,26.4,75,0.0,2.2,21.0,35.9,32.2,33.0,27.6,344.0
Connaught Place,28.6315,77.2167,2026-09-26 03:00:00,25.9,77,0.0,2.6,22.4,34.7,35.0,26.0,27.6,315.0
Connaught Place,28.6315,77.2167,2026-09-26 04:00:00,25.3,79,0.0,6.7,24.4,35.0,39.0,19.0,28.1,299.0
Connaught Place,28.6315,77.2167,2026-09-26 05:00:00,24.7,84,0.0,1.1,25.7,33.9,41.2,16.0,28.8,311.0
Connaught Place,28.6315,77.2167,2026-09-26 06:00:00,24.7,83,0.0,3.3,27.9,34.5,40.5,19.0,29.7,385.0
Connaught Place,28.6315,77.2167,2026-09-26 07:00:00,25.6,79,0.0,2.8,30.6,37.7,38.0,26.0,30.7,487.0
Connaught Place,28.6315,77.2167,2026-09-26 08:00:00,27.0,72,0.0,5.6,26.3,34.9,34.7,37.0,31.1,537.0
Connaught Place,28.6315,77.2167,2026-09-26 09:00:00,29.4,62,0.0,5.9,22.9,34.7,30.2,52.0,30.7,479.0
Connaught Place,28.6315,77.2167,2026-09-26 10:00:00,31.0,56,0.0,6.4,22.0,39.8,24.8,71.0,29.8,368.0
Connaught Place,28.6315,77.2167,2026-09-26 11:00:00,32.3,49,0.0,9.8,22.3,46.0,20.2,87.0,28.4,286.0
Connaught Place,28.6315,77.2167,2026-09-26 12:00:00,30.9,53,0.0,12.0,22.8,49.8,16.8,101.0,26.4,266.0
Connaught Place,28.6315,77.2167,2026-09-26 13:00:00,28.0,62,0.1,15.4,22.4,41.7,14.1,113.0,23.9,276.0
Connaught Place,28.6315,77.2167,2026-09-26 14:00:00,26.8,64,0.5,11.1,21.0,46.9,12.9,119.0,21.6,299.0
Connaught Place,28.6315,77.2167,2026-09-26 15:00:00,25.8,74,1.1,10.5,19.4,45.8,13.6,116.0,19.3,344.0
Connaught Place,28.6315,77.2167,2026-09-26 16:00:00,25.7,71,0.2,11.9,19.2,42.8,15.6,106.0,17.2,403.0
Connaught Place,28.6315,77.2167,2026-09-26 17:00:00,25.7,70,0.0,8.9,20.4,40.6,18.0,97.0,15.8,437.0
Connaught Place,28.6315,77.2167,2026-09-26 18:00:00,25.8,69,0.0,6.9,23.5,40.2,20.9,88.0,15.3,424.0
Connaught Place,28.6315,77.2167,2026-09-26 19:00:00,25.7,69,0.0,6.1,26.5,45.1,24.0,78.0,15.6,385.0
Connaught Place,28.6315,77.2167,2026-09-26 20:00:00,25.2,73,0.0,2.5,28.5,52.5,25.7,74.0,17.3,350.0
Connaught Place,28.6315,77.2167,2026-09-26 21:00:00,25.0,73,0.0,4.4,30.7,60.8,25.0,78.0,21.7,327.0
Connaught Place,28.6315,77.2167,2026-09-26 22:00:00,24.5,76,0.0,3.1,34.3,72.4,22.8,88.0,27.5,307.0
Connaught Place,28.6315,77.2167,2026-09-26 23:00:00,24.2,77,0.0,3.4,39.5,91.7,20.2,99.0,31.0,290.0
Connaught Place,28.6315,77.2167,2026-09-27 00:00:00,24.0,78,0.0,2.2,44.4,114.6,16.9,112.0,30.1,271.0
Connaught Place,28.6315,77.2167,2026-09-27 01:00:00,23.9,77,0.0,3.6,48.8,133.6,13.1,126.0,26.9,255.0
Connaught Place,28.6315,77.2167,2026-09-27 02:00:00,23.5,77,0.0,5.8,52.4,149.5,10.5,135.0,24.7,259.0
Connaught Place,28.6315,77.2167,2026-09-27 03:00:00,22.9,80,0.0,3.4,55.4,162.5,9.5,137.0,24.8,293.0
Connaught Place,28.6315,77.2167,2026-09-27 04:00:00,22.9,83,0.0,1.3,60.3,178.3,9.6,135.0,25.8,346.0
Connaught Place,28.6315,77.2167,2026-09-27 05:00:00,22.8,83,0.0,3.4,61.5,171.8,11.0,130.0,26.5,404.0
Connaught Place,28.6315,77.2167,2026-09-27 06:00:00,23.1,84,0.0,1.4,65.0,177.4,15.3,118.0,26.6,479.0
Connaught Place,28.6315,77.2167,2026-09-27 07:00:00,24.0,78,0.0,2.3,70.1,183.5,21.0,102.0,26.4,559.0
Connaught Place,28.6315,77.2167,2026-09-27 08:00:00,25.9,71,0.0,1.2,73.3,191.9,23.5,101.0,25.9,592.0
Connaught Place,28.6315,77.2167,2026-09-27 09:00:00,28.0,63,0.0,2.6,77.3,231.9,19.6,126.0,25.0,539.0
Connaught Place,28.6315,77.2167,2026-09-27 10:00:00,29.4,59,0.0,3.2,80.1,254.3,12.5,164.0,23.8,440.0
Connaught Place,28.6315,77.2167,2026-09-27 11:00:00,30.8,56,0.0,3.5,79.4,242.1,7.1,195.0,22.9,360.0
Connaught Place,28.6315,77.2167,2026-09-27 12:00:00,31.6,53,0.0,5.5,73.1,209.1,5.2,212.0,22.4,317.0
Connaught Place,28.6315,77.2167,2026-09-27 13:00:00,32.3,50,0.1,6.7,65.9,170.4,5.1,221.0,22.1,293.0
Connaught Place,28.6315,77.2167,2026-09-27 14:00:00,32.6,48,0.0,6.7,60.3,140.6,5.9,221.0,21.9,304.0
Connaught Place,28.6315,77.2167,2026-09-27 15:00:00,32.7,48,0.0,7.3,54.8,119.2,7.8,208.0,21.6,363.0
Connaught Place,28.6315,77.2167,2026-09-27 16:00:00,32.1,51,0.0,7.9,47.0,97.6,10.7,185.0,21.3,458.0
Connaught Place,28.6315,77.2167,2026-09-27 17:00:00,30.6,57,0.0,10.5,37.1,76.1,13.6,160.0,21.2,565.0
Connaught Place,28.6315,77.2167,2026-09-27 18:00:00,27.9,68,0.0,10.2,28.8,62.4,16.5,130.0,21.4,708.0
Connaught Place,28.6315,77.2167,2026-09-27 19:00:00,27.0,73,0.0,6.8,24.0,56.9,19.5,98.0,21.8,865.0
Connaught Place,28.6315,77.2167,2026-09-27 20:00:00,26.7,76,0.1,6.3,21.7,54.8,21.6,73.0,21.6,940.0
Connaught Place,28.6315,77.2167,2026-09-27 21:00:00,26.6,79,0.1,5.4,20.8,53.2,22.3,61.0,20.5,870.0
Connaught Place,28.6315,77.2167,2026-09-27 22:00:00,26.3,79,0.0,5.4,19.8,48.2,22.1,57.0,18.9,719.0
Connaught Place,28.6315,77.2167,2026-09-27 23:00:00,26.0,82,0.0,2.6,18.5,43.4,21.8,53.0,17.6,589.0
Connaught Place,28.6315,77.2167,2026-09-28 00:00:00,25.7,84,0.0,1.9,17.2,39.0,21.3,49.0,16.8,513.0
Connaught Place,28.6315,77.2167,2026-09-28 01:00:00,25.3,87,0.0,0.9,16.8,36.2,20.7,46.0,16.3,458.0
Connaught Place,28.6315,77.2167,2026-09-28 02:00:00,24.9,89,0.0,0.4,16.5,31.5,20.8,42.0,16.3,420.0
Connaught Place,28.6315,77.2167,2026-09-28 03:00:00,24.4,92,0.0,2.0,17.4,27.9,22.5,34.0,16.9,403.0
Connaught Place,28.6315,77.2167,2026-09-28 04:00:00,23.8,94,0.0,4.2,18.9,25.4,25.0,26.0,18.0,404.0
Connaught Place,28.6315,77.2167,2026-09-28 05:00:00,23.6,95,0.0,5.7,21.1,25.3,26.7,23.0,20.1,401.0
Connaught Place,28.6315,77.2167,2026-09-28 06:00:00,23.8,92,0.0,5.6,25.3,29.2,27.2,27.0,24.0,413.5
Connaught Place,28.6315,77.2167,2026-09-28 07:00:00,24.4,88,0.0,4.8,28.3,34.2,27.0,37.0,28.8,452.3
Connaught Place,28.6315,77.2167,2026-09-28 08:00:00,25.4,82,0.0,3.6,25.0,32.9,25.8,53.0,32.5,492.0
Connaught Place,28.6315,77.2167,2026-09-28 09:00:00,27.0,75,0.0,2.2,24.3,35.6,23.0,81.0,34.5,475.0
Connaught Place,28.6315,77.2167,2026-09-28 10:00:00,29.0,67,0.0,0.8,23.6,40.5,19.2,117.0,35.5,435.0
Connaught Place,28.6315,77.2167,2026-09-28 11:00:00,30.7,60,0.0,1.7,23.3,46.0,15.7,146.0,35.1,402.0
Connaught Place,28.6315,77.2167,2026-09-28 12:00:00,32.0,54,0.0,4.1,24.5,50.4,12.6,166.0,32.6,385.0
Connaught Place,28.6315,77.2167,2026-09-28 13:00:00,33.1,48,0.0,6.8,25.5,46.3,9.7,180.0,28.8,374.0
Connaught Place,28.6315,77.2167,2026-09-28 14:00:00,33.3,46,0.0,7.9,25.2,40.9,8.6,184.0,25.5,368.0
Connaught Place,28.6315,77.2167,2026-09-28 15:00:00,32.0,49,0.2,6.1,23.7,36.8,10.4,173.0,23.5,370.0
Connaught Place,28.6315,77.2167,2026-09-28 16:00:00,29.9,57,0.2,2.8,21.4,32.6,13.9,152.0,22.0,378.0
Connaught Place,28.6315,77.2167,2026-09-28 17:00:00,28.1,65,0.2,0.8,19.6,37.1,16.5,136.0,21.1,384.0
Connaught Place,28.6315,77.2167,2026-09-28 18:00:00,27.2,71,0.0,2.7,64.32494004796163,163.75721822541968,34.71918465227818,96.20911270983214,27.67671462829736,719.0801318944845
Connaught Place,28.6315,77.2167,2026-09-28 19:00:00,26.7,76,0.0,4.8,64.32494004796163,163.75721822541968,34.71918465227818,96.20911270983214,27.67671462829736,719.0801318944845
Connaught Place,28.6315,77.2167,2026-09-28 20:00:00,26.2,81,0.0,6.1,64.32494004796163,163.75721822541968,34.71918465227818,96.20911270983214,27.67671462829736,719.0801318944845
Connaught Place,28.6315,77.2167,2026-09-28 21:00:00,25.6,84,0.0,6.2,64.32494004796163,163.75721822541968,34.71918465227818,96.20911270983214,27.67671462829736,719.0801318944845
Connaught Place,28.6315,77.2167,2026-09-28 22:00:00,25.0,87,0.0,6.2,64.32494004796163,163.75721822541968,34.71918465227818,96.20911270983214,27.67671462829736,719.0801318944845
Connaught Place,28.6315,77.2167,2026-09-28 23:00:00,24.6,89,0.0,6.3,64.32494004796163,163.75721822541968,34.71918465227818,96.20911270983214,27.67671462829736,719.0801318944845
Rohini,28.7041,77.1025,2026-08-25 00:00:00,28.3,91,0.0,3.5,89.2,98.0,77.8,19.0,47.7,2143.0
Rohini,28.7041,77.1025,2026-08-25 01:00:00,28.0,93,0.0,2.7,89.4,99.2,75.2,22.0,46.4,1713.0
Rohini,28.7041,77.1025,2026-08-25 02:00:00,27.7,94,0.0,3.2,78.9,87.1,70.4,26.0,44.3,1350.0
Rohini,28.7041,77.1025,2026-08-25 03:00:00,27.6,94,0.0,2.8,66.1,74.3,62.7,30.0,40.7,1113.0
Rohini,28.7041,77.1025,2026-08-25 04:00:00,27.5,95,0.0,1.7,46.3,52.6,52.9,36.0,36.2,943.0
Rohini,28.7041,77.1025,2026-08-25 05:00:00,26.2,98,0.0,3.6,61.5,74.5,37.1,53.0,31.3,861.0
Rohini,28.7041,77.1025,2026-08-25 06:00:00,26.5,97,0.8,2.0,64.5,76.8,39.8,54.0,34.7,927.0
Rohini,28.7041,77.1025,2026-08-25 07:00:00,26.6,97,0.2,3.6,65.2,79.9,43.3,57.0,39.5,1081.0
Rohini,28.7041,77.1025,2026-08-25 08:00:00,27.6,92,0.0,0.3,67.1,84.1,43.5,74.0,43.5,1159.0
Rohini,28.7041,77.1025,2026-08-25 09:00:00,28.9,85,0.0,3.4,62.6,84.8,37.5,115.0,46.4,1073.0
Rohini,28.7041,77.1025,2026-08-25 10:00:00,30.1,79,0.0,3.5,57.9,84.1,28.3,169.0,48.6,911.0
Rohini,28.7041,77.1025,2026-08-25 11:00:00,31.1,70,0.0,3.0,60.5,93.1,20.6,214.0,49.2,774.0
Rohini,28.7041,77.1025,2026-08-25 12:00:00,31.8,64,0.0,4.3,62.6,94.1,15.7,244.0,47.4,696.0
Rohini,28.7041,77.1025,2026-08-25 13:00:00,32.3,62,0.0,3.1,65.2,95.9,12.3,264.0,44.0,644.0
Rohini,28.7041,77.1025,2026-08-25 14:00:00,32.4,63,0.0,2.2,69.4,102.0,11.2,274.0,41.0,616.0
Rohini,28.7041,77.1025,2026-08-25 15:00:00,33.1,60,0.0,2.4,71.0,103.6,9.4,274.0,38.1,585.0
Rohini,28.7041,77.1025,2026-08-25 16:00:00,33.0,59,0.0,1.5,72.2,105.9,9.8,262.0,35.6,579.0
Rohini,28.7041,77.1025,2026-08-25 17:00:00,30.6,77,0.0,10.5,50.8,60.8,29.9,166.0,38.6,680.0
Rohini,28.7041,77.1025,2026-08-25 18:00:00,29.2,84,0.0,6.0,52.4,60.1,35.6,143.0,40.2,976.0
Rohini,28.7041,77.1025,2026-08-25 19:00:00,28.9,86,0.0,4.0,57.4,63.3,43.7,112.0,42.5,1379.0
Rohini,28.7041,77.1025,2026-08-25 20:00:00,28.8,88,0.0,5.2,67.3,71.9,51.4,84.0,45.5,1714.0
Rohini,28.7041,77.1025,2026-08-25 21:00:00,28.5,89,0.0,4.8,78.0,81.5,58.2,65.0,49.6,1951.0
Rohini,28.7041,77.1025,2026-08-25 22:00:00,28.2,91,0.0,4.9,88.0,91.3,64.6,49.0,54.4,2120.0
Rohini,28.7041,77.1025,2026-08-25 23:00:00,28.3,90,0.0,4.0,97.3,100.4,69.5,37.0,58.3,2134.0
Rohini,28.7041,77.1025,2026-08-26 00:00:00,27.9,91,0.0,3.6,103.6,106.4,72.0,29.0,60.5,1897.0
Rohini,28.7041,77.1025,2026-08-26 01:00:00,27.7,91,0.0,4.4,109.4,112.0,72.9,23.0,61.8,1505.0
Rohini,28.7041,77.1025,2026-08-26 02:00:00,27.4,92,0.0,3.6,115.3,117.8,73.8,19.0,62.9,1165.0
Rohini,28.7041,77.1025,2026-08-26 03:00:00,27.2,94,0.0,2.4,120.1,122.5,76.4,10.0,63.7,934.0
Rohini,28.7041,77.1025,2026-08-26 04:00:00,27.1,94,0.0,3.1,125.3,128.5,78.9,1.0,64.4,755.0
Rohini,28.7041,77.1025,2026-08-26 05:00:00,27.4,97,0.0,2.5,95.9,97.1,52.5,36.0,63.1,662.0
Rohini,28.7041,77.1025,2026-08-26 06:00:00,27.5,96,0.0,5.6,105.2,106.4,49.8,57.0,66.4,716.0
Rohini,28.7041,77.1025,2026-08-26 07:00:00,27.3,94,0.1,7.0,98.5,100.1,45.7,88.0,70.8,855.0
Rohini,28.7041,77.1025,2026-08-26 08:00:00,27.2,97,0.9,4.3,82.9,86.6,40.2,124.0,72.7,929.0
Rohini,28.7041,77.1025,2026-08-26 09:00:00,29.3,88,0.5,2.3,66.1,72.6,32.0,169.0,70.0,855.0
Rohini,28.7041,77.1025,2026-08-26 10:00:00,30.4,82,0.3,1.3,62.9,72.2,22.4,220.0,64.8,716.0
Rohini,28.7041,77.1025,2026-08-26 11:00:00,31.2,71,0.2,0.8,65.9,77.8,14.9,261.0,59.5,614.0
Rohini,28.7041,77.1025,2026-08-26 12:00:00,32.5,67,0.1,1.9,71.5,85.9,10.8,289.0,54.8,596.0
Rohini,28.7041,77.1025,2026-08-26 13:00:00,32.9,64,0.1,1.2,77.3,93.6,8.9,307.0,49.9,614.0
Rohini,28.7041,77.1025,2026-08-26 14:00:00,33.0,63,0.1,2.4,78.5,96.2,9.2,311.0,45.5,629.0
Rohini,28.7041,77.1025,2026-08-26 15:00:00,32.7,64,0.2,4.8,78.9,97.3,10.4,297.0,40.7,587.0
Rohini,28.7041,77.1025,2026-08-26 16:00:00,32.4,68,0.1,7.0,78.7,102.7,13.7,268.0,36.2,542.0
Rohini,28.7041,77.1025,2026-08-26 17:00:00,30.1,83,0.1,1.0,90.8,134.1,36.8,186.0,43.9,612.0
Rohini,28.7041,77.1025,2026-08-26 18:00:00,29.6,88,0.6,4.3,94.8,118.0,54.1,146.0,46.2,930.0
Rohini,28.7041,77.1025,2026-08-26 19:00:00,28.8,94,0.5,7.6,111.1,129.5,77.6,90.0,49.2,1365.0
Rohini,28.7041,77.1025,2026-08-26 20:00:00,28.4,94,0.0,8.5,119.0,135.5,92.3,49.0,50.8,1639.0
Rohini,28.7041,77.1025,2026-08-26 21:00:00,28.2,93,0.0,8.4,117.1,147.1,89.9,36.0,49.8,1596.0
Rohini,28.7041,77.1025,2026-08-26 22:00:00,28.1,93,0.0,7.9,112.5,176.0,78.7,37.0,47.4,1394.0
Rohini,28.7041,77.1025,2026-08-26 23:00:00,28.9,91,0.0,7.7,106.2,185.3,68.1,39.0,44.2,1227.0
Rohini,28.7041,77.1025,2026-08-27 00:00:00,28.4,92,0.0,8.2,98.7,176.5,61.0,37.0,39.9,1178.0
Rohini,28.7041,77.1025,2026-08-27 01:00:00,28.1,92,0.0,8.4,91.7,156.9,54.5,36.0,34.9,1165.0
Rohini,28.7041,77.1025,2026-08-27 02:00:00,27.8,92,0.0,7.5,85.0,147.1,49.5,34.0,31.1,1133.0
Rohini,28.7041,77.1025,2026-08-27 03:00:00,27.5,93,0.0,6.1,82.2,140.6,46.7,30.0,29.0,1050.0
Rohini,28.7041,77.1025,2026-08-27 04:00:00,27.3,93,0.0,5.3,81.0,122.5,45.4,25.0,28.2,948.0
Rohini,28.7041,77.1025,2026-08-27 05:00:00,28.3,91,0.0,5.9,72.4,98.7,39.4,33.0,28.2,872.0
Rohini,28.7041,77.1025,2026-08-27 06:00:00,28.2,90,0.0,5.7,77.3,96.2,39.9,39.0,31.6,860.0
Rohini,28.7041,77.1025,2026-08-27 07:00:00,29.2,87,0.0,5.9,74.7,103.8,40.4,48.0,36.4,874.0
Rohini,28.7041,77.1025,2026-08-27 08:00:00,30.6,80,0.0,6.3,69.2,94.3,39.2,67.0,40.4,847.0
Rohini,28.7041,77.1025,2026-08-27 09:00:00,32.2,73,0.0,3.8,61.9,86.1,34.9,102.0,43.2,723.0
Rohini,28.7041,77.1025,2026-08-27 10:00:00,33.1,64,0.1,4.6,60.1,85.2,28.9,147.0,45.3,559.0
Rohini,28.7041,77.1025,2026-08-27 11:00:00,34.3,52,0.2,6.0,61.2,85.9,23.7,185.0,46.0,457.0
Rohini,28.7041,77.1025,2026-08-27 12:00:00,34.4,49,0.0,6.7,60.5,84.3,19.5,213.0,44.9,484.0
Rohini,28.7041,77.1025,2026-08-27 13:00:00,33.1,62,0.0,7.1,64.0,88.2,16.0,233.0,42.5,574.0
Rohini,28.7041,77.1025,2026-08-27 14:00:00,33.1,66,0.0,4.2,65.7,97.6,15.0,244.0,39.8,632.0
Rohini,28.7041,77.1025,2026-08-27 15:00:00,33.7,61,0.0,0.9,66.4,94.3,15.7,243.0,36.2,576.0
Rohini,28.7041,77.1025,2026-08-27 16:00:00,34.2,54,0.0,3.8,63.1,87.8,18.9,232.0,32.3,489.0
Rohini,28.7041,77.1025,2026-08-27 17:00:00,30.1,77,0.0,3.8,60.8,79.6,28.3,209.0,31.1,524.0
Rohini,28.7041,77.1025,2026-08-27 18:00:00,30.3,79,0.0,4.5,70.8,84.5,50.1,166.0,34.9,770.0
Rohini,28.7041,77.1025,2026-08-27 19:00:00,29.6,81,0.0,3.8,86.6,98.7,78.1,112.0,41.5,1138.0
Rohini,28.7041,77.1025,2026-08-27 20:00:00,29.4,82,0.0,3.3,95.9,110.1,97.7,70.0,46.8,1510.0
Rohini,28.7041,77.1025,2026-08-27 21:00:00,29.1,85,0.0,5.3,97.6,111.5,101.1,52.0,49.6,1939.0
Rohini,28.7041,77.1025,2026-08-27 22:00:00,29.0,86,0.0,6.5,102.2,111.5,96.0,46.0,51.2,2374.0
Rohini,28.7041,77.1025,2026-08-27 23:00:00,29.7,84,0.0,6.1,106.4,115.3,90.7,42.0,51.8,2539.0
Rohini,28.7041,77.1025,2026-08-28 00:00:00,29.0,86,0.0,5.4,108.7,119.7,88.2,35.0,51.5,2236.0
Rohini,28.7041,77.1025,2026-08-28 01:00:00,28.6,89,0.0,4.9,112.7,126.2,85.3,29.0,50.3,1664.0
Rohini,28.7041,77.1025,2026-08-28 02:00:00,28.3,90,0.0,4.2,114.8,132.7,81.2,24.0,47.9,1147.0
Rohini,28.7041,77.1025,2026-08-28 03:00:00,28.2,88,0.0,5.6,114.6,140.2,75.5,17.0,44.0,767.0
Rohini,28.7041,77.1025,2026-08-28 04:00:00,28.5,77,0.0,9.6,112.7,149.9,68.4,11.0,39.0,442.0
Rohini,28.7041,77.1025,2026-08-28 05:00:00,28.0,93,0.0,8.5,54.6,116.6,31.1,47.0,26.1,250.0
Rohini,28.7041,77.1025,2026-08-28 06:00:00,28.2,80,0.1,11.6,51.3,109.9,29.1,52.0,23.1,284.0
Rohini,28.7041,77.1025,2026-08-28 07:00:00,28.6,81,0.0,7.1,51.9,105.9,26.1,60.0,19.0,451.0
Rohini,28.7041,77.1025,2026-08-28 08:00:00,29.8,76,0.0,5.9,53.9,136.0,22.3,73.0,15.8,548.0
Rohini,28.7041,77.1025,2026-08-28 09:00:00,31.1,68,0.0,10.5,66.1,246.8,17.0,97.0,14.5,473.0
Rohini,28.7041,77.1025,2026-08-28 10:00:00,32.1,64,0.0,10.5,79.6,330.6,11.0,126.0,14.1,328.0
Rohini,28.7041,77.1025,2026-08-28 11:00:00,33.0,59,0.0,11.6,93.1,408.9,6.6,148.0,13.9,219.0
Rohini,28.7041,77.1025,2026-08-28 12:00:00,33.7,56,0.0,11.0,104.5,489.9,4.4,157.0,13.7,184.0
Rohini,28.7041,77.1025,2026-08-28 13:00:00,34.3,52,0.0,11.2,108.5,514.1,3.8,157.0,13.7,185.0
Rohini,28.7041,77.1025,2026-08-28 14:00:00,34.4,52,0.0,11.4,119.0,609.1,5.4,153.0,13.8,209.0
Rohini,28.7041,77.1025,2026-08-28 15:00:00,34.3,52,0.0,11.7,126.2,666.8,8.9,144.0,13.7,219.0
Rohini,28.7041,77.1025,2026-08-28 16:00:00,33.9,54,0.0,10.7,130.4,687.3,14.5,130.0,13.7,251.0
Rohini,28.7041,77.1025,2026-08-28 17:00:00,33.5,59,0.0,9.7,118.5,577.4,21.5,106.0,14.3,403.0
Rohini,28.7041,77.1025,2026-08-28 18:00:00,31.9,69,0.0,4.4,124.8,517.8,39.3,82.0,20.6,823.0
Rohini,28.7041,77.1025,2026-08-28 19:00:00,30.9,73,0.0,4.3,141.6,564.4,63.9,48.0,29.5,1363.0
Rohini,28.7041,77.1025,2026-08-28 20:00:00,30.6,74,0.0,3.1,160.7,588.6,83.1,21.0,37.2,1672.0
Rohini,28.7041,77.1025,2026-08-28 21:00:00,29.8,78,0.0,4.4,170.9,573.7,92.3,9.0,43.1,1549.0
Rohini,28.7041,77.1025,2026-08-28 22:00:00,29.4,81,0.0,4.1,177.9,556.9,96.1,4.0,47.8,1196.0
Rohini,28.7041,77.1025,2026-08-28 23:00:00,29.8,78,0.0,6.1,177.4,517.8,96.2,1.0,49.3,870.0
Rohini,28.7041,77.1025,2026-08-29 00:00:00,29.1,78,0.0,5.4,165.3,458.2,92.5,0.0,46.0,646.0
Rohini,28.7041,77.1025,2026-08-29 01:00:00,28.6,78,0.0,5.8,146.7,383.7,85.2,1.0,39.4,449.0
Rohini,28.7041,77.1025,2026-08-29 02:00:00,28.2,79,0.0,7.1,124.8,303.6,75.7,4.0,32.7,307.0
Rohini,28.7041,77.1025,2026-08-29 03:00:00,27.9,80,0.0,8.7,102.7,263.6,63.3,9.0,26.1,245.0
Rohini,28.7041,77.1025,2026-08-29 04:00:00,27.8,79,0.0,10.1,85.0,266.4,48.8,16.0,19.4,238.0
Rohini,28.7041,77.1025,2026-08-29 05:00:00,28.5,76,0.0,13.8,81.5,380.9,21.7,38.0,10.0,246.0
Rohini,28.7041,77.1025,2026-08-29 06:00:00,28.1,77,0.0,12.5,85.4,424.7,20.4,45.0,10.4,265.0
Rohini,28.7041,77.1025,2026-08-29 07:00:00,28.6,75,0.0,12.5,95.2,489.9,18.4,55.0,11.1,298.0
Rohini,28.7041,77.1025,2026-08-29 08:00:00,29.6,71,0.0,12.3,103.8,542.0,15.9,70.0,11.7,312.0
Rohini,28.7041,77.1025,2026-08-29 09:00:00,30.7,67,0.0,12.5,111.5,599.8,12.5,92.0,12.3,284.0
Rohini,28.7041,77.1025,2026-08-29 10:00:00,31.8,64,0.0,12.1,118.7,642.6,8.5,119.0,12.8,237.0
Rohini,28.7041,77.1025,2026-08-29 11:00:00,33.1,60,0.0,11.1,122.9,663.1,5.7,139.0,13.4,201.0
Rohini,28.7041,77.1025,2026-08-29 12:00:00,33.9,57,0.0,10.2,122.0,648.2,4.1,150.0,13.9,187.0
Rohini,28.7041,77.1025,2026-08-29 13:00:00,34.5,54,0.0,10.3,120.1,629.6,3.5,154.0,14.5,186.0
Rohini,28.7041,77.1025,2026-08-29 14:00:00,34.6,53,0.0,10.5,118.5,612.8,5.3,152.0,14.9,195.0
Rohini,28.7041,77.1025,2026-08-29 15:00:00,34.5,52,0.0,9.9,117.1,603.5,9.5,142.0,14.8,203.0
Rohini,28.7041,77.1025,2026-08-29 16:00:00,34.2,52,0.0,9.6,114.6,577.4,16.0,124.0,14.7,221.0
Rohini,28.7041,77.1025,2026-08-29 17:00:00,33.6,58,0.0,8.0,91.0,419.1,20.0,106.0,13.4,290.0
Rohini,28.7041,77.1025,2026-08-29 18:00:00,32.4,69,0.0,2.9,95.7,352.0,36.1,82.0,18.3,472.0
Rohini,28.7041,77.1025,2026-08-29 19:00:00,31.9,70,0.0,0.2,108.7,364.1,58.3,50.0,25.0,704.0
Rohini,28.7041,77.1025,2026-08-29 20:00:00,31.3,73,0.0,1.9,120.1,372.5,75.7,24.0,30.9,832.0
Rohini,28.7041,77.1025,2026-08-29 21:00:00,30.7,76,0.0,3.2,128.1,366.9,84.2,12.0,35.5,761.0
Rohini,28.7041,77.1025,2026-08-29 22:00:00,30.5,76,0.0,3.1,136.0,357.6,87.9,6.0,39.1,585.0
Rohini,28.7041,77.1025,2026-08-29 23:00:00,30.4,79,0.0,3.1,136.9,341.8,87.6,4.0,39.9,433.0
Rohini,28.7041,77.1025,2026-08-30 00:00:00,29.7,80,0.0,4.5,130.4,320.4,83.0,4.0,36.0,350.0
Rohini,28.7041,77.1025,2026-08-30 01:00:00,29.4,78,0.0,6.6,117.6,297.1,74.3,7.0,29.2,290.0
Rohini,28.7041,77.1025,2026-08-30 02:00:00,28.9,76,0.0,7.0,98.7,295.2,63.7,12.0,22.9,249.0
Rohini,28.7041,77.1025,2026-08-30 03:00:00,28.4,75,0.0,7.7,82.7,303.6,49.7,19.0,17.9,229.0
Rohini,28.7041,77.1025,2026-08-30 04:00:00,27.9,75,0.0,7.9,72.2,299.0,33.7,28.0,13.4,227.0
Rohini,28.7041,77.1025,2026-08-30 05:00:00,28.4,73,0.0,11.3,80.8,421.0,16.7,46.0,8.7,230.0
Rohini,28.7041,77.1025,2026-08-30 06:00:00,28.0,74,0.0,10.4,84.3,440.5,15.5,53.0,9.6,236.0
Rohini,28.7041,77.1025,2026-08-30 07:00:00,28.7,73,0.0,9.5,95.2,476.8,13.7,63.0,10.8,247.0
Rohini,28.7041,77.1025,2026-08-30 08:00:00,29.8,70,0.0,11.3,101.5,530.9,11.7,76.0,11.8,248.0
Rohini,28.7041,77.1025,2026-08-30 09:00:00,31.1,66,0.0,11.1,108.0,571.8,9.2,94.0,12.3,229.0
Rohini,28.7041,77.1025,2026-08-30 10:00:00,32.3,63,0.0,10.2,114.6,603.5,6.5,115.0,12.6,201.0
Rohini,28.7041,77.1025,2026-08-30 11:00:00,32.9,59,0.0,9.9,119.0,625.8,4.5,131.0,12.9,179.0
Rohini,28.7041,77.1025,2026-08-30 12:00:00,33.4,56,0.1,9.0,100.8,478.7,3.5,140.0,13.1,169.0
Rohini,28.7041,77.1025,2026-08-30 13:00:00,33.8,54,0.0,7.1,93.1,422.8,3.3,145.0,13.3,165.0
Rohini,28.7041,77.1025,2026-08-30 14:00:00,33.5,55,0.0,5.6,88.7,393.9,4.2,144.0,13.5,170.0
Rohini,28.7041,77.1025,2026-08-30 15:00:00,34.0,52,0.0,6.1,85.0,373.5,5.3,138.0,13.2,174.0
Rohini,28.7041,77.1025,2026-08-30 16:00:00,33.9,53,0.0,6.0,82.7,347.4,7.6,127.0,12.8,186.0
Rohini,28.7041,77.1025,2026-08-30 17:00:00,33.2,59,0.1,7.1,75.4,276.6,15.0,118.0,16.2,233.0
Rohini,28.7041,77.1025,2026-08-30 18:00:00,32.2,67,0.0,3.9,84.3,228.2,34.9,91.0,23.0,357.0
Rohini,28.7041,77.1025,2026-08-30 19:00:00,31.6,67,0.0,4.3,97.8,241.2,62.2,54.0,32.4,516.0
Rohini,28.7041,77.1025,2026-08-30 20:00:00,31.3,67,0.0,4.9,109.9,241.2,81.4,26.0,39.2,607.0
Rohini,28.7041,77.1025,2026-08-30 21:00:00,30.7,71,0.0,4.8,113.2,225.4,85.2,15.0,41.3,569.0
Rohini,28.7041,77.1025,2026-08-30 22:00:00,30.3,73,0.0,5.3,109.9,201.2,80.9,13.0,40.9,463.0
Rohini,28.7041,77.1025,2026-08-30 23:00:00,30.1,76,0.0,6.0,101.7,175.1,75.3,12.0,39.2,369.0
Rohini,28.7041,77.1025,2026-08-31 00:00:00,29.5,76,0.0,7.8,94.5,165.8,70.4,11.0,36.2,313.0
Rohini,28.7041,77.1025,2026-08-31 01:00:00,29.2,73,0.0,8.0,89.9,170.4,64.2,13.0,31.9,270.0
Rohini,28.7041,77.1025,2026-08-31 02:00:00,28.7,70,0.0,8.1,89.9,207.7,57.1,15.0,27.7,236.0
Rohini,28.7041,77.1025,2026-08-31 03:00:00,28.3,70,0.0,9.5,90.3,266.4,48.4,18.0,23.8,211.0
Rohini,28.7041,77.1025,2026-08-31 04:00:00,27.8,71,0.0,8.7,88.2,323.2,38.9,22.0,20.1,197.0
Rohini,28.7041,77.1025,2026-08-31 05:00:00,28.1,71,0.0,13.2,102.2,540.2,14.4,46.0,9.5,195.0
Rohini,28.7041,77.1025,2026-08-31 06:00:00,27.6,72,0.0,11.4,104.5,534.6,14.9,48.0,10.4,217.0
Rohini,28.7041,77.1025,2026-08-31 07:00:00,28.2,71,0.0,10.7,108.0,534.6,15.5,52.0,11.7,252.0
Rohini,28.7041,77.1025,2026-08-31 08:00:00,29.2,68,0.0,11.7,108.0,556.9,15.0,62.0,12.9,271.0
Rohini,28.7041,77.1025,2026-08-31 09:00:00,30.3,64,0.0,11.5,111.8,594.2,12.6,84.0,13.8,255.0
Rohini,28.7041,77.1025,2026-08-31 10:00:00,31.6,61,0.0,10.6,120.1,631.4,9.1,112.0,14.6,222.0
Rohini,28.7041,77.1025,2026-08-31 11:00:00,32.5,57,0.0,12.2,128.5,665.0,6.5,134.0,15.1,197.0
Rohini,28.7041,77.1025,2026-08-31 12:00:00,32.8,56,0.2,10.1,127.1,640.7,5.2,146.0,15.3,189.0
Rohini,28.7041,77.1025,2026-08-31 13:00:00,33.6,53,0.2,8.8,116.9,571.8,4.8,152.0,15.3,190.0
Rohini,28.7041,77.1025,2026-08-31 14:00:00,33.7,52,0.2,9.1,107.1,512.2,5.6,153.0,15.2,196.0
Rohini,28.7041,77.1025,2026-08-31 15:00:00,33.6,52,0.2,9.9,103.4,488.0,6.1,148.0,14.6,185.0
Rohini,28.7041,77.1025,2026-08-31 16:00:00,33.0,54,0.0,11.0,98.5,444.2,7.9,138.0,14.0,181.0
Rohini,28.7041,77.1025,2026-08-31 17:00:00,32.7,58,0.0,8.5,84.3,372.5,12.9,109.0,12.5,248.0
Rohini,28.7041,77.1025,2026-08-31 18:00:00,31.4,68,0.0,4.1,86.6,332.5,29.2,84.0,16.5,432.0
Rohini,28.7041,77.1025,2026-08-31 19:00:00,31.0,73,0.0,1.8,95.7,315.7,51.9,49.0,22.3,687.0
Rohini,28.7041,77.1025,2026-08-31 20:00:00,30.8,74,0.0,0.6,107.1,327.8,70.3,22.0,28.4,946.0
Rohini,28.7041,77.1025,2026-08-31 21:00:00,30.2,76,0.0,2.1,119.7,348.3,80.7,9.0,35.2,1261.0
Rohini,28.7041,77.1025,2026-08-31 22:00:00,29.8,79,0.0,2.7,135.0,369.7,86.9,3.0,42.4,1581.0
Rohini,28.7041,77.1025,2026-08-31 23:00:00,30.1,80,0.0,1.4,146.2,381.8,89.4,0.0,47.0,1678.0
Rohini,28.7041,77.1025,2026-09-01 00:00:00,29.4,79,0.0,6.1,147.1,366.9,86.9,0.0,47.4,1363.0
Rohini,28.7041,77.1025,2026-09-01 01:00:00,28.8,76,0.0,6.7,142.0,341.8,80.7,1.0,45.3,825.0
Rohini,28.7041,77.1025,2026-09-01 02:00:00,28.2,75,0.0,5.4,136.4,320.4,74.9,3.0,42.8,413.0
Rohini,28.7041,77.1025,2026-09-01 03:00:00,27.8,75,0.0,5.1,129.9,297.1,71.8,2.0,40.7,275.0
Rohini,28.7041,77.1025,2026-09-01 04:00:00,27.5,76,0.0,5.3,122.5,285.9,69.2,1.0,38.2,263.0
Rohini,28.7041,77.1025,2026-09-01 05:00:00,28.0,73,0.0,9.8,78.0,385.6,15.0,44.0,9.0,273.0
Rohini,28.7041,77.1025,2026-09-01 06:00:00,27.6,74,0.0,9.2,80.8,373.5,15.5,47.0,10.2,286.0
Rohini,28.7041,77.1025,2026-09-01 07:00:00,28.4,73,0.0,7.1,84.3,357.6,16.0,53.0,11.9,322.0
Rohini,28.7041,77.1025,2026-09-01 08:00:00,29.7,68,0.0,10.3,81.0,393.9,15.5,64.0,13.2,336.0
Rohini,28.7041,77.1025,2026-09-01 09:00:00,30.9,65,0.0,9.7,76.8,375.3,12.8,85.0,13.9,302.0
Rohini,28.7041,77.1025,2026-09-01 10:00:00,32.1,61,0.0,8.4,75.4,363.2,9.1,112.0,14.2,247.0
Rohini,28.7041,77.1025,2026-09-01 11:00:00,32.8,55,0.1,7.4,67.1,300.8,6.3,134.0,14.5,209.0
Rohini,28.7041,77.1025,2026-09-01 12:00:00,32.9,55,0.2,5.4,60.3,247.7,5.1,148.0,14.8,200.0
Rohini,28.7041,77.1025,2026-09-01 13:00:00,33.1,57,0.6,5.6,58.1,231.9,4.8,157.0,15.0,207.0
Rohini,28.7041,77.1025,2026-09-01 14:00:00,33.7,54,0.2,5.2,58.7,228.6,5.8,161.0,15.5,233.0
Rohini,28.7041,77.1025,2026-09-01 15:00:00,31.8,62,0.6,7.6,61.2,242.1,8.3,159.0,16.0,276.0
Rohini,28.7041,77.1025,2026-09-01 16:00:00,30.7,71,1.1,4.4,61.2,231.9,12.2,151.0,16.9,338.0
Rohini,28.7041,77.1025,2026-09-01 17:00:00,31.8,62,0.1,5.9,57.6,177.4,18.3,152.0,23.0,425.0
Rohini,28.7041,77.1025,2026-09-01 18:00:00,31.5,63,0.1,3.3,61.9,150.9,24.1,135.0,26.4,560.0
Rohini,28.7041,77.1025,2026-09-01 19:00:00,30.5,69,0.1,4.2,61.0,116.6,32.0,111.0,31.0,721.0
Rohini,28.7041,77.1025,2026-09-01 20:00:00,29.7,75,0.0,5.8,58.2,99.4,38.1,90.0,34.6,849.0
Rohini,28.7041,77.1025,2026-09-01 21:00:00,29.4,78,0.1,4.6,56.9,88.9,40.5,76.0,36.4,926.0
Rohini,28.7041,77.1025,2026-09-01 22:00:00,29.1,81,0.0,5.1,55.2,80.3,41.0,64.0,37.2,970.0
Rohini,28.7041,77.1025,2026-09-01 23:00:00,28.7,79,0.0,4.2,52.5,72.4,40.6,55.0,36.8,981.0
Rohini,28.7041,77.1025,2026-09-02 00:00:00,28.3,81,0.0,2.9,48.8,65.7,38.9,47.0,34.4,949.0
Rohini,28.7041,77.1025,2026-09-02 01:00:00,27.9,83,0.0,4.7,46.9,60.1,36.2,42.0,30.8,884.0
Rohini,28.7041,77.1025,2026-09-02 02:00:00,27.3,84,0.0,5.0,45.3,55.3,34.8,36.0,28.1,819.0
Rohini,28.7041,77.1025,2026-09-02 03:00:00,26.8,86,0.0,2.3,44.1,51.9,36.2,27.0,26.6,752.0
Rohini,28.7041,77.1025,2026-09-02 04:00:00,26.6,88,0.0,1.6,44.2,50.5,38.8,18.0,25.9,685.0
Rohini,28.7041,77.1025,2026-09-02 05:00:00,25.1,96,0.0,3.4,47.0,63.8,35.3,39.0,35.1,658.0
Rohini,28.7041,77.1025,2026-09-02 06:00:00,25.4,94,0.1,1.4,50.9,65.9,34.9,47.0,37.1,721.0
Rohini,28.7041,77.1025,2026-09-02 07:00:00,26.5,85,0.0,3.1,46.4,72.6,34.1,59.0,39.7,823.0
Rohini,28.7041,77.1025,2026-09-02 08:00:00,28.4,76,0.0,3.8,43.4,81.0,31.5,79.0,40.5,857.0
Rohini,28.7041,77.1025,2026-09-02 09:00:00,30.4,68,0.0,2.4,45.8,99.4,25.3,117.0,38.3,752.0
Rohini,28.7041,77.1025,2026-09-02 10:00:00,32.0,61,0.0,3.1,49.0,112.5,17.2,163.0,34.5,578.0
Rohini,28.7041,77.1025,2026-09-02 11:00:00,32.4,60,0.1,10.2,49.9,117.1,11.0,195.0,30.3,438.0
Rohini,28.7041,77.1025,2026-09-02 12:00:00,26.6,88,6.4,10.1,48.4,114.6,7.8,201.0,25.7,371.0
Rohini,28.7041,77.1025,2026-09-02 13:00:00,27.2,90,5.3,3.3,46.6,116.6,6.5,192.0,20.9,339.0
Rohini,28.7041,77.1025,2026-09-02 14:00:00,28.1,88,0.9,1.9,57.9,147.1,7.6,177.0,17.7,330.0
Rohini,28.7041,77.1025,2026-09-02 15:00:00,29.6,80,0.2,6.7,39.3,91.5,12.0,158.0,17.1,346.0
Rohini,28.7041,77.1025,2026-09-02 16:00:00,29.6,78,0.1,4.8,35.2,72.4,18.8,133.0,18.3,385.0
Rohini,28.7041,77.1025,2026-09-02 17:00:00,30.8,65,0.0,10.5,35.4,72.9,17.1,111.0,17.9,428.0
Rohini,28.7041,77.1025,2026-09-02 18:00:00,29.3,72,0.0,10.4,37.8,60.5,31.0,86.0,21.4,474.0
Rohini,28.7041,77.1025,2026-09-02 19:00:00,29.0,72,0.0,7.1,49.2,66.6,49.9,52.0,26.2,525.0
Rohini,28.7041,77.1025,2026-09-02 20:00:00,28.7,73,0.0,7.6,51.8,63.3,62.0,28.0,29.5,568.0
Rohini,28.7041,77.1025,2026-09-02 21:00:00,28.2,77,0.0,7.5,48.4,56.1,61.2,23.0,29.8,599.0
Rohini,28.7041,77.1025,2026-09-02 22:00:00,27.9,80,0.0,5.8,43.7,48.4,53.7,28.0,28.4,623.0
Rohini,28.7041,77.1025,2026-09-02 23:00:00,28.1,80,0.0,6.1,40.2,43.0,46.0,34.0,27.0,639.0
Rohini,28.7041,77.1025,2026-09-03 00:00:00,27.7,84,0.0,5.4,35.6,37.4,39.7,40.0,25.8,645.0
Rohini,28.7041,77.1025,2026-09-03 01:00:00,27.4,84,0.0,7.6,31.8,32.9,33.3,47.0,24.5,644.0
Rohini,28.7041,77.1025,2026-09-03 02:00:00,27.0,85,0.0,6.3,29.2,29.9,28.5,52.0,23.4,640.0
Rohini,28.7041,77.1025,2026-09-03 03:00:00,26.7,86,0.0,5.1,28.5,28.9,26.3,52.0,22.6,636.0
Rohini,28.7041,77.1025,2026-09-03 04:00:00,26.5,88,0.0,2.9,28.1,28.3,25.6,50.0,22.1,630.0
Rohini,28.7041,77.1025,2026-09-03 05:00:00,26.4,97,0.0,4.0,12.0,12.0,19.1,64.0,17.3,623.0
Rohini,28.7041,77.1025,2026-09-03 06:00:00,26.4,97,0.4,4.6,12.4,12.5,20.6,65.0,19.0,622.0
Rohini,28.7041,77.1025,2026-09-03 07:00:00,27.0,92,0.1,5.7,12.8,12.9,22.6,67.0,21.3,621.0
Rohini,28.7041,77.1025,2026-09-03 08:00:00,28.4,83,0.1,6.3,13.1,13.2,23.1,74.0,23.4,598.0
Rohini,28.7041,77.1025,2026-09-03 09:00:00,29.9,76,0.1,6.7,15.1,15.3,20.9,89.0,25.0,536.0
Rohini,28.7041,77.1025,2026-09-03 10:00:00,31.2,71,0.1,6.6,16.9,23.9,17.3,107.0,26.4,453.0
Rohini,28.7041,77.1025,2026-09-03 11:00:00,32.6,61,0.1,7.1,17.6,28.5,14.4,122.0,26.9,385.0
Rohini,28.7041,77.1025,2026-09-03 12:00:00,31.6,64,0.3,7.3,17.2,22.9,12.7,128.0,25.7,340.0
Rohini,28.7041,77.1025,2026-09-03 13:00:00,32.2,63,0.4,7.9,18.1,21.7,11.7,131.0,23.7,310.0
Rohini,28.7041,77.1025,2026-09-03 14:00:00,32.1,63,0.5,7.2,19.0,21.5,12.0,132.0,22.8,313.0
Rohini,28.7041,77.1025,2026-09-03 15:00:00,32.3,62,0.2,4.9,21.0,26.1,11.6,138.0,23.5,367.0
Rohini,28.7041,77.1025,2026-09-03 16:00:00,32.4,60,0.0,3.4,22.5,25.7,12.4,142.0,25.4,454.0
Rohini,28.7041,77.1025,2026-09-03 17:00:00,30.9,68,0.0,8.3,25.3,25.5,33.5,85.0,30.2,535.0
Rohini,28.7041,77.1025,2026-09-03 18:00:00,29.7,74,0.0,8.7,30.3,30.5,47.0,66.0,35.2,596.0
Rohini,28.7041,77.1025,2026-09-03 19:00:00,28.8,80,0.0,5.4,41.4,41.7,65.5,39.0,42.1,652.0
Rohini,28.7041,77.1025,2026-09-03 20:00:00,28.5,81,0.0,5.5,52.0,52.3,79.0,19.0,46.7,710.0
Rohini,28.7041,77.1025,2026-09-03 21:00:00,28.4,81,0.0,4.6,66.4,66.6,83.1,11.0,47.2,784.0
Rohini,28.7041,77.1025,2026-09-03 22:00:00,28.3,82,0.0,3.7,67.8,68.0,82.3,9.0,45.4,860.0
Rohini,28.7041,77.1025,2026-09-03 23:00:00,29.0,81,0.0,4.4,64.3,64.7,79.2,9.0,43.1,908.0
Rohini,28.7041,77.1025,2026-09-04 00:00:00,28.5,84,1.1,1.5,61.7,61.9,74.1,11.0,40.5,908.0
Rohini,28.7041,77.1025,2026-09-04 01:00:00,28.3,85,0.1,0.4,59.3,59.6,66.8,15.0,37.4,879.0
Rohini,28.7041,77.1025,2026-09-04 02:00:00,28.0,87,0.0,2.1,58.2,58.7,59.9,19.0,34.8,852.0
Rohini,28.7041,77.1025,2026-09-04 03:00:00,27.6,89,0.0,3.9,56.9,57.3,54.3,19.0,32.8,845.0
Rohini,28.7041,77.1025,2026-09-04 04:00:00,27.2,90,0.0,5.3,54.7,55.2,49.1,19.0,31.2,838.0
Rohini,28.7041,77.1025,2026-09-04 05:00:00,27.7,97,0.0,3.6,51.8,52.2,48.8,23.0,31.6,807.0
Rohini,28.7041,77.1025,2026-09-04 06:00:00,26.6,97,0.4,10.8,48.0,48.3,47.7,24.0,31.1,730.0
Rohini,28.7041,77.1025,2026-09-04 07:00:00,26.4,94,0.3,8.6,44.9,45.4,45.9,28.0,30.4,627.0
Rohini,28.7041,77.1025,2026-09-04 08:00:00,27.7,86,0.2,8.5,46.9,47.4,42.6,39.0,30.0,536.0
Rohini,28.7041,77.1025,2026-09-04 09:00:00,29.8,75,0.0,8.1,41.3,41.7,36.4,67.0,30.2,464.0
Rohini,28.7041,77.1025,2026-09-04 10:00:00,31.1,68,0.0,8.3,38.4,38.8,28.8,102.0,30.7,403.0
Rohini,28.7041,77.1025,2026-09-04 11:00:00,31.9,66,0.0,6.9,33.4,33.8,23.1,129.0,31.0,363.0
Rohini,28.7041,77.1025,2026-09-04 12:00:00,32.0,65,0.1,8.5,31.9,32.4,20.7,139.0,30.7,348.0
Rohini,28.7041,77.1025,2026-09-04 13:00:00,31.4,67,0.4,6.5,31.1,31.5,20.3,139.0,30.3,353.0
Rohini,28.7041,77.1025,2026-09-04 14:00:00,30.0,70,0.7,9.0,30.9,31.2,21.2,136.0,30.0,373.0
Rohini,28.7041,77.1025,2026-09-04 15:00:00,29.2,78,0.2,7.9,30.9,31.3,22.6,133.0,30.0,408.0
Rohini,28.7041,77.1025,2026-09-04 16:00:00,28.9,80,0.0,8.0,31.0,31.4,25.3,126.0,30.2,458.0
Rohini,28.7041,77.1025,2026-09-04 17:00:00,29.5,73,0.0,6.5,48.9,67.1,28.4,99.0,25.8,515.0
Rohini,28.7041,77.1025,2026-09-04 18:00:00,28.9,78,0.0,5.0,51.9,57.9,35.7,82.0,25.6,592.0
Rohini,28.7041,77.1025,2026-09-04 19:00:00,28.5,81,0.0,6.5,54.6,55.8,45.5,59.0,25.4,675.0
Rohini,28.7041,77.1025,2026-09-04 20:00:00,28.1,83,0.0,7.1,52.2,52.3,50.9,43.0,24.6,720.0
Rohini,28.7041,77.1025,2026-09-04 21:00:00,27.5,88,0.5,6.4,45.9,46.1,48.0,41.0,23.1,698.0
Rohini,28.7041,77.1025,2026-09-04 22:00:00,27.0,92,0.7,7.0,39.2,39.5,40.6,46.0,21.1,638.0
Rohini,28.7041,77.1025,2026-09-04 23:00:00,27.6,86,1.9,6.7,34.6,34.7,33.5,51.0,19.1,578.0
Rohini,28.7041,77.1025,2026-09-05 00:00:00,27.1,89,0.0,6.5,27.9,28.1,27.9,55.0,16.9,526.0
Rohini,28.7041,77.1025,2026-09-05 01:00:00,26.7,92,0.6,7.0,23.1,23.2,22.6,59.0,14.7,473.0
Rohini,28.7041,77.1025,2026-09-05 02:00:00,26.3,95,1.2,7.3,18.2,18.3,18.8,62.0,13.1,433.0
Rohini,28.7041,77.1025,2026-09-05 03:00:00,26.2,96,0.8,6.8,15.0,15.1,16.9,62.0,12.2,405.0
Rohini,28.7041,77.1025,2026-09-05 04:00:00,26.2,94,1.0,6.3,13.7,13.8,16.4,59.0,11.9,389.0
Rohini,28.7041,77.1025,2026-09-05 05:00:00,26.1,96,1.3,12.3,18.0,18.2,19.7,50.0,13.6,404.0
Rohini,28.7041,77.1025,2026-09-05 06:00:00,25.7,96,2.6,8.4,20.4,20.5,24.3,44.0,15.3,479.0
Rohini,28.7041,77.1025,2026-09-05 07:00:00,25.7,96,0.6,5.8,24.9,25.0,30.4,38.0,17.8,584.0
Rohini,28.7041,77.1025,2026-09-05 08:00:00,26.0,94,0.6,5.1,25.7,25.8,33.7,38.0,20.1,644.0
Rohini,28.7041,77.1025,2026-09-05 09:00:00,26.8,89,0.9,2.4,24.2,24.4,31.8,51.0,22.3,614.0
Rohini,28.7041,77.1025,2026-09-05 10:00:00,27.7,88,0.5,5.3,22.8,22.9,27.1,72.0,24.3,539.0
Rohini,28.7041,77.1025,2026-09-05 11:00:00,27.9,86,0.4,6.2,22.4,22.6,22.8,91.0,25.5,486.0
Rohini,28.7041,77.1025,2026-09-05 12:00:00,26.8,88,3.0,11.9,23.7,24.0,19.6,109.0,25.2,484.0
Rohini,28.7041,77.1025,2026-09-05 13:00:00,26.6,93,2.7,6.7,24.2,24.5,16.8,126.0,24.0,505.0
Rohini,28.7041,77.1025,2026-09-05 14:00:00,26.5,95,1.4,6.8,24.7,25.3,15.8,136.0,22.8,525.0
Rohini,28.7041,77.1025,2026-09-05 15:00:00,27.2,92,0.4,6.1,26.1,26.7,15.8,135.0,21.3,499.0
Rohini,28.7041,77.1025,2026-09-05 16:00:00,27.1,92,0.3,5.0,28.2,28.8,17.7,127.0,19.7,472.0
Rohini,28.7041,77.1025,2026-09-05 17:00:00,27.9,85,0.4,6.5,38.3,39.6,28.1,74.0,20.2,563.0
Rohini,28.7041,77.1025,2026-09-05 18:00:00,27.5,87,0.0,4.1,44.0,44.8,34.9,62.0,21.1,893.0
Rohini,28.7041,77.1025,2026-09-05 19:00:00,27.3,88,0.0,4.7,48.2,48.9,44.1,45.0,22.3,1341.0
Rohini,28.7041,77.1025,2026-09-05 20:00:00,27.1,88,0.0,5.2,49.5,50.1,49.8,33.0,22.8,1660.0
Rohini,28.7041,77.1025,2026-09-05 21:00:00,26.9,88,0.0,4.2,48.3,48.9,48.9,31.0,22.1,1741.0
Rohini,28.7041,77.1025,2026-09-05 22:00:00,26.7,89,0.0,3.7,47.0,47.5,44.4,34.0,20.6,1694.0
Rohini,28.7041,77.1025,2026-09-05 23:00:00,26.9,88,0.0,3.8,47.1,47.6,40.2,37.0,19.3,1596.0
Rohini,28.7041,77.1025,2026-09-06 00:00:00,26.2,93,0.7,3.9,46.4,46.9,37.2,38.0,18.2,1448.0
Rohini,28.7041,77.1025,2026-09-06 01:00:00,26.0,95,0.7,4.4,44.9,45.3,34.3,38.0,17.1,1250.0
Rohini,28.7041,77.1025,2026-09-06 02:00:00,25.8,96,0.4,4.8,45.8,46.1,32.2,38.0,16.4,1083.0
Rohini,28.7041,77.1025,2026-09-06 03:00:00,25.5,96,0.1,6.0,47.0,47.5,31.4,35.0,16.0,989.0
Rohini,28.7041,77.1025,2026-09-06 04:00:00,25.4,96,0.0,6.6,46.3,46.7,31.3,32.0,16.0,926.0
Rohini,28.7041,77.1025,2026-09-06 05:00:00,24.9,98,0.0,6.1,45.5,45.9,31.4,35.0,20.8,851.0
Rohini,28.7041,77.1025,2026-09-06 06:00:00,24.2,100,2.8,1.7,50.1,50.3,28.8,46.0,22.4,736.0
Rohini,28.7041,77.1025,2026-09-06 07:00:00,24.3,97,6.3,5.1,43.8,44.1,25.2,63.0,24.5,608.0
Rohini,28.7041,77.1025,2026-09-06 08:00:00,24.8,94,2.2,7.9,34.6,34.9,21.3,81.0,25.8,507.0
Rohini,28.7041,77.1025,2026-09-06 09:00:00,25.2,92,0.8,8.4,30.2,30.5,17.1,102.0,25.7,451.0
Rohini,28.7041,77.1025,2026-09-06 10:00:00,26.2,90,0.9,8.6,26.9,27.1,12.7,125.0,24.8,421.0
Rohini,28.7041,77.1025,2026-09-06 11:00:00,28.5,80,0.6,13.0,25.1,25.3,9.5,143.0,23.9,397.0
Rohini,28.7041,77.1025,2026-09-06 12:00:00,27.6,79,0.3,15.6,23.1,23.3,7.8,153.0,23.0,367.0
Rohini,28.7041,77.1025,2026-09-06 13:00:00,25.8,89,1.1,13.2,23.3,23.5,7.3,157.0,22.0,343.0
Rohini,28.7041,77.1025,2026-09-06 14:00:00,26.3,84,0.5,11.8,23.5,23.6,7.9,157.0,21.5,343.0
Rohini,28.7041,77.1025,2026-09-06 15:00:00,26.8,80,0.0,8.7,22.7,23.1,7.8,154.0,21.1,349.0
Rohini,28.7041,77.1025,2026-09-06 16:00:00,26.6,80,0.0,5.2,22.4,22.8,8.9,146.0,21.2,380.0
Rohini,28.7041,77.1025,2026-09-06 17:00:00,28.3,77,0.0,6.5,23.6,23.7,16.5,93.0,17.0,509.0
Rohini,28.7041,77.1025,2026-09-06 18:00:00,27.6,83,0.0,2.5,29.4,29.9,29.7,73.0,22.7,835.0
Rohini,28.7041,77.1025,2026-09-06 19:00:00,26.9,86,0.0,1.3,40.3,40.5,48.0,45.0,30.7,1258.0
Rohini,28.7041,77.1025,2026-09-06 20:00:00,26.5,89,0.0,1.8,50.4,50.5,62.8,24.0,38.2,1555.0
Rohini,28.7041,77.1025,2026-09-06 21:00:00,26.1,91,0.0,2.8,53.6,53.6,70.1,15.0,44.2,1624.0
Rohini,28.7041,77.1025,2026-09-06 22:00:00,26.0,91,0.0,1.6,59.8,59.8,73.9,13.0,49.6,1565.0
Rohini,28.7041,77.1025,2026-09-06 23:00:00,26.2,93,0.0,2.8,69.4,69.4,76.8,11.0,54.0,1457.0
Rohini,28.7041,77.1025,2026-09-07 00:00:00,25.5,95,0.0,1.7,75.4,75.4,79.6,9.0,56.9,1285.0
Rohini,28.7041,77.1025,2026-09-07 01:00:00,25.1,96,0.0,0.3,77.1,77.1,81.5,7.0,58.8,1062.0
Rohini,28.7041,77.1025,2026-09-07 02:00:00,24.9,96,0.0,1.2,79.6,79.6,83.0,6.0,60.2,909.0
Rohini,28.7041,77.1025,2026-09-07 03:00:00,24.6,96,0.0,1.8,81.5,81.5,85.6,1.0,61.4,895.0
Rohini,28.7041,77.1025,2026-09-07 04:00:00,24.2,99,0.0,5.2,84.5,84.8,87.8,0.0,62.1,950.0
Rohini,28.7041,77.1025,2026-09-07 05:00:00,25.0,98,0.0,4.7,78.2,78.2,69.7,2.0,46.3,980.0
Rohini,28.7041,77.1025,2026-09-07 06:00:00,24.7,99,0.0,4.7,83.1,83.1,60.4,20.0,44.6,955.0
Rohini,28.7041,77.1025,2026-09-07 07:00:00,26.1,95,0.0,5.8,73.3,73.8,47.3,46.0,42.4,904.0
Rohini,28.7041,77.1025,2026-09-07 08:00:00,28.3,83,0.0,6.5,51.1,53.3,35.5,78.0,40.8,826.0
Rohini,28.7041,77.1025,2026-09-07 09:00:00,29.4,75,0.0,4.9,41.6,53.3,26.6,122.0,41.1,698.0
Rohini,28.7041,77.1025,2026-09-07 10:00:00,30.6,70,0.0,4.2,46.8,64.7,19.0,172.0,42.1,543.0
Rohini,28.7041,77.1025,2026-09-07 11:00:00,31.9,60,0.0,4.4,54.7,76.8,13.2,212.0,41.8,423.0
Rohini,28.7041,77.1025,2026-09-07 12:00:00,32.4,58,0.0,3.7,59.6,78.9,9.1,237.0,38.9,359.0
Rohini,28.7041,77.1025,2026-09-07 13:00:00,32.6,56,0.1,5.2,61.0,79.2,6.7,251.0,34.8,332.0
Rohini,28.7041,77.1025,2026-09-07 14:00:00,31.4,59,0.4,10.7,59.6,76.6,7.0,252.0,31.2,343.0
Rohini,28.7041,77.1025,2026-09-07 15:00:00,31.6,61,0.0,5.1,58.0,75.7,9.3,236.0,28.1,387.0
Rohini,28.7041,77.1025,2026-09-07 16:00:00,31.4,64,0.0,5.0,54.0,72.6,14.2,206.0,25.5,471.0
Rohini,28.7041,77.1025,2026-09-07 17:00:00,31.8,63,0.0,7.1,68.2,87.8,28.0,158.0,25.1,614.0
Rohini,28.7041,77.1025,2026-09-07 18:00:00,30.2,73,0.0,3.1,82.2,97.8,48.0,125.0,30.1,893.0
Rohini,28.7041,77.1025,2026-09-07 19:00:00,29.9,74,0.0,0.4,99.7,115.0,75.2,79.0,36.9,1231.0
Rohini,28.7041,77.1025,2026-09-07 20:00:00,28.8,77,0.0,2.8,105.2,118.5,93.8,46.0,42.5,1425.0
Rohini,28.7041,77.1025,2026-09-07 21:00:00,28.0,83,0.0,3.3,99.9,111.1,95.7,37.0,45.3,1333.0
Rohini,28.7041,77.1025,2026-09-07 22:00:00,27.5,84,0.0,6.1,100.1,110.8,88.9,40.0,46.9,1097.0
Rohini,28.7041,77.1025,2026-09-07 23:00:00,27.3,83,0.0,5.6,99.7,110.6,81.1,44.0,47.9,933.0
Rohini,28.7041,77.1025,2026-09-08 00:00:00,26.4,85,0.0,5.4,98.7,109.4,74.6,44.0,49.1,966.0
Rohini,28.7041,77.1025,2026-09-08 01:00:00,26.0,85,0.0,5.8,98.3,109.0,67.2,45.0,49.8,1071.0
Rohini,28.7041,77.1025,2026-09-08 02:00:00,25.6,86,0.0,4.7,96.6,108.0,60.1,45.0,49.1,1096.0
Rohini,28.7041,77.1025,2026-09-08 03:00:00,25.3,88,0.0,4.6,92.7,104.5,53.3,44.0,46.5,939.0
Rohini,28.7041,77.1025,2026-09-08 04:00:00,25.1,89,0.0,5.0,87.5,100.1,46.8,42.0,42.5,701.0
Rohini,28.7041,77.1025,2026-09-08 05:00:00,26.1,78,0.0,7.1,116.2,133.2,73.6,43.0,55.6,537.0
Rohini,28.7041,77.1025,2026-09-08 06:00:00,25.9,81,0.1,3.9,99.0,113.4,63.4,62.0,50.6,539.0
Rohini,28.7041,77.1025,2026-09-08 07:00:00,26.5,83,0.0,8.0,88.9,99.9,49.0,88.0,43.5,615.0
Rohini,28.7041,77.1025,2026-09-08 08:00:00,28.2,77,0.0,7.4,61.9,75.4,35.6,117.0,36.8,636.0
Rohini,28.7041,77.1025,2026-09-08 09:00:00,29.9,67,0.0,10.6,47.0,68.2,24.4,150.0,31.2,528.0
Rohini,28.7041,77.1025,2026-09-08 10:00:00,30.5,66,0.0,11.8,39.9,63.8,14.3,185.0,26.0,365.0
Rohini,28.7041,77.1025,2026-09-08 11:00:00,32.6,58,0.0,10.4,37.3,62.2,7.2,208.0,21.7,243.0
Rohini,28.7041,77.1025,2026-09-08 12:00:00,31.6,62,1.0,12.8,35.0,55.1,4.0,211.0,18.6,200.0
Rohini,28.7041,77.1025,2026-09-08 13:00:00,32.3,63,0.2,10.5,34.8,58.1,3.9,201.0,16.5,199.0
Rohini,28.7041,77.1025,2026-09-08 14:00:00,32.8,60,0.0,10.4,34.6,59.6,5.6,187.0,15.2,222.0
Rohini,28.7041,77.1025,2026-09-08 15:00:00,33.1,55,0.0,11.0,34.7,62.4,8.9,171.0,14.5,264.0
Rohini,28.7041,77.1025,2026-09-08 16:00:00,32.9,54,0.0,10.9,40.7,107.8,14.2,152.0,14.5,330.0
Rohini,28.7041,77.1025,2026-09-08 17:00:00,32.4,66,0.0,6.6,44.4,114.3,21.6,122.0,15.5,422.0
Rohini,28.7041,77.1025,2026-09-08 18:00:00,30.8,72,0.0,5.2,49.4,104.3,31.3,102.0,18.4,559.0
Rohini,28.7041,77.1025,2026-09-08 19:00:00,29.9,73,0.0,6.4,53.2,101.7,44.7,74.0,22.4,720.0
Rohini,28.7041,77.1025,2026-09-08 20:00:00,29.2,74,0.0,6.1,56.8,109.0,55.0,52.0,25.9,847.0
Rohini,28.7041,77.1025,2026-09-08 21:00:00,28.6,78,0.0,4.5,62.2,122.5,59.2,42.0,28.6,928.0
Rohini,28.7041,77.1025,2026-09-08 22:00:00,27.9,81,0.0,3.7,68.2,136.4,60.2,37.0,30.8,974.0
Rohini,28.7041,77.1025,2026-09-08 23:00:00,28.4,81,0.0,4.6,73.1,145.8,60.2,34.0,31.7,959.0
Rohini,28.7041,77.1025,2026-09-09 00:00:00,27.5,85,0.0,4.2,74.5,147.6,59.9,30.0,30.4,848.0
Rohini,28.7041,77.1025,2026-09-09 01:00:00,27.3,85,0.0,6.0,73.8,145.3,58.5,27.0,27.8,676.0
Rohini,28.7041,77.1025,2026-09-09 02:00:00,27.2,85,0.0,6.1,72.4,140.2,56.2,25.0,25.2,524.0
Rohini,28.7041,77.1025,2026-09-09 03:00:00,26.8,85,0.0,5.4,70.1,139.7,52.8,21.0,23.2,411.0
Rohini,28.7041,77.1025,2026-09-09 04:00:00,26.7,78,0.0,6.8,67.1,143.0,48.5,17.0,21.3,317.0
Rohini,28.7041,77.1025,2026-09-09 05:00:00,27.5,76,0.0,11.9,54.0,169.0,23.4,38.0,13.7,262.0
Rohini,28.7041,77.1025,2026-09-09 06:00:00,27.5,72,0.0,12.2,49.0,136.9,23.3,40.0,13.4,272.0
Rohini,28.7041,77.1025,2026-09-09 07:00:00,28.2,71,0.0,11.7,48.7,143.4,22.8,45.0,13.0,321.0
Rohini,28.7041,77.1025,2026-09-09 08:00:00,29.2,70,0.0,11.4,52.3,165.3,21.1,57.0,12.9,345.0
Rohini,28.7041,77.1025,2026-09-09 09:00:00,30.5,65,0.0,12.3,59.1,232.4,16.7,84.0,13.2,312.0
Rohini,28.7041,77.1025,2026-09-09 10:00:00,31.7,61,0.0,12.1,65.9,267.3,11.0,118.0,13.8,255.0
Rohini,28.7041,77.1025,2026-09-09 11:00:00,33.3,51,0.0,15.0,72.6,299.0,6.7,143.0,14.1,211.0
Rohini,28.7041,77.1025,2026-09-09 12:00:00,33.7,49,0.0,13.9,74.7,309.2,4.6,153.0,13.7,185.0
Rohini,28.7041,77.1025,2026-09-09 13:00:00,34.0,48,0.0,12.5,74.0,309.2,4.0,154.0,13.1,172.0
Rohini,28.7041,77.1025,2026-09-09 14:00:00,34.1,48,0.0,12.5,74.5,317.6,5.5,150.0,12.7,190.0
Rohini,28.7041,77.1025,2026-09-09 15:00:00,33.9,48,0.0,12.7,75.7,330.6,9.3,140.0,12.5,249.0
Rohini,28.7041,77.1025,2026-09-09 16:00:00,33.4,50,0.0,11.4,77.5,333.4,15.3,124.0,12.5,340.0
Rohini,28.7041,77.1025,2026-09-09 17:00:00,33.2,57,0.0,7.5,70.8,273.8,22.3,104.0,13.6,456.0
Rohini,28.7041,77.1025,2026-09-09 18:00:00,31.6,66,0.0,3.8,76.1,248.7,34.0,83.0,17.2,620.0
Rohini,28.7041,77.1025,2026-09-09 19:00:00,30.3,69,0.0,5.7,83.6,244.9,50.2,55.0,22.4,810.0
Rohini,28.7041,77.1025,2026-09-09 20:00:00,29.7,68,0.0,5.7,92.0,256.1,62.1,33.0,27.9,952.0
Rohini,28.7041,77.1025,2026-09-09 21:00:00,29.0,72,0.0,3.5,100.4,276.6,65.4,26.0,34.0,1027.0
Rohini,28.7041,77.1025,2026-09-09 22:00:00,28.3,77,0.0,3.0,109.2,296.2,64.6,25.0,40.3,1055.0
Rohini,28.7041,77.1025,2026-09-09 23:00:00,28.4,81,0.0,3.4,116.4,305.5,64.2,24.0,44.3,1012.0
Rohini,28.7041,77.1025,2026-09-10 00:00:00,27.7,83,0.0,4.4,121.5,306.4,66.4,19.0,44.6,854.0
Rohini,28.7041,77.1025,2026-09-10 01:00:00,27.6,83,0.0,4.1,123.9,295.2,69.0,14.0,42.6,627.0
Rohini,28.7041,77.1025,2026-09-10 02:00:00,27.3,83,0.0,4.7,117.8,268.2,70.5,9.0,39.9,446.0
Rohini,28.7041,77.1025,2026-09-10 03:00:00,27.1,83,0.0,4.9,107.1,234.2,70.5,4.0,36.4,355.0
Rohini,28.7041,77.1025,2026-09-10 04:00:00,26.7,85,0.0,3.9,96.4,202.1,69.4,0.0,32.2,310.0
Rohini,28.7041,77.1025,2026-09-10 05:00:00,27.5,81,0.0,6.9,61.5,131.3,36.8,35.0,17.3,298.0
Rohini,28.7041,77.1025,2026-09-10 06:00:00,26.9,83,0.0,8.6,61.0,128.1,35.5,43.0,17.6,340.0
Rohini,28.7041,77.1025,2026-09-10 07:00:00,28.2,74,0.0,9.9,61.2,124.3,33.5,55.0,18.0,415.0
Rohini,28.7041,77.1025,2026-09-10 08:00:00,29.9,66,0.0,10.4,58.2,131.3,29.7,73.0,18.2,448.0
Rohini,28.7041,77.1025,2026-09-10 09:00:00,31.0,62,0.0,11.4,56.8,148.5,22.6,102.0,18.1,393.0
Rohini,28.7041,77.1025,2026-09-10 10:00:00,32.3,58,0.0,10.8,56.9,171.4,13.7,137.0,17.8,296.0
Rohini,28.7041,77.1025,2026-09-10 11:00:00,34.1,50,0.0,12.6,56.8,183.5,7.2,162.0,17.4,221.0
Rohini,28.7041,77.1025,2026-09-10 12:00:00,34.6,47,0.0,11.8,52.4,161.6,4.4,170.0,16.8,192.0
Rohini,28.7041,77.1025,2026-09-10 13:00:00,34.9,45,0.0,12.4,54.8,183.9,3.9,167.0,16.1,187.0
Rohini,28.7041,77.1025,2026-09-10 14:00:00,34.8,45,0.0,12.9,55.8,197.0,5.7,160.0,15.7,197.0
Rohini,28.7041,77.1025,2026-09-10 15:00:00,34.4,47,0.0,12.7,57.7,212.8,9.9,149.0,15.5,196.0
Rohini,28.7041,77.1025,2026-09-10 16:00:00,33.9,49,0.0,11.8,59.3,213.7,16.5,133.0,15.6,212.0
Rohini,28.7041,77.1025,2026-09-10 17:00:00,33.6,51,0.0,11.3,60.5,245.9,19.5,111.0,14.2,321.0
Rohini,28.7041,77.1025,2026-09-10 18:00:00,31.8,59,0.0,6.6,65.4,242.1,27.2,94.0,17.0,611.0
Rohini,28.7041,77.1025,2026-09-10 19:00:00,30.8,62,0.0,6.8,71.2,236.6,38.1,71.0,20.9,994.0
Rohini,28.7041,77.1025,2026-09-10 20:00:00,29.8,66,0.0,6.5,77.1,244.9,47.8,51.0,24.5,1284.0
Rohini,28.7041,77.1025,2026-09-10 21:00:00,29.0,70,0.0,5.2,83.6,255.2,55.5,38.0,27.8,1410.0
Rohini,28.7041,77.1025,2026-09-10 22:00:00,28.6,72,0.0,5.1,90.3,265.4,62.0,29.0,30.8,1442.0
Rohini,28.7041,77.1025,2026-09-10 23:00:00,29.1,73,0.0,4.4,95.0,255.2,65.4,23.0,32.5,1409.0
Rohini,28.7041,77.1025,2026-09-11 00:00:00,28.5,75,0.0,3.2,93.6,222.6,64.1,20.0,31.7,1284.0
Rohini,28.7041,77.1025,2026-09-11 01:00:00,28.2,75,0.0,1.9,87.3,182.5,59.8,19.0,29.5,1093.0
Rohini,28.7041,77.1025,2026-09-11 02:00:00,27.5,77,0.0,5.0,80.3,151.3,55.7,20.0,28.0,945.0
Rohini,28.7041,77.1025,2026-09-11 03:00:00,26.9,83,0.0,3.4,74.7,128.5,53.1,19.0,27.8,884.0
Rohini,28.7041,77.1025,2026-09-11 04:00:00,26.7,85,0.0,2.7,72.9,114.1,50.8,19.0,28.3,867.0
Rohini,28.7041,77.1025,2026-09-11 05:00:00,28.1,82,0.0,0.7,86.1,158.3,54.9,12.0,26.9,871.0
Rohini,28.7041,77.1025,2026-09-11 06:00:00,27.4,84,0.0,1.7,90.6,154.1,51.3,32.0,29.9,919.0
Rohini,28.7041,77.1025,2026-09-11 07:00:00,28.5,81,0.0,2.9,88.7,136.0,45.9,61.0,34.1,988.0
Rohini,28.7041,77.1025,2026-09-11 08:00:00,30.5,76,0.0,3.3,78.7,139.2,39.0,95.0,36.7,992.0
Rohini,28.7041,77.1025,2026-09-11 09:00:00,31.7,72,0.0,6.5,70.8,140.2,29.0,141.0,36.6,865.0
Rohini,28.7041,77.1025,2026-09-11 10:00:00,29.6,77,0.6,13.3,65.0,122.9,17.5,193.0,35.0,673.0
Rohini,28.7041,77.1025,2026-09-11 11:00:00,30.5,67,1.6,8.1,62.6,104.3,9.9,223.0,32.9,523.0
Rohini,28.7041,77.1025,2026-09-11 12:00:00,29.6,76,1.6,7.6,61.5,93.4,9.1,215.0,29.9,457.0
Rohini,28.7041,77.1025,2026-09-11 13:00:00,31.5,65,0.8,9.7,50.1,65.2,12.1,185.0,26.3,432.0
Rohini,28.7041,77.1025,2026-09-11 14:00:00,30.9,68,0.7,11.4,39.2,43.1,15.5,158.0,24.0,434.0
Rohini,28.7041,77.1025,2026-09-11 15:00:00,31.1,69,0.1,8.9,30.7,31.7,18.3,142.0,24.0,461.0
Rohini,28.7041,77.1025,2026-09-11 16:00:00,31.0,67,0.1,9.2,26.2,26.5,21.6,129.0,25.2,513.0
Rohini,28.7041,77.1025,2026-09-11 17:00:00,28.8,80,0.0,10.9,17.1,17.1,18.0,123.0,20.9,578.0
Rohini,28.7041,77.1025,2026-09-11 18:00:00,27.7,85,0.4,7.3,21.3,21.3,21.7,108.0,21.6,669.0
Rohini,28.7041,77.1025,2026-09-11 19:00:00,27.5,87,0.1,5.8,21.0,21.0,26.8,88.0,22.6,772.0
Rohini,28.7041,77.1025,2026-09-11 20:00:00,27.4,88,0.0,7.4,20.0,20.0,30.5,71.0,23.4,834.0
Rohini,28.7041,77.1025,2026-09-11 21:00:00,27.5,88,0.0,8.0,19.6,19.6,31.6,62.0,23.8,824.0
Rohini,28.7041,77.1025,2026-09-11 22:00:00,27.3,89,0.0,8.1,20.2,20.2,31.3,56.0,23.9,773.0
Rohini,28.7041,77.1025,2026-09-11 23:00:00,27.9,87,0.0,9.0,20.3,20.4,30.5,51.0,23.8,714.0
Rohini,28.7041,77.1025,2026-09-12 00:00:00,27.7,86,0.0,8.6,19.6,19.8,29.2,47.0,23.2,652.0
Rohini,28.7041,77.1025,2026-09-12 01:00:00,27.4,87,0.0,7.2,19.1,19.4,27.4,44.0,22.4,584.0
Rohini,28.7041,77.1025,2026-09-12 02:00:00,27.2,88,0.1,8.4,18.9,19.3,26.1,42.0,21.8,529.0
Rohini,28.7041,77.1025,2026-09-12 03:00:00,26.3,93,0.4,8.5,19.1,19.6,25.5,39.0,21.7,487.0
Rohini,28.7041,77.1025,2026-09-12 04:00:00,25.6,95,1.7,9.1,18.8,19.3,25.4,37.0,21.8,460.0
Rohini,28.7041,77.1025,2026-09-12 05:00:00,27.2,89,3.1,7.3,17.2,17.7,23.6,42.0,22.3,470.0
Rohini,28.7041,77.1025,2026-09-12 06:00:00,27.1,92,0.1,8.9,17.4,18.1,26.7,43.0,23.2,558.0
Rohini,28.7041,77.1025,2026-09-12 07:00:00,27.9,89,0.1,7.2,18.7,19.4,30.8,44.0,24.4,685.0
Rohini,28.7041,77.1025,2026-09-12 08:00:00,28.8,84,0.0,7.3,19.8,20.4,32.7,50.0,25.5,752.0
Rohini,28.7041,77.1025,2026-09-12 09:00:00,29.5,78,0.0,7.9,20.1,20.4,30.6,63.0,26.7,705.0
Rohini,28.7041,77.1025,2026-09-12 10:00:00,30.9,70,0.0,6.1,19.3,19.4,26.2,80.0,27.9,599.0
Rohini,28.7041,77.1025,2026-09-12 11:00:00,31.3,67,0.4,8.0,18.6,18.7,21.8,99.0,28.1,504.0
Rohini,28.7041,77.1025,2026-09-12 12:00:00,31.8,63,0.7,7.1,20.0,20.1,16.9,123.0,26.7,437.0
Rohini,28.7041,77.1025,2026-09-12 13:00:00,33.3,54,0.2,13.9,21.2,25.8,12.0,149.0,24.4,381.0
Rohini,28.7041,77.1025,2026-09-12 14:00:00,32.9,56,1.1,12.9,21.3,22.7,10.1,163.0,22.4,355.0
Rohini,28.7041,77.1025,2026-09-12 15:00:00,32.9,58,0.1,9.9,21.6,25.1,13.3,158.0,21.0,367.0
Rohini,28.7041,77.1025,2026-09-12 16:00:00,32.5,57,0.2,10.5,21.4,23.5,19.7,141.0,19.9,410.0
Rohini,28.7041,77.1025,2026-09-12 17:00:00,30.5,71,0.3,7.2,20.3,20.7,19.1,126.0,17.6,480.0
Rohini,28.7041,77.1025,2026-09-12 18:00:00,29.9,74,0.0,6.0,28.1,28.2,32.6,100.0,20.9,608.0
Rohini,28.7041,77.1025,2026-09-12 19:00:00,29.3,77,0.0,6.4,37.6,37.7,50.9,65.0,25.3,762.0
Rohini,28.7041,77.1025,2026-09-12 20:00:00,29.1,80,0.0,6.5,41.9,42.0,62.8,39.0,28.1,846.0
Rohini,28.7041,77.1025,2026-09-12 21:00:00,29.0,83,0.0,7.3,44.1,44.2,62.8,33.0,27.9,799.0
Rohini,28.7041,77.1025,2026-09-12 22:00:00,28.9,83,0.0,7.8,42.6,42.7,56.4,36.0,26.1,682.0
Rohini,28.7041,77.1025,2026-09-12 23:00:00,30.1,77,0.0,7.8,39.3,39.5,49.1,41.0,24.3,580.0
Rohini,28.7041,77.1025,2026-09-13 00:00:00,29.6,78,0.0,7.4,36.4,36.6,41.7,44.0,22.9,523.0
Rohini,28.7041,77.1025,2026-09-13 01:00:00,29.2,80,0.0,7.6,34.0,34.0,33.3,48.0,21.5,480.0
Rohini,28.7041,77.1025,2026-09-13 02:00:00,28.8,82,0.0,7.2,31.7,31.7,26.9,51.0,20.3,444.0
Rohini,28.7041,77.1025,2026-09-13 03:00:00,28.5,83,0.0,7.6,29.6,29.6,24.0,48.0,19.4,409.0
Rohini,28.7041,77.1025,2026-09-13 04:00:00,28.2,84,0.0,7.8,28.0,28.1,23.0,44.0,18.7,380.0
Rohini,28.7041,77.1025,2026-09-13 05:00:00,28.5,82,0.0,8.6,24.3,24.3,23.0,37.0,13.8,365.0
Rohini,28.7041,77.1025,2026-09-13 06:00:00,28.1,85,0.0,9.6,25.4,25.5,21.4,51.0,15.9,378.0
Rohini,28.7041,77.1025,2026-09-13 07:00:00,28.7,83,0.0,8.6,28.5,28.5,19.1,71.0,18.8,405.0
Rohini,28.7041,77.1025,2026-09-13 08:00:00,29.7,76,0.0,11.9,25.6,25.7,16.4,94.0,20.9,413.0
Rohini,28.7041,77.1025,2026-09-13 09:00:00,30.9,66,0.0,11.8,23.8,24.3,12.8,123.0,21.6,380.0
Rohini,28.7041,77.1025,2026-09-13 10:00:00,31.9,61,0.0,11.0,25.1,26.3,8.7,155.0,21.5,327.0
Rohini,28.7041,77.1025,2026-09-13 11:00:00,32.8,56,0.0,9.7,27.1,40.0,5.8,177.0,21.0,286.0
Rohini,28.7041,77.1025,2026-09-13 12:00:00,33.2,55,0.1,10.3,27.0,31.8,4.6,184.0,19.8,270.0
Rohini,28.7041,77.1025,2026-09-13 13:00:00,33.6,54,0.1,10.3,26.4,29.6,4.4,181.0,18.1,266.0
Rohini,28.7041,77.1025,2026-09-13 14:00:00,33.4,54,0.2,10.4,25.5,27.6,5.3,174.0,17.0,270.0
Rohini,28.7041,77.1025,2026-09-13 15:00:00,33.0,55,0.3,9.8,24.7,26.0,7.2,164.0,16.7,281.0
Rohini,28.7041,77.1025,2026-09-13 16:00:00,32.5,59,0.1,9.4,24.1,25.0,10.1,150.0,16.9,299.0
Rohini,28.7041,77.1025,2026-09-13 17:00:00,32.7,57,0.0,10.0,24.6,25.8,13.4,124.0,17.6,320.0
Rohini,28.7041,77.1025,2026-09-13 18:00:00,30.3,70,0.1,12.1,28.9,30.3,16.7,110.0,18.4,346.0
Rohini,28.7041,77.1025,2026-09-13 19:00:00,29.1,79,0.1,10.3,30.5,31.2,21.2,91.0,19.5,374.0
Rohini,28.7041,77.1025,2026-09-13 20:00:00,28.7,82,0.0,8.5,30.2,31.2,24.1,77.0,20.3,393.0
Rohini,28.7041,77.1025,2026-09-13 21:00:00,28.4,83,0.0,9.4,29.6,31.2,24.0,73.0,20.6,398.0
Rohini,28.7041,77.1025,2026-09-13 22:00:00,28.2,83,0.0,9.3,28.2,29.7,22.3,74.0,20.5,393.0
Rohini,28.7041,77.1025,2026-09-13 23:00:00,29.2,80,0.0,10.2,25.7,30.6,20.5,74.0,20.1,380.0
Rohini,28.7041,77.1025,2026-09-14 00:00:00,28.4,82,0.1,10.6,23.1,31.1,18.9,73.0,19.1,353.0
Rohini,28.7041,77.1025,2026-09-14 01:00:00,27.9,85,0.0,9.9,21.0,29.9,17.2,71.0,17.7,318.0
Rohini,28.7041,77.1025,2026-09-14 02:00:00,27.5,87,0.0,10.1,19.2,29.2,16.0,68.0,16.7,291.0
Rohini,28.7041,77.1025,2026-09-14 03:00:00,27.2,88,0.0,10.1,18.2,30.0,15.7,62.0,16.3,274.0
Rohini,28.7041,77.1025,2026-09-14 04:00:00,27.0,89,0.0,9.3,18.0,31.4,15.9,56.0,16.3,267.0
Rohini,28.7041,77.1025,2026-09-14 05:00:00,27.2,88,0.0,9.4,17.8,26.3,16.9,53.0,18.6,281.0
Rohini,28.7041,77.1025,2026-09-14 06:00:00,26.9,91,0.0,9.1,19.7,27.7,17.8,57.0,20.4,340.0
Rohini,28.7041,77.1025,2026-09-14 07:00:00,27.7,88,0.0,8.7,20.9,28.2,18.8,65.0,23.0,421.0
Rohini,28.7041,77.1025,2026-09-14 08:00:00,28.9,80,0.1,10.7,21.4,24.8,18.4,80.0,24.8,470.0
Rohini,28.7041,77.1025,2026-09-14 09:00:00,30.1,73,0.0,9.6,21.4,23.6,15.3,110.0,25.4,456.0
Rohini,28.7041,77.1025,2026-09-14 10:00:00,31.2,67,0.1,10.2,21.8,23.4,10.8,148.0,25.3,409.0
Rohini,28.7041,77.1025,2026-09-14 11:00:00,31.2,63,0.0,13.3,23.8,25.0,7.4,176.0,24.5,369.0
Rohini,28.7041,77.1025,2026-09-14 12:00:00,30.9,68,0.9,10.1,25.5,26.5,5.6,188.0,22.5,344.0
Rohini,28.7041,77.1025,2026-09-14 13:00:00,29.8,78,2.0,8.8,27.3,28.2,4.9,189.0,19.7,325.0
Rohini,28.7041,77.1025,2026-09-14 14:00:00,31.5,71,0.5,8.5,26.1,30.7,5.9,185.0,18.0,329.0
Rohini,28.7041,77.1025,2026-09-14 15:00:00,31.9,67,0.1,9.0,27.9,32.7,9.2,174.0,18.1,367.0
Rohini,28.7041,77.1025,2026-09-14 16:00:00,31.4,69,0.1,8.7,27.4,29.3,14.2,157.0,19.3,427.0
Rohini,28.7041,77.1025,2026-09-14 17:00:00,32.0,58,0.0,9.4,43.7,45.6,16.6,146.0,22.3,486.0
Rohini,28.7041,77.1025,2026-09-14 18:00:00,31.3,61,0.0,7.9,46.1,47.5,24.7,123.0,24.3,543.0
Rohini,28.7041,77.1025,2026-09-14 19:00:00,30.6,67,0.0,6.9,52.7,53.9,35.8,91.0,27.1,598.0
Rohini,28.7041,77.1025,2026-09-14 20:00:00,30.0,72,0.0,8.1,55.3,56.3,42.9,67.0,29.1,632.0
Rohini,28.7041,77.1025,2026-09-14 21:00:00,29.5,76,0.0,8.1,56.1,57.2,42.5,60.0,29.5,634.0
Rohini,28.7041,77.1025,2026-09-14 22:00:00,28.8,78,0.0,9.4,55.9,56.9,38.2,62.0,29.2,614.0
Rohini,28.7041,77.1025,2026-09-14 23:00:00,27.9,82,0.4,10.1,54.6,55.5,33.8,64.0,28.5,581.0
Rohini,28.7041,77.1025,2026-09-15 00:00:00,27.3,83,0.0,9.6,53.6,54.4,30.4,63.0,27.5,527.0
Rohini,28.7041,77.1025,2026-09-15 01:00:00,26.8,84,0.0,9.0,52.6,53.4,27.1,63.0,26.1,460.0
Rohini,28.7041,77.1025,2026-09-15 02:00:00,26.6,85,0.0,9.0,51.2,51.9,24.6,62.0,25.2,410.0
Rohini,28.7041,77.1025,2026-09-15 03:00:00,26.4,86,0.0,7.9,49.4,50.1,23.6,60.0,24.7,383.0
Rohini,28.7041,77.1025,2026-09-15 04:00:00,26.3,87,0.0,8.0,47.7,48.4,23.5,57.0,24.5,373.0
Rohini,28.7041,77.1025,2026-09-15 05:00:00,27.1,83,0.0,6.5,52.0,52.9,26.2,48.0,24.9,390.0
Rohini,28.7041,77.1025,2026-09-15 06:00:00,26.7,84,0.0,5.4,56.1,56.9,27.3,57.0,28.2,462.0
Rohini,28.7041,77.1025,2026-09-15 07:00:00,27.7,79,0.0,4.3,55.8,56.6,28.7,71.0,32.8,560.0
Rohini,28.7041,77.1025,2026-09-15 08:00:00,29.4,72,0.0,5.8,46.7,47.7,27.8,92.0,35.8,608.0
Rohini,28.7041,77.1025,2026-09-15 09:00:00,30.5,66,0.3,7.4,41.4,42.6,22.6,126.0,36.0,554.0
Rohini,28.7041,77.1025,2026-09-15 10:00:00,31.7,59,0.4,8.0,37.6,38.6,15.3,166.0,34.8,449.0
Rohini,28.7041,77.1025,2026-09-15 11:00:00,31.1,60,0.2,9.5,38.3,39.3,9.6,197.0,32.9,370.0
Rohini,28.7041,77.1025,2026-09-15 12:00:00,31.7,60,1.2,10.3,39.8,41.0,7.1,213.0,30.3,344.0
Rohini,28.7041,77.1025,2026-09-15 13:00:00,32.8,54,0.2,7.5,40.7,41.9,6.2,219.0,27.1,344.0
Rohini,28.7041,77.1025,2026-09-15 14:00:00,33.5,50,0.0,4.8,41.3,42.5,6.8,219.0,24.9,361.0
Rohini,28.7041,77.1025,2026-09-15 15:00:00,33.8,49,0.0,3.0,41.2,42.4,8.5,212.0,24.2,395.0
Rohini,28.7041,77.1025,2026-09-15 16:00:00,33.6,49,0.0,1.0,40.0,41.2,11.5,199.0,24.4,446.0
Rohini,28.7041,77.1025,2026-09-15 17:00:00,31.5,59,0.0,1.8,54.8,57.4,16.1,173.0,25.0,507.0
Rohini,28.7041,77.1025,2026-09-15 18:00:00,31.7,58,0.1,4.7,60.8,62.9,18.8,156.0,26.6,575.0
Rohini,28.7041,77.1025,2026-09-15 19:00:00,30.7,66,0.0,9.1,64.5,66.1,22.9,132.0,28.8,652.0
Rohini,28.7041,77.1025,2026-09-15 20:00:00,29.9,71,0.0,7.2,61.7,63.3,27.9,108.0,30.8,740.0
Rohini,28.7041,77.1025,2026-09-15 21:00:00,29.5,74,0.0,6.7,65.0,66.4,35.0,84.0,32.2,875.0
Rohini,28.7041,77.1025,2026-09-15 22:00:00,29.2,77,0.0,5.6,70.8,72.2,43.1,61.0,33.4,1021.0
Rohini,28.7041,77.1025,2026-09-15 23:00:00,30.7,69,0.0,4.7,73.6,74.7,48.4,43.0,34.1,1069.0
Rohini,28.7041,77.1025,2026-09-16 00:00:00,29.7,74,0.0,4.0,73.3,74.5,48.3,35.0,33.9,927.0
Rohini,28.7041,77.1025,2026-09-16 01:00:00,29.3,77,0.0,2.2,73.1,74.3,45.6,33.0,33.3,687.0
Rohini,28.7041,77.1025,2026-09-16 02:00:00,28.9,80,0.0,1.6,75.7,76.8,44.5,30.0,33.3,513.0
Rohini,28.7041,77.1025,2026-09-16 03:00:00,28.4,82,0.0,0.4,78.0,79.2,47.9,20.0,33.9,477.0
Rohini,28.7041,77.1025,2026-09-16 04:00:00,27.9,84,0.1,2.0,80.6,81.7,53.0,9.0,35.1,506.0
Rohini,28.7041,77.1025,2026-09-16 05:00:00,28.5,82,0.0,0.4,76.4,77.3,53.3,17.0,35.4,552.0
Rohini,28.7041,77.1025,2026-09-16 06:00:00,28.0,85,0.0,0.3,86.8,87.8,52.3,32.0,38.8,623.0
Rohini,28.7041,77.1025,2026-09-16 07:00:00,29.2,78,0.0,1.5,86.8,87.5,50.4,55.0,43.3,710.0
Rohini,28.7041,77.1025,2026-09-16 08:00:00,30.7,70,0.0,2.7,75.2,76.1,45.5,87.0,45.5,737.0
Rohini,28.7041,77.1025,2026-09-16 09:00:00,32.3,61,0.0,3.1,58.7,59.8,34.5,137.0,43.4,646.0
Rohini,28.7041,77.1025,2026-09-16 10:00:00,33.7,54,0.0,3.4,55.3,56.8,20.5,196.0,39.0,495.0
Rohini,28.7041,77.1025,2026-09-16 11:00:00,35.1,46,0.0,4.7,54.8,56.6,10.1,240.0,34.7,381.0
Rohini,28.7041,77.1025,2026-09-16 12:00:00,35.5,44,0.0,6.4,55.8,57.7,6.3,259.0,31.2,343.0
Rohini,28.7041,77.1025,2026-09-16 13:00:00,35.7,44,0.0,6.9,56.3,59.0,6.2,263.0,27.9,342.0
Rohini,28.7041,77.1025,2026-09-16 14:00:00,35.8,43,0.0,7.4,56.8,60.1,7.4,257.0,25.1,353.0
Rohini,28.7041,77.1025,2026-09-16 15:00:00,35.4,43,0.0,9.1,54.9,58.9,9.3,241.0,22.9,347.0
Rohini,28.7041,77.1025,2026-09-16 16:00:00,34.7,44,0.0,9.7,51.8,55.5,12.6,215.0,21.3,354.0
Rohini,28.7041,77.1025,2026-09-16 17:00:00,34.7,42,0.0,8.2,46.3,51.9,17.8,181.0,21.7,435.0
Rohini,28.7041,77.1025,2026-09-16 18:00:00,33.5,45,0.0,6.0,51.2,56.3,24.1,157.0,24.5,660.0
Rohini,28.7041,77.1025,2026-09-16 19:00:00,32.4,53,0.0,6.6,57.6,62.6,33.1,124.0,28.5,960.0
Rohini,28.7041,77.1025,2026-09-16 20:00:00,31.6,58,0.0,5.5,65.9,71.0,42.0,95.0,32.5,1188.0
Rohini,28.7041,77.1025,2026-09-16 21:00:00,31.1,61,0.0,6.0,75.0,80.6,50.9,74.0,36.5,1308.0
Rohini,28.7041,77.1025,2026-09-16 22:00:00,30.6,62,0.0,5.1,84.5,90.3,59.6,58.0,40.5,1357.0
Rohini,28.7041,77.1025,2026-09-16 23:00:00,30.9,65,0.0,5.8,93.8,100.1,65.3,46.0,43.0,1292.0
Rohini,28.7041,77.1025,2026-09-17 00:00:00,30.1,69,0.0,5.4,97.1,104.1,65.7,40.0,42.8,1026.0
Rohini,28.7041,77.1025,2026-09-17 01:00:00,29.7,72,0.0,3.3,98.5,105.7,63.1,38.0,41.0,646.0
Rohini,28.7041,77.1025,2026-09-17 02:00:00,26.4,84,0.9,11.3,99.9,107.1,60.9,36.0,39.5,379.0
Rohini,28.7041,77.1025,2026-09-17 03:00:00,25.2,93,0.5,9.5,102.0,109.0,61.2,28.0,38.6,333.0
Rohini,28.7041,77.1025,2026-09-17 04:00:00,25.5,91,0.1,7.2,103.1,109.4,62.0,19.0,37.9,399.0
Rohini,28.7041,77.1025,2026-09-17 05:00:00,25.4,89,0.0,20.9,40.5,43.4,16.4,104.0,20.6,478.0
Rohini,28.7041,77.1025,2026-09-17 06:00:00,24.6,83,0.0,10.8,40.2,42.8,18.9,103.0,21.6,560.0
Rohini,28.7041,77.1025,2026-09-17 07:00:00,26.1,76,0.0,8.6,39.6,42.3,22.1,102.0,23.0,656.0
Rohini,28.7041,77.1025,2026-09-17 08:00:00,27.2,72,0.0,7.2,38.5,42.5,23.0,111.0,24.1,696.0
Rohini,28.7041,77.1025,2026-09-17 09:00:00,29.3,64,0.0,5.6,38.2,43.0,19.4,138.0,24.8,629.0
Rohini,28.7041,77.1025,2026-09-17 10:00:00,31.0,60,0.0,7.2,37.5,42.7,13.5,175.0,25.2,507.0
Rohini,28.7041,77.1025,2026-09-17 11:00:00,30.6,63,0.0,11.6,38.4,44.6,9.0,207.0,25.4,415.0
Rohini,28.7041,77.1025,2026-09-17 12:00:00,32.0,57,0.0,7.6,40.7,47.5,7.2,230.0,25.6,388.0
Rohini,28.7041,77.1025,2026-09-17 13:00:00,32.8,53,0.0,6.3,43.0,50.2,6.7,248.0,25.6,390.0
Rohini,28.7041,77.1025,2026-09-17 14:00:00,33.7,48,0.0,3.6,44.8,52.7,7.3,253.0,25.0,403.0
Rohini,28.7041,77.1025,2026-09-17 15:00:00,33.3,49,0.1,2.1,45.6,54.5,8.8,239.0,23.1,420.0
Rohini,28.7041,77.1025,2026-09-17 16:00:00,33.4,46,0.0,4.2,44.7,54.4,11.4,213.0,20.5,448.0
Rohini,28.7041,77.1025,2026-09-17 17:00:00,32.4,53,0.0,4.7,43.0,56.0,22.5,131.0,18.4,485.0
Rohini,28.7041,77.1025,2026-09-17 18:00:00,31.3,57,0.0,6.1,48.3,60.5,26.1,118.0,19.5,550.0
Rohini,28.7041,77.1025,2026-09-17 19:00:00,30.6,60,0.0,5.7,52.3,64.3,30.9,101.0,21.0,625.0
Rohini,28.7041,77.1025,2026-09-17 20:00:00,30.1,63,0.0,4.3,51.6,63.3,33.5,88.0,21.7,654.0
Rohini,28.7041,77.1025,2026-09-17 21:00:00,29.8,64,0.0,5.7,50.9,64.0,32.0,85.0,20.9,591.0
Rohini,28.7041,77.1025,2026-09-17 22:00:00,29.2,64,0.0,6.1,47.5,57.7,28.4,87.0,19.2,482.0
Rohini,28.7041,77.1025,2026-09-17 23:00:00,28.9,64,0.0,9.4,41.7,52.5,25.0,88.0,17.7,411.0
Rohini,28.7041,77.1025,2026-09-18 00:00:00,27.4,69,0.0,11.0,37.7,48.8,22.6,86.0,16.5,426.0
Rohini,28.7041,77.1025,2026-09-18 01:00:00,26.7,71,0.0,8.8,35.7,48.1,20.4,84.0,15.4,479.0
Rohini,28.7041,77.1025,2026-09-18 02:00:00,26.1,75,0.0,5.5,35.0,47.8,19.0,81.0,14.9,513.0
Rohini,28.7041,77.1025,2026-09-18 03:00:00,25.6,78,0.0,6.1,34.8,46.6,18.8,76.0,15.1,495.0
Rohini,28.7041,77.1025,2026-09-18 04:00:00,25.2,81,0.0,6.3,35.0,45.1,19.3,71.0,15.8,458.0
Rohini,28.7041,77.1025,2026-09-18 05:00:00,25.7,79,0.0,8.6,33.6,44.5,15.9,86.0,15.1,445.0
Rohini,28.7041,77.1025,2026-09-18 06:00:00,25.2,84,0.0,6.7,34.7,46.8,16.8,92.0,16.2,493.0
Rohini,28.7041,77.1025,2026-09-18 07:00:00,26.1,82,0.0,5.5,36.3,48.4,18.0,101.0,17.8,564.0
Rohini,28.7041,77.1025,2026-09-18 08:00:00,27.7,77,0.0,6.9,33.5,48.3,17.7,114.0,18.8,593.0
Rohini,28.7041,77.1025,2026-09-18 09:00:00,29.5,66,0.0,8.6,32.1,46.1,14.6,136.0,18.8,532.0
Rohini,28.7041,77.1025,2026-09-18 10:00:00,30.8,58,0.0,10.6,31.7,45.9,10.0,163.0,18.2,429.0
Rohini,28.7041,77.1025,2026-09-18 11:00:00,27.9,65,0.1,18.8,30.5,41.2,6.6,183.0,17.4,352.0
Rohini,28.7041,77.1025,2026-09-18 12:00:00,29.3,62,0.5,4.0,29.6,39.9,5.1,191.0,16.4,330.0
Rohini,28.7041,77.1025,2026-09-18 13:00:00,31.0,56,0.0,9.1,29.3,40.5,4.7,193.0,15.2,336.0
Rohini,28.7041,77.1025,2026-09-18 14:00:00,31.5,54,0.0,6.5,32.2,49.0,5.5,189.0,14.5,357.0
Rohini,28.7041,77.1025,2026-09-18 15:00:00,31.6,54,0.0,7.2,30.6,46.8,7.8,180.0,14.6,372.0
Rohini,28.7041,77.1025,2026-09-18 16:00:00,31.3,56,0.0,6.0,32.1,50.9,11.2,167.0,15.2,402.0
Rohini,28.7041,77.1025,2026-09-18 17:00:00,31.3,59,0.0,6.7,24.0,45.4,15.3,147.0,17.1,498.0
Rohini,28.7041,77.1025,2026-09-18 18:00:00,30.0,71,0.0,0.7,31.8,51.7,27.4,121.0,20.4,713.0
Rohini,28.7041,77.1025,2026-09-18 19:00:00,29.4,73,0.0,1.7,39.5,60.3,44.0,85.0,24.9,994.0
Rohini,28.7041,77.1025,2026-09-18 20:00:00,28.6,76,0.0,3.8,45.6,66.8,55.3,58.0,27.8,1231.0
Rohini,28.7041,77.1025,2026-09-18 21:00:00,28.0,75,0.0,7.2,48.3,69.6,56.5,48.0,27.9,1394.0
Rohini,28.7041,77.1025,2026-09-18 22:00:00,27.3,75,0.0,6.3,48.3,70.5,52.4,47.0,26.4,1512.0
Rohini,28.7041,77.1025,2026-09-18 23:00:00,27.7,75,0.0,7.4,46.3,70.5,47.7,47.0,24.8,1566.0
Rohini,28.7041,77.1025,2026-09-19 00:00:00,26.8,79,0.0,4.9,44.1,69.6,43.1,46.0,23.1,1531.0
Rohini,28.7041,77.1025,2026-09-19 01:00:00,26.2,82,0.0,3.6,43.2,69.2,38.0,47.0,21.2,1431.0
Rohini,28.7041,77.1025,2026-09-19 02:00:00,25.6,85,0.0,2.8,43.7,70.8,35.2,46.0,20.1,1318.0
Rohini,28.7041,77.1025,2026-09-19 03:00:00,25.0,88,0.0,2.8,46.7,75.4,37.1,39.0,20.4,1193.0
Rohini,28.7041,77.1025,2026-09-19 04:00:00,24.5,91,0.0,2.0,50.3,80.3,41.2,31.0,21.6,1055.0
Rohini,28.7041,77.1025,2026-09-19 05:00:00,25.5,90,0.0,2.4,55.6,102.9,50.0,34.0,32.4,947.0
Rohini,28.7041,77.1025,2026-09-19 06:00:00,25.1,90,0.0,3.1,64.5,112.2,45.7,51.0,34.0,905.0
Rohini,28.7041,77.1025,2026-09-19 07:00:00,26.5,83,0.0,3.2,66.1,102.0,39.5,77.0,36.1,895.0
Rohini,28.7041,77.1025,2026-09-19 08:00:00,28.7,71,0.0,2.5,49.0,90.3,32.7,104.0,37.0,854.0
Rohini,28.7041,77.1025,2026-09-19 09:00:00,30.5,58,0.0,3.2,39.6,75.9,24.8,135.0,35.7,740.0
Rohini,28.7041,77.1025,2026-09-19 10:00:00,31.5,52,0.0,4.4,38.2,71.9,16.3,167.0,33.2,597.0
Rohini,28.7041,77.1025,2026-09-19 11:00:00,32.8,47,0.0,5.4,39.2,72.6,10.0,192.0,30.5,490.0
Rohini,28.7041,77.1025,2026-09-19 12:00:00,33.3,44,0.0,6.5,40.5,73.6,6.8,206.0,27.7,450.0
Rohini,28.7041,77.1025,2026-09-19 13:00:00,33.5,43,0.0,6.1,41.3,75.4,5.8,212.0,24.8,447.0
Rohini,28.7041,77.1025,2026-09-19 14:00:00,33.7,41,0.0,5.8,41.3,75.4,6.7,211.0,22.8,459.0
Rohini,28.7041,77.1025,2026-09-19 15:00:00,33.5,41,0.0,5.9,41.3,74.5,8.3,203.0,21.9,448.0
Rohini,28.7041,77.1025,2026-09-19 16:00:00,33.1,42,0.0,5.6,41.4,73.6,11.9,188.0,22.0,454.0
Rohini,28.7041,77.1025,2026-09-19 17:00:00,32.7,44,0.0,6.7,51.8,87.8,21.1,148.0,22.0,569.0
Rohini,28.7041,77.1025,2026-09-19 18:00:00,30.9,53,0.0,7.3,62.9,92.7,41.6,115.0,26.4,875.0
Rohini,28.7041,77.1025,2026-09-19 19:00:00,30.1,56,0.0,6.5,75.2,102.7,70.0,68.0,32.5,1292.0
Rohini,28.7041,77.1025,2026-09-19 20:00:00,29.5,58,0.0,4.8,84.8,110.8,92.0,32.0,38.0,1671.0
Rohini,28.7041,77.1025,2026-09-19 21:00:00,28.7,62,0.0,5.5,94.8,120.6,101.4,16.0,42.4,2001.0
Rohini,28.7041,77.1025,2026-09-19 22:00:00,27.9,68,0.0,4.4,105.2,131.8,104.4,10.0,46.1,2293.0
Rohini,28.7041,77.1025,2026-09-19 23:00:00,28.2,68,0.0,5.5,115.0,143.4,105.4,6.0,48.0,2435.0
Rohini,28.7041,77.1025,2026-09-20 00:00:00,27.1,75,0.0,4.5,120.6,149.5,105.7,2.0,46.9,2326.0
Rohini,28.7041,77.1025,2026-09-20 01:00:00,26.5,79,0.0,4.6,123.4,151.8,103.9,1.0,43.9,2067.0
Rohini,28.7041,77.1025,2026-09-20 02:00:00,26.1,81,0.0,3.8,122.0,147.6,100.4,1.0,41.3,1853.0
Rohini,28.7041,77.1025,2026-09-20 03:00:00,25.8,82,0.0,3.2,118.7,142.5,94.9,0.0,39.6,1757.0
Rohini,28.7041,77.1025,2026-09-20 04:00:00,25.4,84,0.0,3.1,117.1,138.8,87.8,0.0,38.3,1707.0
Rohini,28.7041,77.1025,2026-09-20 05:00:00,26.6,83,0.0,3.2,85.0,98.3,56.7,18.0,29.3,1676.0
Rohini,28.7041,77.1025,2026-09-20 06:00:00,26.0,85,0.0,4.1,88.2,102.2,50.8,39.0,31.5,1703.0
Rohini,28.7041,77.1025,2026-09-20 07:00:00,27.2,80,0.0,2.8,89.2,101.5,42.4,68.0,34.4,1750.0
Rohini,28.7041,77.1025,2026-09-20 08:00:00,29.2,72,0.0,1.9,79.4,100.1,33.7,100.0,35.9,1678.0
Rohini,28.7041,77.1025,2026-09-20 09:00:00,31.2,59,0.0,3.3,65.4,98.7,24.4,135.0,34.9,1368.0
Rohini,28.7041,77.1025,2026-09-20 10:00:00,32.4,52,0.0,4.4,55.3,97.6,14.7,172.0,32.6,940.0
Rohini,28.7041,77.1025,2026-09-20 11:00:00,33.6,44,0.0,4.5,52.2,93.6,7.7,200.0,30.4,614.0
Rohini,28.7041,77.1025,2026-09-20 12:00:00,34.1,39,0.0,3.8,52.0,90.1,4.8,216.0,28.5,495.0
Rohini,28.7041,77.1025,2026-09-20 13:00:00,34.3,39,0.0,2.9,52.3,88.9,4.5,224.0,26.7,477.0
Rohini,28.7041,77.1025,2026-09-20 14:00:00,34.3,39,0.0,3.6,52.9,87.5,5.5,225.0,25.6,470.0
Rohini,28.7041,77.1025,2026-09-20 15:00:00,34.2,40,0.0,5.8,53.4,87.1,7.5,218.0,25.6,426.0
Rohini,28.7041,77.1025,2026-09-20 16:00:00,33.5,42,0.0,7.9,54.4,82.7,10.8,204.0,26.3,391.0
Rohini,28.7041,77.1025,2026-09-20 17:00:00,32.8,44,0.0,8.0,60.3,91.7,15.6,183.0,28.5,416.0
Rohini,28.7041,77.1025,2026-09-20 18:00:00,31.4,50,0.0,7.4,61.0,89.2,19.5,158.0,29.3,542.0
Rohini,28.7041,77.1025,2026-09-20 19:00:00,30.5,53,0.0,6.7,62.4,87.8,25.2,123.0,30.5,728.0
Rohini,28.7041,77.1025,2026-09-20 20:00:00,29.9,55,0.0,3.5,66.4,88.0,31.7,92.0,31.9,891.0
Rohini,28.7041,77.1025,2026-09-20 21:00:00,29.2,58,0.0,3.6,71.9,91.5,39.4,70.0,33.7,1010.0
Rohini,28.7041,77.1025,2026-09-20 22:00:00,28.5,63,0.0,3.0,78.9,97.8,47.8,52.0,35.6,1107.0
Rohini,28.7041,77.1025,2026-09-20 23:00:00,28.6,64,0.0,5.1,85.9,105.2,54.7,38.0,36.8,1169.0
Rohini,28.7041,77.1025,2026-09-21 00:00:00,27.3,71,0.0,4.9,89.4,109.9,58.8,29.0,36.7,1187.0
Rohini,28.7041,77.1025,2026-09-21 01:00:00,26.9,71,0.0,5.1,92.0,112.9,61.4,23.0,35.8,1171.0
Rohini,28.7041,77.1025,2026-09-21 02:00:00,26.5,71,0.0,5.0,94.5,115.9,63.5,19.0,35.2,1137.0
Rohini,28.7041,77.1025,2026-09-21 03:00:00,26.1,72,0.0,4.6,97.6,119.7,66.4,11.0,35.2,1066.0
Rohini,28.7041,77.1025,2026-09-21 04:00:00,25.8,73,0.0,4.1,101.0,123.4,68.9,3.0,35.5,977.0
Rohini,28.7041,77.1025,2026-09-21 05:00:00,26.4,78,0.0,3.2,67.8,84.1,43.4,26.0,26.5,943.0
Rohini,28.7041,77.1025,2026-09-21 06:00:00,25.9,81,0.0,3.2,72.9,89.2,43.5,44.0,27.9,1047.0
Rohini,28.7041,77.1025,2026-09-21 07:00:00,27.0,76,0.0,3.7,79.2,91.0,43.3,69.0,30.0,1206.0
Rohini,28.7041,77.1025,2026-09-21 08:00:00,28.8,68,0.0,2.1,65.4,81.7,40.1,99.0,31.7,1242.0
Rohini,28.7041,77.1025,2026-09-21 09:00:00,30.8,59,0.0,2.1,51.8,75.9,31.1,136.0,33.2,1027.0
Rohini,28.7041,77.1025,2026-09-21 10:00:00,32.3,50,0.0,2.6,49.9,78.0,19.1,178.0,34.4,688.0
Rohini,28.7041,77.1025,2026-09-21 11:00:00,33.1,46,0.0,4.2,51.6,83.4,10.0,210.0,34.5,433.0
Rohini,28.7041,77.1025,2026-09-21 12:00:00,33.5,46,0.0,5.1,52.9,86.8,6.2,227.0,32.6,351.0
Rohini,28.7041,77.1025,2026-09-21 13:00:00,33.6,46,0.0,5.9,53.8,88.7,5.3,233.0,29.5,352.0
Rohini,28.7041,77.1025,2026-09-21 14:00:00,33.6,46,0.0,6.8,54.8,91.0,6.2,232.0,27.1,370.0
Rohini,28.7041,77.1025,2026-09-21 15:00:00,33.4,46,0.0,6.5,55.9,94.3,8.6,222.0,26.0,358.0
Rohini,28.7041,77.1025,2026-09-21 16:00:00,32.8,47,0.0,7.3,57.2,95.0,12.8,203.0,25.7,363.0
Rohini,28.7041,77.1025,2026-09-21 17:00:00,32.5,49,0.0,7.9,60.1,90.8,19.5,184.0,27.9,463.0
Rohini,28.7041,77.1025,2026-09-21 18:00:00,30.9,56,0.0,7.1,66.8,93.6,27.9,156.0,29.9,761.0
Rohini,28.7041,77.1025,2026-09-21 19:00:00,29.9,61,0.0,4.9,71.5,99.2,39.7,116.0,32.8,1153.0
Rohini,28.7041,77.1025,2026-09-21 20:00:00,29.0,68,0.0,3.6,75.0,105.5,51.1,82.0,35.6,1412.0
Rohini,28.7041,77.1025,2026-09-21 21:00:00,28.5,72,0.0,3.1,80.8,115.0,61.3,60.0,38.3,1420.0
Rohini,28.7041,77.1025,2026-09-21 22:00:00,28.1,74,0.0,3.0,89.6,129.5,71.0,44.0,40.8,1293.0
Rohini,28.7041,77.1025,2026-09-21 23:00:00,28.5,76,0.0,3.1,95.0,141.1,78.0,31.0,42.1,1155.0
Rohini,28.7041,77.1025,2026-09-22 00:00:00,27.7,77,0.0,3.1,97.8,150.9,80.8,22.0,41.1,1032.0
Rohini,28.7041,77.1025,2026-09-22 01:00:00,27.1,79,0.0,3.6,100.4,159.3,80.9,17.0,38.8,897.0
Rohini,28.7041,77.1025,2026-09-22 02:00:00,26.6,80,0.0,3.7,102.4,166.2,80.9,13.0,37.1,789.0
Rohini,28.7041,77.1025,2026-09-22 03:00:00,26.2,81,0.0,3.3,103.1,172.3,83.0,5.0,36.7,713.0
Rohini,28.7041,77.1025,2026-09-22 04:00:00,25.9,83,0.0,3.2,103.8,178.8,84.9,0.0,36.9,665.0
Rohini,28.7041,77.1025,2026-09-22 05:00:00,26.4,84,0.0,1.9,107.8,163.9,83.9,2.0,37.9,670.0
Rohini,28.7041,77.1025,2026-09-22 06:00:00,26.1,84,0.0,2.4,102.7,161.6,72.2,31.0,36.3,786.0
Rohini,28.7041,77.1025,2026-09-22 07:00:00,27.4,79,0.0,2.4,95.0,146.2,55.8,74.0,34.1,954.0
Rohini,28.7041,77.1025,2026-09-22 08:00:00,29.7,67,0.0,2.0,69.8,152.3,40.7,115.0,33.2,1026.0
Rohini,28.7041,77.1025,2026-09-22 09:00:00,31.6,53,0.0,1.7,58.0,153.2,28.4,155.0,35.2,906.0
Rohini,28.7041,77.1025,2026-09-22 10:00:00,32.7,49,0.0,2.6,52.0,133.2,17.5,194.0,38.5,690.0
Rohini,28.7041,77.1025,2026-09-22 11:00:00,34.0,46,0.0,4.0,50.3,115.9,9.7,223.0,39.6,517.0
Rohini,28.7041,77.1025,2026-09-22 12:00:00,34.7,44,0.0,4.8,49.2,104.1,6.0,237.0,36.4,440.0
Rohini,28.7041,77.1025,2026-09-22 13:00:00,35.2,41,0.0,6.5,48.0,95.9,5.3,242.0,31.0,406.0
Rohini,28.7041,77.1025,2026-09-22 14:00:00,35.3,41,0.0,8.5,46.0,90.8,6.2,238.0,26.7,389.0
Rohini,28.7041,77.1025,2026-09-22 15:00:00,35.0,42,0.0,9.4,44.4,89.4,8.6,225.0,24.5,374.0
Rohini,28.7041,77.1025,2026-09-22 16:00:00,34.3,44,0.0,10.1,44.0,93.4,12.5,205.0,23.3,376.0
Rohini,28.7041,77.1025,2026-09-22 17:00:00,33.5,51,0.0,9.4,43.2,94.8,16.1,179.0,22.3,421.0
Rohini,28.7041,77.1025,2026-09-22 18:00:00,31.9,59,0.0,7.8,46.2,100.4,21.9,157.0,23.9,545.0
Rohini,28.7041,77.1025,2026-09-22 19:00:00,31.2,64,0.0,4.9,50.1,106.4,30.0,126.0,26.1,712.0
Rohini,28.7041,77.1025,2026-09-22 20:00:00,30.4,69,0.0,3.4,53.7,112.2,36.7,100.0,27.8,835.0
Rohini,28.7041,77.1025,2026-09-22 21:00:00,29.8,74,0.0,2.2,58.0,119.0,40.5,84.0,28.5,878.0
Rohini,28.7041,77.1025,2026-09-22 22:00:00,29.2,76,0.0,2.3,61.2,126.2,42.8,73.0,28.8,878.0
Rohini,28.7041,77.1025,2026-09-22 23:00:00,29.4,75,0.0,5.5,63.3,131.8,45.0,63.0,28.9,857.0
Rohini,28.7041,77.1025,2026-09-23 00:00:00,28.1,81,0.0,4.8,65.7,138.8,47.3,54.0,28.9,807.0
Rohini,28.7041,77.1025,2026-09-23 01:00:00,27.4,82,0.0,4.7,68.9,146.7,49.3,47.0,28.9,736.0
Rohini,28.7041,77.1025,2026-09-23 02:00:00,26.9,84,0.0,5.1,71.2,150.9,51.3,41.0,29.0,695.0
Rohini,28.7041,77.1025,2026-09-23 03:00:00,26.3,86,0.0,5.1,72.6,152.3,54.4,31.0,29.3,711.0
Rohini,28.7041,77.1025,2026-09-23 04:00:00,25.9,88,0.0,3.2,74.3,153.7,57.5,21.0,29.8,755.0
Rohini,28.7041,77.1025,2026-09-23 05:00:00,26.2,88,0.0,2.7,62.9,120.1,33.8,59.0,24.8,795.0
Rohini,28.7041,77.1025,2026-09-23 06:00:00,25.9,89,0.0,2.6,70.3,123.9,32.7,75.0,27.0,827.0
Rohini,28.7041,77.1025,2026-09-23 07:00:00,27.5,81,0.0,2.1,74.3,112.7,30.9,99.0,30.1,855.0
Rohini,28.7041,77.1025,2026-09-23 08:00:00,29.8,66,0.0,2.3,63.1,96.2,28.1,126.0,33.0,851.0
Rohini,28.7041,77.1025,2026-09-23 09:00:00,31.5,56,0.0,1.3,60.8,88.5,23.4,158.0,36.0,791.0
Rohini,28.7041,77.1025,2026-09-23 10:00:00,32.8,52,0.0,1.2,57.7,82.7,17.6,193.0,38.7,700.0
Rohini,28.7041,77.1025,2026-09-23 11:00:00,34.3,49,0.0,3.3,55.5,78.2,12.9,220.0,39.4,623.0
Rohini,28.7041,77.1025,2026-09-23 12:00:00,35.3,42,0.0,5.3,54.0,73.8,9.8,236.0,36.3,577.0
Rohini,28.7041,77.1025,2026-09-23 13:00:00,35.7,39,0.0,6.5,52.9,70.5,7.9,243.0,31.1,546.0
Rohini,28.7041,77.1025,2026-09-23 14:00:00,35.7,38,0.0,8.3,52.2,68.9,7.8,243.0,27.0,523.0
Rohini,28.7041,77.1025,2026-09-23 15:00:00,35.2,41,0.0,9.2,53.1,69.4,9.9,233.0,25.0,493.0
Rohini,28.7041,77.1025,2026-09-23 16:00:00,34.5,42,0.0,9.0,56.0,71.2,13.9,216.0,24.2,472.0
Rohini,28.7041,77.1025,2026-09-23 17:00:00,33.6,43,0.0,9.3,62.9,76.4,21.5,188.0,25.7,500.0
Rohini,28.7041,77.1025,2026-09-23 18:00:00,31.8,54,0.0,4.6,69.6,84.8,27.5,163.0,27.5,619.0
Rohini,28.7041,77.1025,2026-09-23 19:00:00,30.7,61,0.0,4.7,79.4,95.2,36.0,128.0,30.1,786.0
Rohini,28.7041,77.1025,2026-09-23 20:00:00,30.0,64,0.0,6.0,87.5,102.9,43.8,97.0,32.3,920.0
Rohini,28.7041,77.1025,2026-09-23 21:00:00,29.3,67,0.0,3.4,97.8,111.8,51.3,75.0,34.3,993.0
Rohini,28.7041,77.1025,2026-09-23 22:00:00,28.8,69,0.0,3.4,108.0,122.0,58.0,57.0,36.0,1032.0
Rohini,28.7041,77.1025,2026-09-23 23:00:00,29.3,70,0.0,4.7,109.7,126.2,59.9,47.0,36.2,1032.0
Rohini,28.7041,77.1025,2026-09-24 00:00:00,28.3,74,0.0,5.4,102.7,122.0,53.1,48.0,33.7,976.0
Rohini,28.7041,77.1025,2026-09-24 01:00:00,28.1,75,0.0,4.4,91.3,116.9,41.4,57.0,29.7,881.0
Rohini,28.7041,77.1025,2026-09-24 02:00:00,27.6,78,0.0,4.9,76.1,112.7,31.9,63.0,26.6,793.0
Rohini,28.7041,77.1025,2026-09-24 03:00:00,27.2,80,0.0,6.1,66.4,110.4,27.5,62.0,25.3,720.0
Rohini,28.7041,77.1025,2026-09-24 04:00:00,26.9,79,0.0,7.2,58.3,102.4,25.2,58.0,24.9,656.0
Rohini,28.7041,77.1025,2026-09-24 05:00:00,27.2,79,0.0,5.2,52.4,92.2,23.9,58.0,25.3,623.0
Rohini,28.7041,77.1025,2026-09-24 06:00:00,26.5,85,0.0,3.1,50.3,85.2,23.8,60.0,26.8,655.0
Rohini,28.7041,77.1025,2026-09-24 07:00:00,27.5,81,0.0,8.4,43.4,77.8,24.6,65.0,29.0,719.0
Rohini,28.7041,77.1025,2026-09-24 08:00:00,28.4,79,0.0,8.9,34.6,62.6,23.9,81.0,31.0,743.0
Rohini,28.7041,77.1025,2026-09-24 09:00:00,30.0,70,0.0,10.0,32.1,52.3,20.1,116.0,32.5,685.0
Rohini,28.7041,77.1025,2026-09-24 10:00:00,31.0,63,0.1,8.6,35.9,50.6,14.8,162.0,33.7,588.0
Rohini,28.7041,77.1025,2026-09-24 11:00:00,32.2,56,0.0,6.6,41.0,59.0,10.7,199.0,33.9,507.0
Rohini,28.7041,77.1025,2026-09-24 12:00:00,33.4,48,0.0,5.8,44.2,61.7,8.3,219.0,32.3,462.0
Rohini,28.7041,77.1025,2026-09-24 13:00:00,34.0,45,0.0,3.8,44.7,58.7,7.1,230.0,29.7,434.0
Rohini,28.7041,77.1025,2026-09-24 14:00:00,34.3,42,0.0,3.4,44.4,56.3,7.6,232.0,27.7,415.0
Rohini,28.7041,77.1025,2026-09-24 15:00:00,34.2,42,0.0,6.9,44.0,57.0,10.6,223.0,27.0,403.0
Rohini,28.7041,77.1025,2026-09-24 16:00:00,33.2,47,0.2,9.0,43.9,55.9,15.3,206.0,27.0,401.0
Rohini,28.7041,77.1025,2026-09-24 17:00:00,32.1,53,0.0,9.3,45.3,55.3,20.1,184.0,27.4,412.0
Rohini,28.7041,77.1025,2026-09-24 18:00:00,31.0,58,0.0,8.2,48.9,58.1,25.1,156.0,28.6,447.0
Rohini,28.7041,77.1025,2026-09-24 19:00:00,30.5,60,0.0,7.9,48.7,61.2,30.1,124.0,30.1,495.0
Rohini,28.7041,77.1025,2026-09-24 20:00:00,30.0,62,0.0,8.6,44.6,65.7,33.0,99.0,30.9,527.0
Rohini,28.7041,77.1025,2026-09-24 21:00:00,29.3,65,0.0,7.1,41.6,72.9,32.4,88.0,30.1,534.0
Rohini,28.7041,77.1025,2026-09-24 22:00:00,28.7,69,0.0,7.6,39.3,78.2,29.6,85.0,28.5,526.0
Rohini,28.7041,77.1025,2026-09-24 23:00:00,28.2,71,0.0,6.6,37.0,84.3,26.8,82.0,27.1,503.0
Rohini,28.7041,77.1025,2026-09-25 00:00:00,27.6,74,0.0,5.9,34.6,86.6,24.2,76.0,26.4,456.0
Rohini,28.7041,77.1025,2026-09-25 01:00:00,27.0,77,0.0,6.3,31.1,82.0,21.6,69.0,25.9,394.0
Rohini,28.7041,77.1025,2026-09-25 02:00:00,26.5,80,0.0,5.9,27.5,72.6,20.2,62.0,25.5,347.0
Rohini,28.7041,77.1025,2026-09-25 03:00:00,25.9,84,0.0,3.7,24.4,61.0,21.3,52.0,25.0,321.0
Rohini,28.7041,77.1025,2026-09-25 04:00:00,25.5,86,0.0,2.3,22.6,49.5,23.7,40.0,24.7,310.0
Rohini,28.7041,77.1025,2026-09-25 05:00:00,25.3,88,0.0,0.7,22.0,40.6,25.2,35.0,25.1,322.0
Rohini,28.7041,77.1025,2026-09-25 06:00:00,25.0,90,0.0,0.9,24.9,37.7,24.9,37.0,27.1,378.0
Rohini,28.7041,77.1025,2026-09-25 07:00:00,26.0,83,0.0,0.4,23.9,33.6,23.7,46.0,30.0,459.0
Rohini,28.7041,77.1025,2026-09-25 08:00:00,27.4,76,0.0,2.8,19.8,28.2,21.6,59.0,31.5,509.0
Rohini,28.7041,77.1025,2026-09-25 09:00:00,29.0,66,0.0,4.6,17.7,28.9,18.0,80.0,30.6,500.0
Rohini,28.7041,77.1025,2026-09-25 10:00:00,30.6,58,0.0,5.5,17.4,34.3,13.6,107.0,28.5,462.0
Rohini,28.7041,77.1025,2026-09-25 11:00:00,31.7,53,0.0,4.3,17.8,36.9,10.2,131.0,26.6,430.0
Rohini,28.7041,77.1025,2026-09-25 12:00:00,32.8,48,0.0,2.9,17.5,29.9,8.1,150.0,25.1,415.0
Rohini,28.7041,77.1025,2026-09-25 13:00:00,33.5,43,0.0,3.9,19.0,31.2,7.1,167.0,23.7,406.0
Rohini,28.7041,77.1025,2026-09-25 14:00:00,33.7,41,0.0,5.2,21.2,34.7,7.7,176.0,23.2,403.0
Rohini,28.7041,77.1025,2026-09-25 15:00:00,33.5,42,0.1,7.0,23.1,36.1,10.7,177.0,24.1,407.0
Rohini,28.7041,77.1025,2026-09-25 16:00:00,32.8,46,0.0,9.1,24.9,37.1,15.4,172.0,25.9,417.0
Rohini,28.7041,77.1025,2026-09-25 17:00:00,31.6,52,0.0,9.2,28.2,38.1,20.6,159.0,27.6,431.0
Rohini,28.7041,77.1025,2026-09-25 18:00:00,30.5,59,0.0,6.6,34.5,45.9,26.8,134.0,29.1,452.0
Rohini,28.7041,77.1025,2026-09-25 19:00:00,29.7,63,0.0,5.2,37.0,54.0,33.4,102.0,30.5,477.0
Rohini,28.7041,77.1025,2026-09-25 20:00:00,29.1,67,0.0,3.6,33.8,62.6,37.7,75.0,31.5,497.0
Rohini,28.7041,77.1025,2026-09-25 21:00:00,28.9,66,0.0,4.1,29.6,68.5,37.7,60.0,31.8,513.0
Rohini,28.7041,77.1025,2026-09-25 22:00:00,28.7,65,0.0,4.8,26.4,66.1,35.4,51.0,31.6,524.0
Rohini,28.7041,77.1025,2026-09-25 23:00:00,28.1,68,0.0,8.0,24.3,58.9,33.4,44.0,31.1,520.0
Rohini,28.7041,77.1025,2026-09-26 00:00:00,27.0,73,0.0,4.7,22.6,53.2,32.4,39.0,30.0,489.0
Rohini,28.7041,77.1025,2026-09-26 01:00:00,26.2,79,0.0,2.4,21.2,43.1,31.7,36.0,28.5,442.0
Rohini,28.7041,77.1025,2026-09-26 02:00:00,25.7,81,0.0,2.7,21.0,35.9,32.2,33.0,27.6,403.0
Rohini,28.7041,77.1025,2026-09-26 03:00:00,25.4,83,0.0,3.1,22.4,34.7,35.0,26.0,27.6,374.0
Rohini,28.7041,77.1025,2026-09-26 04:00:00,25.3,82,0.0,5.7,24.4,35.0,39.0,19.0,28.1,352.0
Rohini,28.7041,77.1025,2026-09-26 05:00:00,24.8,85,0.0,2.1,25.7,33.9,41.2,16.0,28.8,352.0
Rohini,28.7041,77.1025,2026-09-26 06:00:00,24.6,85,0.0,4.4,27.9,34.5,40.5,19.0,29.7,401.0
Rohini,28.7041,77.1025,2026-09-26 07:00:00,25.4,80,0.0,5.1,30.6,37.7,38.0,26.0,30.7,473.0
Rohini,28.7041,77.1025,2026-09-26 08:00:00,27.2,71,0.0,4.7,26.3,34.9,34.7,37.0,31.1,501.0
Rohini,28.7041,77.1025,2026-09-26 09:00:00,29.3,64,0.0,6.3,22.9,34.7,30.2,52.0,30.7,442.0
Rohini,28.7041,77.1025,2026-09-26 10:00:00,30.9,57,0.0,5.8,22.0,39.8,24.8,71.0,29.8,340.0
Rohini,28.7041,77.1025,2026-09-26 11:00:00,32.3,50,0.0,8.8,22.3,46.0,20.2,87.0,28.4,263.0
Rohini,28.7041,77.1025,2026-09-26 12:00:00,32.0,49,0.1,11.3,22.8,49.8,16.8,101.0,26.4,238.0
Rohini,28.7041,77.1025,2026-09-26 13:00:00,29.0,61,0.1,16.2,22.4,41.7,14.1,113.0,23.9,238.0
Rohini,28.7041,77.1025,2026-09-26 14:00:00,27.3,61,0.0,13.1,21.0,46.9,12.9,119.0,21.6,254.0
Rohini,28.7041,77.1025,2026-09-26 15:00:00,26.6,66,0.2,12.6,19.4,45.8,13.6,116.0,19.3,291.0
Rohini,28.7041,77.1025,2026-09-26 16:00:00,26.3,68,0.2,13.3,19.2,42.8,15.6,106.0,17.2,343.0
Rohini,28.7041,77.1025,2026-09-26 17:00:00,26.2,68,0.0,9.0,20.4,40.6,18.0,97.0,15.8,382.0
Rohini,28.7041,77.1025,2026-09-26 18:00:00,26.2,68,0.0,8.4,23.5,40.2,20.9,88.0,15.3,400.0
Rohini,28.7041,77.1025,2026-09-26 19:00:00,26.2,68,0.0,5.2,26.5,45.1,24.0,78.0,15.6,405.0
Rohini,28.7041,77.1025,2026-09-26 20:00:00,25.5,71,0.0,4.0,28.5,52.5,25.7,74.0,17.3,396.0
Rohini,28.7041,77.1025,2026-09-26 21:00:00,24.9,74,0.0,5.1,30.7,60.8,25.0,78.0,21.7,363.0
Rohini,28.7041,77.1025,2026-09-26 22:00:00,24.3,76,0.0,4.3,34.3,72.4,22.8,88.0,27.5,316.0
Rohini,28.7041,77.1025,2026-09-26 23:00:00,23.9,78,0.0,3.9,39.5,91.7,20.2,99.0,31.0,281.0
Rohini,28.7041,77.1025,2026-09-27 00:00:00,23.6,81,0.0,3.1,44.4,114.6,16.9,112.0,30.1,269.0
Rohini,28.7041,77.1025,2026-09-27 01:00:00,23.6,79,0.0,5.2,48.8,133.6,13.1,126.0,26.9,269.0
Rohini,28.7041,77.1025,2026-09-27 02:00:00,23.6,78,0.0,8.3,52.4,149.5,10.5,135.0,24.7,277.0
Rohini,28.7041,77.1025,2026-09-27 03:00:00,23.0,79,0.0,6.8,55.4,162.5,9.5,137.0,24.8,291.0
Rohini,28.7041,77.1025,2026-09-27 04:00:00,22.8,83,0.0,0.4,60.3,178.3,9.6,135.0,25.8,314.0
Rohini,28.7041,77.1025,2026-09-27 05:00:00,22.6,83,0.0,4.5,61.5,171.8,11.0,130.0,26.5,344.0
Rohini,28.7041,77.1025,2026-09-27 06:00:00,22.7,83,0.0,0.8,65.0,177.4,15.3,118.0,26.6,395.0
Rohini,28.7041,77.1025,2026-09-27 07:00:00,23.9,77,0.0,2.3,70.1,183.5,21.0,102.0,26.4,453.0
Rohini,28.7041,77.1025,2026-09-27 08:00:00,26.3,67,0.0,1.4,73.3,191.9,23.5,101.0,25.9,483.0
Rohini,28.7041,77.1025,2026-09-27 09:00:00,28.5,60,0.0,2.8,77.3,231.9,19.6,126.0,25.0,461.0
Rohini,28.7041,77.1025,2026-09-27 10:00:00,29.9,57,0.0,4.0,80.1,254.3,12.5,164.0,23.8,409.0
Rohini,28.7041,77.1025,2026-09-27 11:00:00,31.1,55,0.0,5.9,79.4,242.1,7.1,195.0,22.9,360.0
Rohini,28.7041,77.1025,2026-09-27 12:00:00,31.6,53,0.1,7.8,73.1,209.1,5.2,212.0,22.4,315.0
Rohini,28.7041,77.1025,2026-09-27 13:00:00,32.2,50,0.1,8.0,65.9,170.4,5.1,221.0,22.1,272.0
Rohini,28.7041,77.1025,2026-09-27 14:00:00,32.3,49,0.0,8.4,60.3,140.6,5.9,221.0,21.9,259.0
Rohini,28.7041,77.1025,2026-09-27 15:00:00,32.2,51,0.0,8.2,54.8,119.2,7.8,208.0,21.6,288.0
Rohini,28.7041,77.1025,2026-09-27 16:00:00,31.4,54,0.0,7.9,47.0,97.6,10.7,185.0,21.3,346.0
Rohini,28.7041,77.1025,2026-09-27 17:00:00,29.4,62,0.0,12.3,37.1,76.1,13.6,160.0,21.2,420.0
Rohini,28.7041,77.1025,2026-09-27 18:00:00,27.1,70,0.0,11.9,28.8,62.4,16.5,130.0,21.4,523.0
Rohini,28.7041,77.1025,2026-09-27 19:00:00,26.5,73,0.0,8.0,24.0,56.9,19.5,98.0,21.8,643.0
Rohini,28.7041,77.1025,2026-09-27 20:00:00,26.0,76,0.0,6.9,21.7,54.8,21.6,73.0,21.6,721.0
Rohini,28.7041,77.1025,2026-09-27 21:00:00,25.9,78,0.0,4.8,20.8,53.2,22.3,61.0,20.5,732.0
Rohini,28.7041,77.1025,2026-09-27 22:00:00,26.0,81,0.0,2.6,19.8,48.2,22.1,57.0,18.9,703.0
Rohini,28.7041,77.1025,2026-09-27 23:00:00,25.7,83,0.0,1.3,18.5,43.4,21.8,53.0,17.6,657.0
Rohini,28.7041,77.1025,2026-09-28 00:00:00,25.3,86,0.0,1.5,17.2,39.0,21.3,49.0,16.8,588.0
Rohini,28.7041,77.1025,2026-09-28 01:00:00,24.8,88,0.0,2.8,16.8,36.2,20.7,46.0,16.3,501.0
Rohini,28.7041,77.1025,2026-09-28 02:00:00,24.3,91,0.0,4.0,16.5,31.5,20.8,42.0,16.3,438.0
Rohini,28.7041,77.1025,2026-09-28 03:00:00,23.7,94,0.0,5.2,17.4,27.9,22.5,34.0,16.9,418.0
Rohini,28.7041,77.1025,2026-09-28 04:00:00,23.2,96,0.0,6.6,18.9,25.4,25.0,26.0,18.0,421.0
Rohini,28.7041,77.1025,2026-09-28 05:00:00,23.1,96,0.0,7.2,21.1,25.3,26.7,23.0,20.1,414.5
Rohini,28.7041,77.1025,2026-09-28 06:00:00,23.7,92,0.0,6.5,25.3,29.2,27.2,27.0,24.0,422.5
Rohini,28.7041,77.1025,2026-09-28 07:00:00,24.7,86,0.0,5.1,28.3,34.2,27.0,37.0,28.8,456.8
Rohini,28.7041,77.1025,2026-09-28 08:00:00,26.0,80,0.0,3.5,25.0,32.9,25.8,53.0,32.5,492.0
Rohini,28.7041,77.1025,2026-09-28 09:00:00,27.6,72,0.0,1.9,24.3,35.6,23.0,81.0,34.5,475.0
Rohini,28.7041,77.1025,2026-09-28 10:00:00,29.6,64,0.0,2.2,23.6,40.5,19.2,117.0,35.5,435.0
Rohini,28.7041,77.1025,2026-09-28 11:00:00,31.1,58,0.0,3.9,23.3,46.0,15.7,146.0,35.1,402.0
Rohini,28.7041,77.1025,2026-09-28 12:00:00,32.2,54,0.0,6.1,24.5,50.4,12.6,166.0,32.6,385.0
Rohini,28.7041,77.1025,2026-09-28 13:00:00,32.9,50,0.0,8.1,25.5,46.3,9.7,180.0,28.8,374.0
Rohini,28.7041,77.1025,2026-09-28 14:00:00,32.8,49,0.0,8.7,25.2,40.9,8.6,184.0,25.5,368.0
Rohini,28.7041,77.1025,2026-09-28 15:00:00,31.3,54,0.3,6.1,23.7,36.8,10.4,173.0,23.5,370.0
Rohini,28.7041,77.1025,2026-09-28 16:00:00,29.0,63,0.3,1.8,21.4,32.6,13.9,152.0,22.0,378.0
Rohini,28.7041,77.1025,2026-09-28 17:00:00,27.1,73,0.3,1.0,19.6,37.1,16.5,136.0,21.1,384.0
Rohini,28.7041,77.1025,2026-09-28 18:00:00,26.2,79,0.0,2.8,64.32494004796163,163.75721822541968,34.71918465227818,96.20911270983214,27.67671462829736,719.0801318944845
Rohini,28.7041,77.1025,2026-09-28 19:00:00,25.7,84,0.0,5.9,64.32494004796163,163.75721822541968,34.71918465227818,96.20911270983214,27.67671462829736,719.0801318944845
Rohini,28.7041,77.1025,2026-09-28 20:00:00,25.3,87,0.0,8.2,64.32494004796163,163.75721822541968,34.71918465227818,96.20911270983214,27.67671462829736,719.0801318944845
Rohini,28.7041,77.1025,2026-09-28 21:00:00,24.8,90,0.0,8.3,64.32494004796163,163.75721822541968,34.71918465227818,96.20911270983214,27.67671462829736,719.0801318944845
Rohini,28.7041,77.1025,2026-09-28 22:00:00,24.4,91,0.0,7.5,64.32494004796163,163.75721822541968,34.71918465227818,96.20911270983214,27.67671462829736,719.0801318944845
Rohini,28.7041,77.1025,2026-09-28 23:00:00,24.0,92,0.0,6.7,64.32494004796163,163.75721822541968,34.71918465227818,96.20911270983214,27.67671462829736,719.0801318944845
Dwarka,28.5921,77.046,2026-08-25 00:00:00,28.1,91,0.0,2.8,113.6,142.0,98.8,10.0,64.3,1981.0
Dwarka,28.5921,77.046,2026-08-25 01:00:00,27.8,92,0.0,2.8,117.6,146.7,101.8,4.0,62.7,1433.0
Dwarka,28.5921,77.046,2026-08-25 02:00:00,27.7,92,0.0,3.4,118.7,146.7,99.7,3.0,59.2,1014.0
Dwarka,28.5921,77.046,2026-08-25 03:00:00,27.7,93,0.0,2.7,115.3,142.0,88.2,8.0,52.1,869.0
Dwarka,28.5921,77.046,2026-08-25 04:00:00,27.5,93,0.0,2.2,96.6,117.8,71.5,19.0,43.0,852.0
Dwarka,28.5921,77.046,2026-08-25 05:00:00,26.3,98,0.0,2.5,66.6,82.0,41.8,44.0,35.3,854.0
Dwarka,28.5921,77.046,2026-08-25 06:00:00,26.7,96,0.8,0.0,63.6,77.3,43.3,43.0,35.5,846.0
Dwarka,28.5921,77.046,2026-08-25 07:00:00,26.5,96,0.4,3.3,59.6,75.4,45.1,45.0,36.1,857.0
Dwarka,28.5921,77.046,2026-08-25 08:00:00,27.1,93,0.2,2.5,61.0,77.5,44.6,60.0,38.5,863.0
Dwarka,28.5921,77.046,2026-08-25 09:00:00,28.3,89,0.0,1.9,58.7,76.8,40.0,100.0,45.1,859.0
Dwarka,28.5921,77.046,2026-08-25 10:00:00,29.3,84,0.0,3.3,55.9,75.0,33.2,155.0,53.6,851.0
Dwarka,28.5921,77.046,2026-08-25 11:00:00,30.2,76,0.0,2.1,58.7,80.6,26.7,204.0,58.5,830.0
Dwarka,28.5921,77.046,2026-08-25 12:00:00,31.0,70,0.0,3.1,62.6,84.5,20.6,243.0,56.4,784.0
Dwarka,28.5921,77.046,2026-08-25 13:00:00,32.0,65,0.0,2.7,65.9,87.8,14.9,277.0,50.7,726.0
Dwarka,28.5921,77.046,2026-08-25 14:00:00,32.3,64,0.0,2.5,68.9,92.7,12.1,296.0,46.1,684.0
Dwarka,28.5921,77.046,2026-08-25 15:00:00,32.7,62,0.0,2.6,71.5,96.6,10.1,301.0,43.7,610.0
Dwarka,28.5921,77.046,2026-08-25 16:00:00,32.5,62,0.0,1.6,73.6,102.9,11.0,291.0,42.3,552.0
Dwarka,28.5921,77.046,2026-08-25 17:00:00,29.7,84,0.0,8.7,65.4,74.7,35.4,216.0,56.0,688.0
Dwarka,28.5921,77.046,2026-08-25 18:00:00,29.0,88,0.1,4.2,68.9,75.0,41.6,183.0,54.5,1223.0
Dwarka,28.5921,77.046,2026-08-25 19:00:00,28.5,91,0.0,5.4,75.9,79.9,50.2,137.0,52.5,1951.0
Dwarka,28.5921,77.046,2026-08-25 20:00:00,28.2,91,0.0,5.0,84.1,86.8,57.8,99.0,51.7,2431.0
Dwarka,28.5921,77.046,2026-08-25 21:00:00,27.9,92,0.0,6.1,91.7,93.8,63.6,77.0,53.4,2454.0
Dwarka,28.5921,77.046,2026-08-25 22:00:00,27.6,92,0.0,6.2,101.3,103.1,68.4,63.0,56.3,2228.0
Dwarka,28.5921,77.046,2026-08-25 23:00:00,27.9,90,0.0,4.5,111.5,113.2,70.8,51.0,57.8,1935.0
Dwarka,28.5921,77.046,2026-08-26 00:00:00,27.5,92,0.0,3.4,115.3,116.6,69.1,41.0,56.1,1582.0
Dwarka,28.5921,77.046,2026-08-26 01:00:00,27.3,93,0.0,4.6,122.9,124.3,65.1,33.0,53.1,1161.0
Dwarka,28.5921,77.046,2026-08-26 02:00:00,27.1,94,0.0,3.3,126.7,128.1,63.0,26.0,51.1,832.0
Dwarka,28.5921,77.046,2026-08-26 03:00:00,27.0,94,0.0,2.4,130.4,131.8,66.7,14.0,51.1,661.0
Dwarka,28.5921,77.046,2026-08-26 04:00:00,27.0,94,0.0,3.3,136.4,138.3,72.4,3.0,52.3,581.0
Dwarka,28.5921,77.046,2026-08-26 05:00:00,27.5,96,0.0,3.6,108.3,108.3,52.3,37.0,57.9,556.0
Dwarka,28.5921,77.046,2026-08-26 06:00:00,27.1,97,0.1,4.2,117.6,117.6,50.1,60.0,61.5,609.0
Dwarka,28.5921,77.046,2026-08-26 07:00:00,26.5,98,6.6,4.9,104.5,104.8,46.8,93.0,66.3,717.0
Dwarka,28.5921,77.046,2026-08-26 08:00:00,26.6,97,1.8,1.9,88.0,90.3,41.7,133.0,69.1,771.0
Dwarka,28.5921,77.046,2026-08-26 09:00:00,28.7,89,0.6,4.1,73.6,79.6,33.3,183.0,68.3,710.0
Dwarka,28.5921,77.046,2026-08-26 10:00:00,30.1,83,0.3,3.5,70.5,79.6,23.0,239.0,65.5,596.0
Dwarka,28.5921,77.046,2026-08-26 11:00:00,30.8,79,0.1,5.1,72.9,83.8,15.1,284.0,61.6,508.0
Dwarka,28.5921,77.046,2026-08-26 12:00:00,30.6,80,0.1,5.4,77.8,89.6,10.8,316.0,56.8,482.0
Dwarka,28.5921,77.046,2026-08-26 13:00:00,31.2,78,0.0,2.9,81.5,94.5,8.8,338.0,50.9,482.0
Dwarka,28.5921,77.046,2026-08-26 14:00:00,32.3,70,0.0,1.8,82.0,95.5,8.9,342.0,45.1,485.0
Dwarka,28.5921,77.046,2026-08-26 15:00:00,32.3,68,0.0,3.8,79.2,93.8,9.4,325.0,38.8,463.0
Dwarka,28.5921,77.046,2026-08-26 16:00:00,32.0,70,0.0,4.3,76.1,96.6,12.0,290.0,32.6,443.0
Dwarka,28.5921,77.046,2026-08-26 17:00:00,28.6,94,0.1,3.8,73.6,99.9,30.9,155.0,24.1,487.0
Dwarka,28.5921,77.046,2026-08-26 18:00:00,28.8,92,0.2,3.3,72.9,87.5,43.2,122.0,25.1,646.0
Dwarka,28.5921,77.046,2026-08-26 19:00:00,28.4,94,0.0,5.7,82.7,93.1,59.7,78.0,26.4,869.0
Dwarka,28.5921,77.046,2026-08-26 20:00:00,28.2,95,0.0,7.9,84.5,93.1,69.2,45.0,26.6,1060.0
Dwarka,28.5921,77.046,2026-08-26 21:00:00,28.0,95,0.0,8.7,85.2,102.2,65.2,36.0,25.0,1199.0
Dwarka,28.5921,77.046,2026-08-26 22:00:00,27.8,93,0.0,7.1,80.6,119.0,54.1,40.0,22.4,1306.0
Dwarka,28.5921,77.046,2026-08-26 23:00:00,28.8,92,0.0,6.6,71.5,117.1,44.2,44.0,19.9,1345.0
Dwarka,28.5921,77.046,2026-08-27 00:00:00,28.3,93,0.0,7.2,66.4,108.5,37.9,45.0,17.7,1286.0
Dwarka,28.5921,77.046,2026-08-27 01:00:00,28.0,93,0.0,7.8,61.9,95.5,32.8,46.0,15.7,1160.0
Dwarka,28.5921,77.046,2026-08-27 02:00:00,27.7,92,0.0,7.6,58.8,90.1,29.4,46.0,14.2,1022.0
Dwarka,28.5921,77.046,2026-08-27 03:00:00,27.4,93,0.0,4.5,55.9,84.5,28.7,41.0,13.5,874.0
Dwarka,28.5921,77.046,2026-08-27 04:00:00,27.4,92,0.0,5.8,52.7,74.0,29.7,34.0,13.5,714.0
Dwarka,28.5921,77.046,2026-08-27 05:00:00,28.2,91,0.0,5.2,53.0,67.1,27.7,37.0,14.5,600.0
Dwarka,28.5921,77.046,2026-08-27 06:00:00,28.0,91,0.0,6.1,61.7,72.2,28.4,42.0,16.5,576.0
Dwarka,28.5921,77.046,2026-08-27 07:00:00,29.1,87,0.0,5.3,59.4,75.2,29.1,51.0,19.3,596.0
Dwarka,28.5921,77.046,2026-08-27 08:00:00,30.4,81,0.0,6.6,53.9,68.9,28.6,67.0,22.1,584.0
Dwarka,28.5921,77.046,2026-08-27 09:00:00,31.5,75,0.0,3.4,50.4,65.9,25.7,96.0,25.0,487.0
Dwarka,28.5921,77.046,2026-08-27 10:00:00,32.7,66,0.1,4.1,50.5,68.0,21.5,132.0,27.8,358.0
Dwarka,28.5921,77.046,2026-08-27 11:00:00,34.1,52,0.1,5.5,51.1,68.9,17.9,162.0,29.3,273.0
Dwarka,28.5921,77.046,2026-08-27 12:00:00,34.4,52,0.0,7.1,50.4,68.2,15.0,181.0,28.6,275.0
Dwarka,28.5921,77.046,2026-08-27 13:00:00,33.9,53,0.0,5.7,54.0,71.9,12.6,193.0,26.7,322.0
Dwarka,28.5921,77.046,2026-08-27 14:00:00,33.8,55,0.0,2.3,54.0,78.7,12.3,199.0,24.7,365.0
Dwarka,28.5921,77.046,2026-08-27 15:00:00,33.7,55,0.0,0.9,55.6,88.9,12.7,201.0,22.5,351.0
Dwarka,28.5921,77.046,2026-08-27 16:00:00,34.0,53,0.0,3.9,56.6,103.1,15.2,196.0,20.3,334.0
Dwarka,28.5921,77.046,2026-08-27 17:00:00,30.3,82,0.0,4.5,56.9,108.0,24.8,177.0,19.9,425.0
Dwarka,28.5921,77.046,2026-08-27 18:00:00,30.1,82,0.0,3.8,64.3,98.7,48.7,131.0,22.9,721.0
Dwarka,28.5921,77.046,2026-08-27 19:00:00,29.3,86,0.0,5.6,83.8,113.4,79.7,71.0,27.8,1126.0
Dwarka,28.5921,77.046,2026-08-27 20:00:00,28.9,88,0.0,5.8,93.6,119.2,101.8,26.0,31.7,1466.0
Dwarka,28.5921,77.046,2026-08-27 21:00:00,28.8,86,0.0,6.4,96.6,127.1,107.7,10.0,33.9,1720.0
Dwarka,28.5921,77.046,2026-08-27 22:00:00,28.7,85,0.0,6.6,107.3,139.7,104.6,8.0,35.2,1910.0
Dwarka,28.5921,77.046,2026-08-27 23:00:00,29.2,86,0.0,7.4,111.8,144.8,98.5,9.0,34.9,1925.0
Dwarka,28.5921,77.046,2026-08-28 00:00:00,28.6,88,0.0,7.7,105.7,143.0,90.5,9.0,32.1,1653.0
Dwarka,28.5921,77.046,2026-08-28 01:00:00,28.2,89,0.0,6.1,101.5,140.2,79.4,13.0,27.7,1206.0
Dwarka,28.5921,77.046,2026-08-28 02:00:00,28.0,88,0.0,5.5,94.1,131.8,68.1,16.0,23.8,815.0
Dwarka,28.5921,77.046,2026-08-28 03:00:00,28.4,81,0.0,8.3,82.2,122.5,56.7,18.0,21.2,551.0
Dwarka,28.5921,77.046,2026-08-28 04:00:00,28.6,72,0.0,9.7,71.2,139.7,45.0,20.0,19.0,344.0
Dwarka,28.5921,77.046,2026-08-28 05:00:00,26.0,96,0.0,6.2,46.9,102.0,25.4,46.0,16.6,209.0
Dwarka,28.5921,77.046,2026-08-28 06:00:00,27.5,86,0.2,11.8,43.4,89.9,24.8,48.0,15.4,181.0
Dwarka,28.5921,77.046,2026-08-28 07:00:00,28.5,80,0.0,10.3,43.2,89.2,23.7,51.0,13.7,227.0
Dwarka,28.5921,77.046,2026-08-28 08:00:00,29.8,75,0.0,7.3,51.3,141.6,21.4,62.0,12.5,259.0
Dwarka,28.5921,77.046,2026-08-28 09:00:00,30.9,68,0.0,11.6,75.7,338.1,16.7,88.0,12.5,243.0
Dwarka,28.5921,77.046,2026-08-28 10:00:00,31.9,65,0.0,10.9,198.4,1452.9,10.7,123.0,13.0,214.0
Dwarka,28.5921,77.046,2026-08-28 11:00:00,32.6,61,0.0,11.1,222.6,1598.1,6.3,148.0,13.3,191.0
Dwarka,28.5921,77.046,2026-08-28 12:00:00,33.4,57,0.1,10.9,217.5,1534.8,4.2,158.0,13.2,178.0
Dwarka,28.5921,77.046,2026-08-28 13:00:00,34.0,54,0.0,10.8,206.3,1438.0,3.7,159.0,12.9,171.0
Dwarka,28.5921,77.046,2026-08-28 14:00:00,34.2,52,0.0,11.4,205.4,1452.9,5.4,155.0,12.7,181.0
Dwarka,28.5921,77.046,2026-08-28 15:00:00,34.1,52,0.0,11.4,206.3,1464.0,9.4,146.0,12.5,195.0
Dwarka,28.5921,77.046,2026-08-28 16:00:00,33.8,54,0.0,10.4,220.3,1508.7,15.7,131.0,12.4,225.0
Dwarka,28.5921,77.046,2026-08-28 17:00:00,33.4,58,0.0,9.4,170.4,1043.1,23.1,108.0,13.2,323.0
Dwarka,28.5921,77.046,2026-08-28 18:00:00,31.9,68,0.0,4.2,144.8,698.5,46.6,78.0,19.1,574.0
Dwarka,28.5921,77.046,2026-08-28 19:00:00,31.4,70,0.0,3.1,149.0,637.0,78.7,37.0,27.1,893.0
Dwarka,28.5921,77.046,2026-08-28 20:00:00,30.4,73,0.0,3.4,158.8,592.3,99.8,7.0,32.4,1073.0
Dwarka,28.5921,77.046,2026-08-28 21:00:00,29.7,78,0.0,3.7,157.9,499.2,100.4,0.0,32.7,990.0
Dwarka,28.5921,77.046,2026-08-28 22:00:00,29.4,79,0.0,3.6,143.9,386.5,90.1,0.0,30.3,769.0
Dwarka,28.5921,77.046,2026-08-28 23:00:00,29.4,78,0.0,3.9,122.5,285.9,78.3,2.0,27.1,568.0
Dwarka,28.5921,77.046,2026-08-29 00:00:00,28.8,79,0.0,3.9,101.5,238.0,67.0,6.0,23.0,439.0
Dwarka,28.5921,77.046,2026-08-29 01:00:00,28.5,78,0.0,6.1,93.1,284.1,54.2,13.0,18.1,332.0
Dwarka,28.5921,77.046,2026-08-29 02:00:00,28.3,78,0.0,7.7,105.5,486.2,42.8,20.0,14.1,256.0
Dwarka,28.5921,77.046,2026-08-29 03:00:00,28.1,78,0.0,8.4,143.9,871.7,33.6,26.0,11.9,224.0
Dwarka,28.5921,77.046,2026-08-29 04:00:00,27.9,77,0.0,10.0,183.0,1214.4,25.8,32.0,10.7,224.0
Dwarka,28.5921,77.046,2026-08-29 05:00:00,28.3,77,0.0,12.8,293.4,2048.9,13.8,51.0,8.0,229.0
Dwarka,28.5921,77.046,2026-08-29 06:00:00,27.9,77,0.0,11.9,299.0,2063.8,14.7,53.0,8.6,234.0
Dwarka,28.5921,77.046,2026-08-29 07:00:00,28.5,75,0.0,12.4,299.0,2071.3,15.9,58.0,9.5,243.0
Dwarka,28.5921,77.046,2026-08-29 08:00:00,29.4,72,0.0,12.4,244.9,1676.4,15.7,68.0,10.3,244.0
Dwarka,28.5921,77.046,2026-08-29 09:00:00,30.5,68,0.0,12.4,244.9,1799.3,12.8,91.0,10.8,226.0
Dwarka,28.5921,77.046,2026-08-29 10:00:00,31.7,64,0.0,12.4,246.8,1829.1,8.6,120.0,11.2,199.0
Dwarka,28.5921,77.046,2026-08-29 11:00:00,33.1,58,0.0,11.0,224.0,1628.0,5.5,141.0,11.5,178.0
Dwarka,28.5921,77.046,2026-08-29 12:00:00,33.9,56,0.0,10.3,192.3,1363.5,3.7,150.0,11.7,166.0
Dwarka,28.5921,77.046,2026-08-29 13:00:00,34.4,53,0.0,10.4,170.4,1180.9,3.0,152.0,11.8,160.0
Dwarka,28.5921,77.046,2026-08-29 14:00:00,34.6,51,0.0,10.4,154.6,1043.1,4.9,147.0,11.9,170.0
Dwarka,28.5921,77.046,2026-08-29 15:00:00,34.5,52,0.0,10.0,143.4,946.2,10.3,135.0,11.8,202.0
Dwarka,28.5921,77.046,2026-08-29 16:00:00,34.2,52,0.0,10.0,139.2,892.2,18.2,117.0,11.7,250.0
Dwarka,28.5921,77.046,2026-08-29 17:00:00,33.6,57,0.0,6.9,113.2,655.7,21.6,98.0,9.4,306.0
Dwarka,28.5921,77.046,2026-08-29 18:00:00,32.7,66,0.0,2.6,103.4,444.2,42.2,71.0,13.7,385.0
Dwarka,28.5921,77.046,2026-08-29 19:00:00,31.8,71,0.0,0.9,109.4,402.3,70.0,33.0,19.5,473.0
Dwarka,28.5921,77.046,2026-08-29 20:00:00,30.6,77,0.0,4.8,109.7,330.6,87.0,7.0,23.2,513.0
Dwarka,28.5921,77.046,2026-08-29 21:00:00,30.3,75,0.0,6.2,99.2,245.9,83.4,2.0,23.2,466.0
Dwarka,28.5921,77.046,2026-08-29 22:00:00,29.8,75,0.0,5.2,88.5,196.5,69.0,9.0,21.1,371.0
Dwarka,28.5921,77.046,2026-08-29 23:00:00,29.9,75,0.0,5.7,85.9,266.4,55.0,17.0,18.5,295.0
Dwarka,28.5921,77.046,2026-08-30 00:00:00,29.2,78,0.0,5.1,113.2,599.8,44.5,24.0,15.5,263.0
Dwarka,28.5921,77.046,2026-08-30 01:00:00,29.0,77,0.0,6.1,146.7,920.1,34.3,33.0,12.1,249.0
Dwarka,28.5921,77.046,2026-08-30 02:00:00,28.7,75,0.0,7.5,172.8,1132.5,26.4,39.0,9.5,238.0
Dwarka,28.5921,77.046,2026-08-30 03:00:00,28.3,74,0.0,8.1,182.5,1180.9,21.8,40.0,8.4,226.0
Dwarka,28.5921,77.046,2026-08-30 04:00:00,27.9,74,0.0,7.9,177.4,1099.0,19.5,39.0,8.3,218.0
Dwarka,28.5921,77.046,2026-08-30 05:00:00,28.3,72,0.0,10.6,247.7,1713.6,11.8,55.0,7.5,212.0
Dwarka,28.5921,77.046,2026-08-30 06:00:00,28.0,73,0.0,9.5,238.4,1598.1,12.1,58.0,8.3,211.0
Dwarka,28.5921,77.046,2026-08-30 07:00:00,28.8,72,0.0,9.8,248.7,1668.9,12.3,62.0,9.5,213.0
Dwarka,28.5921,77.046,2026-08-30 08:00:00,29.6,69,0.0,10.7,207.2,1397.0,11.8,72.0,10.5,210.0
Dwarka,28.5921,77.046,2026-08-30 09:00:00,30.6,67,0.0,10.1,211.9,1519.9,9.6,92.0,11.1,196.0
Dwarka,28.5921,77.046,2026-08-30 10:00:00,32.0,63,0.0,9.7,211.4,1519.9,6.6,116.0,11.5,176.0
Dwarka,28.5921,77.046,2026-08-30 11:00:00,32.8,59,0.0,10.3,196.5,1385.8,4.4,135.0,11.7,161.0
Dwarka,28.5921,77.046,2026-08-30 12:00:00,33.0,58,0.0,9.0,158.3,1065.4,3.3,143.0,11.6,150.0
Dwarka,28.5921,77.046,2026-08-30 13:00:00,33.2,57,0.0,7.0,120.1,733.9,2.9,145.0,11.4,143.0
Dwarka,28.5921,77.046,2026-08-30 14:00:00,33.4,55,0.0,5.8,90.6,462.9,3.9,142.0,11.1,151.0
Dwarka,28.5921,77.046,2026-08-30 15:00:00,34.0,52,0.0,6.8,73.8,330.6,5.8,133.0,10.5,180.0
Dwarka,28.5921,77.046,2026-08-30 16:00:00,33.6,53,0.1,6.1,62.4,239.3,9.0,118.0,9.8,225.0
Dwarka,28.5921,77.046,2026-08-30 17:00:00,33.3,56,0.0,6.4,62.4,216.1,16.2,96.0,10.2,279.0
Dwarka,28.5921,77.046,2026-08-30 18:00:00,31.9,66,0.0,4.9,68.9,170.4,31.8,72.0,13.9,359.0
Dwarka,28.5921,77.046,2026-08-30 19:00:00,31.1,70,0.0,6.1,77.5,166.7,53.0,40.0,19.0,450.0
Dwarka,28.5921,77.046,2026-08-30 20:00:00,30.7,71,0.0,7.2,78.9,146.2,66.1,17.0,22.2,497.0
Dwarka,28.5921,77.046,2026-08-30 21:00:00,30.2,72,0.0,7.4,70.1,114.3,64.1,13.0,21.8,466.0
Dwarka,28.5921,77.046,2026-08-30 22:00:00,29.8,73,0.0,6.7,59.8,88.0,54.0,18.0,19.5,392.0
Dwarka,28.5921,77.046,2026-08-30 23:00:00,29.7,75,0.0,7.6,51.2,72.9,44.0,24.0,17.1,324.0
Dwarka,28.5921,77.046,2026-08-31 00:00:00,29.3,74,0.0,8.0,43.9,73.3,36.0,30.0,14.8,278.0
Dwarka,28.5921,77.046,2026-08-31 01:00:00,29.0,72,0.0,8.5,40.6,89.2,28.1,36.0,12.4,238.0
Dwarka,28.5921,77.046,2026-08-31 02:00:00,28.6,70,0.0,8.7,41.4,124.3,21.9,41.0,10.5,209.0
Dwarka,28.5921,77.046,2026-08-31 03:00:00,28.1,70,0.0,9.1,56.1,240.3,18.3,42.0,9.5,192.0
Dwarka,28.5921,77.046,2026-08-31 04:00:00,27.7,71,0.0,9.0,71.5,329.7,16.4,41.0,9.1,186.0
Dwarka,28.5921,77.046,2026-08-31 05:00:00,28.0,71,0.0,12.5,172.3,1177.2,11.3,49.0,7.6,186.0
Dwarka,28.5921,77.046,2026-08-31 06:00:00,27.6,71,0.0,11.5,136.9,746.9,12.9,48.0,8.8,196.0
Dwarka,28.5921,77.046,2026-08-31 07:00:00,28.1,70,0.0,11.2,113.4,542.0,15.1,49.0,10.4,213.0
Dwarka,28.5921,77.046,2026-08-31 08:00:00,29.1,66,0.0,11.9,103.6,504.8,15.7,57.0,11.8,221.0
Dwarka,28.5921,77.046,2026-08-31 09:00:00,30.1,64,0.0,11.9,145.3,957.4,13.3,81.0,12.7,210.0
Dwarka,28.5921,77.046,2026-08-31 10:00:00,31.7,59,0.0,11.1,170.4,1154.8,9.5,113.0,13.4,190.0
Dwarka,28.5921,77.046,2026-08-31 11:00:00,32.8,54,0.0,12.3,172.3,1136.2,6.5,138.0,13.8,174.0
Dwarka,28.5921,77.046,2026-08-31 12:00:00,33.2,53,0.0,10.0,152.7,938.8,4.9,151.0,13.9,165.0
Dwarka,28.5921,77.046,2026-08-31 13:00:00,33.9,50,0.1,8.7,125.7,707.8,4.3,157.0,13.7,161.0
Dwarka,28.5921,77.046,2026-08-31 14:00:00,34.0,50,0.2,8.3,100.6,502.9,5.4,155.0,13.3,169.0
Dwarka,28.5921,77.046,2026-08-31 15:00:00,34.0,49,0.1,8.8,87.5,411.6,7.7,145.0,12.3,162.0
Dwarka,28.5921,77.046,2026-08-31 16:00:00,33.6,50,0.1,10.3,75.9,304.5,11.8,127.0,11.1,166.0
Dwarka,28.5921,77.046,2026-08-31 17:00:00,33.0,55,0.0,8.0,64.3,253.3,16.4,98.0,9.1,271.0
Dwarka,28.5921,77.046,2026-08-31 18:00:00,31.9,62,0.0,5.2,72.6,237.0,38.8,70.0,13.5,573.0
Dwarka,28.5921,77.046,2026-08-31 19:00:00,31.5,68,0.0,2.3,83.8,225.8,69.5,31.0,19.5,976.0
Dwarka,28.5921,77.046,2026-08-31 20:00:00,31.2,70,0.0,1.3,96.2,228.6,90.6,3.0,24.7,1276.0
Dwarka,28.5921,77.046,2026-08-31 21:00:00,30.6,73,0.0,1.4,106.9,225.4,93.7,0.0,28.4,1410.0
Dwarka,28.5921,77.046,2026-08-31 22:00:00,30.2,76,0.0,2.2,110.4,209.1,87.2,0.0,31.1,1441.0
Dwarka,28.5921,77.046,2026-08-31 23:00:00,30.0,75,0.0,6.3,105.5,189.1,79.1,0.0,31.9,1357.0
Dwarka,28.5921,77.046,2026-09-01 00:00:00,29.2,79,0.0,5.1,91.5,156.9,70.9,3.0,29.6,1085.0
Dwarka,28.5921,77.046,2026-09-01 01:00:00,28.7,77,0.0,5.4,74.7,126.2,61.0,8.0,25.4,697.0
Dwarka,28.5921,77.046,2026-09-01 02:00:00,28.2,76,0.0,5.1,61.7,105.2,52.7,12.0,22.1,399.0
Dwarka,28.5921,77.046,2026-09-01 03:00:00,28.0,74,0.0,6.7,52.0,91.0,47.5,14.0,21.0,283.0
Dwarka,28.5921,77.046,2026-09-01 04:00:00,27.7,74,0.0,6.6,46.1,95.2,43.8,15.0,20.8,256.0
Dwarka,28.5921,77.046,2026-09-01 05:00:00,28.1,72,0.0,9.5,75.2,358.6,14.8,45.0,8.6,248.0
Dwarka,28.5921,77.046,2026-09-01 06:00:00,27.7,73,0.0,9.7,78.0,352.0,15.9,45.0,9.7,243.0
Dwarka,28.5921,77.046,2026-09-01 07:00:00,28.5,72,0.0,8.5,81.0,353.9,17.2,47.0,11.4,256.0
Dwarka,28.5921,77.046,2026-09-01 08:00:00,29.5,68,0.0,10.3,130.4,873.6,17.1,57.0,12.7,260.0
Dwarka,28.5921,77.046,2026-09-01 09:00:00,30.7,64,0.0,9.9,148.1,1039.4,14.2,83.0,13.6,240.0
Dwarka,28.5921,77.046,2026-09-01 10:00:00,32.0,60,0.0,8.7,149.0,1028.2,9.9,117.0,14.2,210.0
Dwarka,28.5921,77.046,2026-09-01 11:00:00,32.6,55,0.0,8.2,120.6,780.4,6.6,144.0,14.5,188.0
Dwarka,28.5921,77.046,2026-09-01 12:00:00,33.2,52,0.0,6.2,79.6,405.1,5.1,159.0,14.4,177.0
Dwarka,28.5921,77.046,2026-09-01 13:00:00,34.1,49,0.1,4.5,68.0,311.1,4.6,166.0,14.0,174.0
Dwarka,28.5921,77.046,2026-09-01 14:00:00,34.5,48,0.1,4.4,63.6,272.9,5.6,167.0,13.7,188.0
Dwarka,28.5921,77.046,2026-09-01 15:00:00,32.6,57,0.9,6.5,62.6,261.7,8.6,158.0,13.3,206.0
Dwarka,28.5921,77.046,2026-09-01 16:00:00,31.6,60,0.9,3.5,57.6,217.5,13.1,143.0,13.0,242.0
Dwarka,28.5921,77.046,2026-09-01 17:00:00,31.4,64,0.1,6.0,65.0,184.9,20.2,175.0,23.4,338.0
Dwarka,28.5921,77.046,2026-09-01 18:00:00,31.5,61,0.0,4.7,71.0,173.7,29.4,147.0,24.7,562.0
Dwarka,28.5921,77.046,2026-09-01 19:00:00,30.7,68,0.0,2.4,76.4,154.6,41.9,109.0,26.6,847.0
Dwarka,28.5921,77.046,2026-09-01 20:00:00,30.3,71,0.0,4.0,74.7,136.9,49.9,79.0,27.9,1040.0
Dwarka,28.5921,77.046,2026-09-01 21:00:00,29.9,73,0.0,3.4,68.9,117.8,49.1,68.0,28.5,1061.0
Dwarka,28.5921,77.046,2026-09-01 22:00:00,29.5,76,0.0,3.2,64.3,101.5,43.8,65.0,28.7,989.0
Dwarka,28.5921,77.046,2026-09-01 23:00:00,27.2,82,0.0,4.7,60.5,89.9,39.1,62.0,28.1,906.0
Dwarka,28.5921,77.046,2026-09-02 00:00:00,27.4,81,0.0,5.8,57.7,81.7,36.2,56.0,26.3,827.0
Dwarka,28.5921,77.046,2026-09-02 01:00:00,27.1,84,0.0,7.2,56.5,75.9,34.0,49.0,23.8,737.0
Dwarka,28.5921,77.046,2026-09-02 02:00:00,26.5,89,0.0,5.2,56.0,71.9,33.3,42.0,22.1,666.0
Dwarka,28.5921,77.046,2026-09-02 03:00:00,26.3,91,0.0,3.4,56.3,70.3,36.0,30.0,21.4,620.0
Dwarka,28.5921,77.046,2026-09-02 04:00:00,26.2,92,0.0,1.8,57.6,70.5,40.4,18.0,21.6,594.0
Dwarka,28.5921,77.046,2026-09-02 05:00:00,25.3,92,0.1,2.8,55.9,85.4,37.3,43.0,29.2,602.0
Dwarka,28.5921,77.046,2026-09-02 06:00:00,25.4,92,0.3,4.3,56.6,81.7,38.3,52.0,35.4,683.0
Dwarka,28.5921,77.046,2026-09-02 07:00:00,26.2,83,0.1,3.5,52.2,93.4,39.4,66.0,43.8,797.0
Dwarka,28.5921,77.046,2026-09-02 08:00:00,28.3,75,0.0,3.7,54.8,113.6,37.6,88.0,48.8,840.0
Dwarka,28.5921,77.046,2026-09-02 09:00:00,30.2,68,0.0,2.2,57.6,133.2,30.4,125.0,47.4,741.0
Dwarka,28.5921,77.046,2026-09-02 10:00:00,31.8,61,0.0,1.9,59.4,141.1,20.3,169.0,42.5,570.0
Dwarka,28.5921,77.046,2026-09-02 11:00:00,33.9,55,0.1,8.7,58.7,139.7,12.6,203.0,37.9,430.0
Dwarka,28.5921,77.046,2026-09-02 12:00:00,27.4,83,5.2,14.0,57.5,138.3,8.9,219.0,34.6,356.0
Dwarka,28.5921,77.046,2026-09-02 13:00:00,26.7,93,3.2,7.2,54.8,133.2,7.5,224.0,31.6,314.0
Dwarka,28.5921,77.046,2026-09-02 14:00:00,28.5,83,0.7,4.6,61.9,150.9,8.7,219.0,29.0,304.0
Dwarka,28.5921,77.046,2026-09-02 15:00:00,29.7,75,0.2,6.9,51.3,112.2,12.9,200.0,26.4,329.0
Dwarka,28.5921,77.046,2026-09-02 16:00:00,29.7,75,0.0,5.1,44.5,87.1,19.6,169.0,24.3,386.0
Dwarka,28.5921,77.046,2026-09-02 17:00:00,31.1,63,0.0,9.2,44.7,97.1,26.6,127.0,24.2,465.0
Dwarka,28.5921,77.046,2026-09-02 18:00:00,29.5,70,0.0,9.6,45.9,92.9,39.3,103.0,28.5,574.0
Dwarka,28.5921,77.046,2026-09-02 19:00:00,28.8,73,0.0,6.0,54.9,90.6,56.6,69.0,34.3,706.0
Dwarka,28.5921,77.046,2026-09-02 20:00:00,28.3,75,0.0,6.1,56.9,84.8,68.1,43.0,38.0,829.0
Dwarka,28.5921,77.046,2026-09-02 21:00:00,27.8,78,0.0,5.7,56.9,78.0,68.8,32.0,38.0,951.0
Dwarka,28.5921,77.046,2026-09-02 22:00:00,27.3,83,0.0,4.8,55.1,69.6,63.6,29.0,35.9,1064.0
Dwarka,28.5921,77.046,2026-09-02 23:00:00,27.5,88,0.0,5.8,48.2,56.8,57.2,29.0,33.4,1114.0
Dwarka,28.5921,77.046,2026-09-03 00:00:00,27.2,90,0.0,4.8,43.5,48.3,49.9,32.0,30.6,1052.0
Dwarka,28.5921,77.046,2026-09-03 01:00:00,26.8,90,0.0,7.4,38.2,40.2,41.3,38.0,27.4,926.0
Dwarka,28.5921,77.046,2026-09-03 02:00:00,26.3,91,0.0,5.4,33.2,34.0,34.5,43.0,24.7,830.0
Dwarka,28.5921,77.046,2026-09-03 03:00:00,26.0,91,0.0,5.1,29.5,29.8,30.9,44.0,23.0,811.0
Dwarka,28.5921,77.046,2026-09-03 04:00:00,25.8,93,0.0,3.3,27.9,27.9,29.2,44.0,22.0,821.0
Dwarka,28.5921,77.046,2026-09-03 05:00:00,26.1,96,0.0,3.1,10.3,10.3,18.9,66.0,17.2,814.0
Dwarka,28.5921,77.046,2026-09-03 06:00:00,26.2,97,0.2,4.2,10.0,10.0,20.2,66.0,18.5,767.0
Dwarka,28.5921,77.046,2026-09-03 07:00:00,26.7,94,0.0,4.9,10.0,10.0,21.9,68.0,20.3,703.0
Dwarka,28.5921,77.046,2026-09-03 08:00:00,28.0,86,0.2,5.9,10.9,10.9,22.1,74.0,21.7,637.0
Dwarka,28.5921,77.046,2026-09-03 09:00:00,29.5,80,0.1,6.7,12.8,12.9,19.6,89.0,22.5,572.0
Dwarka,28.5921,77.046,2026-09-03 10:00:00,30.8,73,0.1,6.4,15.7,20.4,15.7,110.0,23.0,505.0
Dwarka,28.5921,77.046,2026-09-03 11:00:00,31.4,67,0.1,6.3,17.2,24.6,12.6,125.0,22.8,449.0
Dwarka,28.5921,77.046,2026-09-03 12:00:00,31.1,68,1.3,7.6,17.5,21.5,10.9,131.0,21.3,402.0
Dwarka,28.5921,77.046,2026-09-03 13:00:00,31.9,64,0.3,7.2,18.9,21.5,9.9,132.0,19.3,366.0
Dwarka,28.5921,77.046,2026-09-03 14:00:00,32.1,62,0.3,8.0,19.0,20.7,10.2,132.0,18.3,350.0
Dwarka,28.5921,77.046,2026-09-03 15:00:00,31.9,61,0.4,5.8,20.4,23.9,10.3,138.0,19.0,354.0
Dwarka,28.5921,77.046,2026-09-03 16:00:00,32.0,60,0.0,4.9,21.9,24.2,11.6,143.0,20.8,379.0
Dwarka,28.5921,77.046,2026-09-03 17:00:00,29.3,81,0.1,6.3,26.8,27.2,33.9,85.0,26.9,441.0
Dwarka,28.5921,77.046,2026-09-03 18:00:00,28.4,84,0.0,7.6,30.7,31.1,47.9,66.0,29.9,573.0
Dwarka,28.5921,77.046,2026-09-03 19:00:00,27.7,89,0.0,4.1,40.5,40.9,67.4,39.0,34.0,741.0
Dwarka,28.5921,77.046,2026-09-03 20:00:00,27.4,90,0.0,6.6,52.2,52.6,82.7,18.0,37.3,858.0
Dwarka,28.5921,77.046,2026-09-03 21:00:00,27.2,89,0.0,5.8,67.5,68.0,90.8,8.0,39.1,876.0
Dwarka,28.5921,77.046,2026-09-03 22:00:00,27.2,89,0.0,4.4,71.7,72.2,94.8,3.0,40.1,843.0
Dwarka,28.5921,77.046,2026-09-03 23:00:00,28.0,88,0.0,4.1,70.3,71.0,94.7,2.0,39.9,814.0
Dwarka,28.5921,77.046,2026-09-04 00:00:00,26.9,94,1.1,1.8,68.0,68.5,89.2,4.0,37.8,805.0
Dwarka,28.5921,77.046,2026-09-04 01:00:00,26.7,96,0.1,0.5,65.2,65.7,79.7,8.0,34.6,800.0
Dwarka,28.5921,77.046,2026-09-04 02:00:00,26.8,97,0.0,2.8,61.7,62.2,70.1,13.0,31.8,804.0
Dwarka,28.5921,77.046,2026-09-04 03:00:00,26.9,94,0.0,4.0,57.5,58.0,61.4,15.0,30.0,834.0
Dwarka,28.5921,77.046,2026-09-04 04:00:00,26.9,94,0.0,4.6,52.9,53.2,52.8,17.0,28.6,873.0
Dwarka,28.5921,77.046,2026-09-04 05:00:00,27.5,97,0.0,4.7,53.1,53.4,54.3,20.0,29.9,873.0
Dwarka,28.5921,77.046,2026-09-04 06:00:00,26.9,96,0.3,8.5,49.4,49.7,55.8,17.0,30.9,802.0
Dwarka,28.5921,77.046,2026-09-04 07:00:00,26.4,96,0.5,9.9,51.3,51.6,57.5,13.0,32.2,693.0
Dwarka,28.5921,77.046,2026-09-04 08:00:00,27.2,89,0.2,8.1,55.1,55.3,55.9,20.0,33.0,598.0
Dwarka,28.5921,77.046,2026-09-04 09:00:00,29.1,78,0.1,8.7,45.4,45.8,47.8,47.0,32.8,536.0
Dwarka,28.5921,77.046,2026-09-04 10:00:00,30.2,75,0.0,7.7,40.4,40.6,36.3,84.0,32.1,489.0
Dwarka,28.5921,77.046,2026-09-04 11:00:00,30.7,73,0.1,6.9,34.7,34.9,27.8,112.0,31.9,450.0
Dwarka,28.5921,77.046,2026-09-04 12:00:00,29.1,81,4.1,5.2,33.8,34.2,24.5,124.0,32.2,409.0
Dwarka,28.5921,77.046,2026-09-04 13:00:00,29.8,77,0.4,3.3,34.2,34.7,24.2,126.0,32.9,377.0
Dwarka,28.5921,77.046,2026-09-04 14:00:00,30.5,72,0.2,6.9,35.0,35.5,26.1,125.0,34.6,382.0
Dwarka,28.5921,77.046,2026-09-04 15:00:00,30.2,73,0.1,5.2,35.4,35.9,29.4,122.0,37.8,420.0
Dwarka,28.5921,77.046,2026-09-04 16:00:00,30.1,73,0.0,6.8,36.7,37.1,34.8,115.0,42.0,494.0
Dwarka,28.5921,77.046,2026-09-04 17:00:00,29.1,77,0.0,4.5,79.2,269.2,35.1,98.0,30.9,641.0
Dwarka,28.5921,77.046,2026-09-04 18:00:00,28.4,81,0.0,3.7,74.3,176.0,44.4,79.0,31.5,954.0
Dwarka,28.5921,77.046,2026-09-04 19:00:00,28.0,83,0.0,6.2,65.2,101.5,57.0,54.0,32.2,1339.0
Dwarka,28.5921,77.046,2026-09-04 20:00:00,27.6,84,0.0,6.8,61.0,76.4,63.9,36.0,31.8,1549.0
Dwarka,28.5921,77.046,2026-09-04 21:00:00,27.2,89,0.3,5.8,56.2,62.4,60.4,33.0,29.6,1429.0
Dwarka,28.5921,77.046,2026-09-04 22:00:00,26.3,93,0.8,6.9,48.1,49.9,51.4,37.0,26.4,1135.0
Dwarka,28.5921,77.046,2026-09-04 23:00:00,27.0,90,4.1,8.3,41.4,42.0,42.3,43.0,23.2,884.0
Dwarka,28.5921,77.046,2026-09-05 00:00:00,26.5,94,0.6,8.4,31.8,31.9,34.4,50.0,20.3,760.0
Dwarka,28.5921,77.046,2026-09-05 01:00:00,26.4,96,0.7,7.0,24.9,25.0,26.5,60.0,17.6,680.0
Dwarka,28.5921,77.046,2026-09-05 02:00:00,26.3,95,0.7,9.0,19.4,19.6,20.6,66.0,15.5,611.0
Dwarka,28.5921,77.046,2026-09-05 03:00:00,25.9,96,1.7,8.4,14.2,14.3,17.6,67.0,14.4,536.0
Dwarka,28.5921,77.046,2026-09-05 04:00:00,25.7,96,2.2,7.5,11.6,11.7,16.7,66.0,14.0,472.0
Dwarka,28.5921,77.046,2026-09-05 05:00:00,25.8,96,1.9,10.1,13.4,13.5,19.2,61.0,15.7,444.0
Dwarka,28.5921,77.046,2026-09-05 06:00:00,25.4,97,3.3,7.4,15.8,15.9,23.4,58.0,16.5,476.0
Dwarka,28.5921,77.046,2026-09-05 07:00:00,25.5,96,0.4,5.6,19.5,19.6,29.0,54.0,17.6,543.0
Dwarka,28.5921,77.046,2026-09-05 08:00:00,25.9,93,0.2,6.2,20.5,20.7,32.3,54.0,19.0,592.0
Dwarka,28.5921,77.046,2026-09-05 09:00:00,26.4,91,0.7,2.9,18.7,18.9,31.2,61.0,20.7,600.0
Dwarka,28.5921,77.046,2026-09-05 10:00:00,27.3,89,0.5,4.7,16.9,17.1,27.8,72.0,22.7,590.0
Dwarka,28.5921,77.046,2026-09-05 11:00:00,27.6,86,0.4,6.2,17.3,17.5,24.8,86.0,24.6,575.0
Dwarka,28.5921,77.046,2026-09-05 12:00:00,28.1,84,0.3,8.9,19.4,19.6,22.5,106.0,26.4,554.0
Dwarka,28.5921,77.046,2026-09-05 13:00:00,25.8,94,6.9,6.6,22.3,22.6,20.7,128.0,28.2,528.0
Dwarka,28.5921,77.046,2026-09-05 14:00:00,26.0,95,1.8,6.5,24.7,25.0,21.3,141.0,30.1,516.0
Dwarka,28.5921,77.046,2026-09-05 15:00:00,26.6,94,0.6,7.5,28.2,28.6,24.6,141.0,31.9,497.0
Dwarka,28.5921,77.046,2026-09-05 16:00:00,26.9,92,0.1,5.2,33.6,34.0,30.5,132.0,33.8,493.0
Dwarka,28.5921,77.046,2026-09-05 17:00:00,27.5,87,0.0,6.8,40.2,41.9,35.9,102.0,32.7,581.0
Dwarka,28.5921,77.046,2026-09-05 18:00:00,27.2,88,0.0,5.7,47.7,48.9,47.4,79.0,33.3,868.0
Dwarka,28.5921,77.046,2026-09-05 19:00:00,26.9,89,0.0,5.1,53.8,54.7,62.9,46.0,34.1,1249.0
Dwarka,28.5921,77.046,2026-09-05 20:00:00,26.9,89,0.0,5.1,56.8,57.6,72.6,23.0,34.1,1485.0
Dwarka,28.5921,77.046,2026-09-05 21:00:00,26.9,89,0.0,4.9,55.5,56.2,71.2,17.0,32.7,1439.0
Dwarka,28.5921,77.046,2026-09-05 22:00:00,26.7,90,0.0,3.6,55.8,56.3,63.9,20.0,30.5,1247.0
Dwarka,28.5921,77.046,2026-09-05 23:00:00,26.8,90,0.0,3.7,56.1,56.6,57.0,23.0,28.5,1086.0
Dwarka,28.5921,77.046,2026-09-06 00:00:00,26.4,90,0.0,5.4,54.7,55.2,52.4,23.0,26.8,1025.0
Dwarka,28.5921,77.046,2026-09-06 01:00:00,26.0,92,0.1,5.4,52.7,53.2,48.2,23.0,25.2,994.0
Dwarka,28.5921,77.046,2026-09-06 02:00:00,25.6,94,0.2,5.7,53.2,53.6,44.4,24.0,24.0,957.0
Dwarka,28.5921,77.046,2026-09-06 03:00:00,25.4,95,0.0,6.6,52.7,53.1,41.5,24.0,23.5,905.0
Dwarka,28.5921,77.046,2026-09-06 04:00:00,25.4,95,0.0,6.5,51.2,51.6,39.1,25.0,23.5,847.0
Dwarka,28.5921,77.046,2026-09-06 05:00:00,24.8,97,0.0,6.4,44.6,44.9,35.4,34.0,25.5,768.0
Dwarka,28.5921,77.046,2026-09-06 06:00:00,24.1,100,4.1,3.1,46.6,46.8,33.6,42.0,27.5,642.0
Dwarka,28.5921,77.046,2026-09-06 07:00:00,24.1,99,3.8,5.2,41.7,41.9,31.0,54.0,30.3,495.0
Dwarka,28.5921,77.046,2026-09-06 08:00:00,24.7,94,1.8,6.9,33.4,33.6,27.7,73.0,32.9,391.0
Dwarka,28.5921,77.046,2026-09-06 09:00:00,25.2,93,1.3,7.0,27.8,28.1,23.0,105.0,35.4,370.0
Dwarka,28.5921,77.046,2026-09-06 10:00:00,26.0,90,1.1,6.7,27.6,27.8,17.6,145.0,37.7,392.0
Dwarka,28.5921,77.046,2026-09-06 11:00:00,26.4,92,0.5,12.6,29.7,29.9,13.5,176.0,39.0,404.0
Dwarka,28.5921,77.046,2026-09-06 12:00:00,26.4,91,6.2,10.9,30.7,30.9,11.2,193.0,38.6,374.0
Dwarka,28.5921,77.046,2026-09-06 13:00:00,25.6,93,2.3,11.8,32.0,32.1,10.1,202.0,37.1,334.0
Dwarka,28.5921,77.046,2026-09-06 14:00:00,25.7,91,0.8,11.5,34.7,34.8,10.5,204.0,36.4,322.0
Dwarka,28.5921,77.046,2026-09-06 15:00:00,26.3,85,0.1,8.0,33.4,33.9,11.1,202.0,36.7,330.0
Dwarka,28.5921,77.046,2026-09-06 16:00:00,26.2,84,0.0,4.3,33.5,33.9,13.3,193.0,37.6,367.0
Dwarka,28.5921,77.046,2026-09-06 17:00:00,27.9,81,0.0,6.3,21.3,21.4,19.8,102.0,23.7,495.0
Dwarka,28.5921,77.046,2026-09-06 18:00:00,27.1,86,0.0,2.9,26.3,26.8,35.2,79.0,27.9,795.0
Dwarka,28.5921,77.046,2026-09-06 19:00:00,26.4,90,0.0,1.7,37.6,37.8,56.7,48.0,33.8,1188.0
Dwarka,28.5921,77.046,2026-09-06 20:00:00,26.1,91,0.0,0.7,55.6,55.8,74.0,23.0,39.0,1496.0
Dwarka,28.5921,77.046,2026-09-06 21:00:00,25.7,93,0.0,1.6,67.5,67.5,83.0,11.0,42.8,1662.0
Dwarka,28.5921,77.046,2026-09-06 22:00:00,25.3,95,0.0,1.9,72.9,72.9,87.8,5.0,46.0,1743.0
Dwarka,28.5921,77.046,2026-09-06 23:00:00,25.6,95,0.0,1.3,81.7,81.7,90.9,2.0,48.2,1739.0
Dwarka,28.5921,77.046,2026-09-07 00:00:00,24.9,97,0.0,0.4,87.1,87.3,92.4,0.0,49.0,1596.0
Dwarka,28.5921,77.046,2026-09-07 01:00:00,24.7,98,0.0,0.5,88.9,89.6,92.2,1.0,48.8,1367.0
Dwarka,28.5921,77.046,2026-09-07 02:00:00,24.3,100,0.0,2.2,89.4,90.3,91.7,2.0,49.0,1213.0
Dwarka,28.5921,77.046,2026-09-07 03:00:00,24.1,100,0.0,2.1,87.8,88.9,92.8,0.0,50.3,1236.0
Dwarka,28.5921,77.046,2026-09-07 04:00:00,23.9,100,0.0,5.5,86.1,87.1,93.6,0.0,51.9,1334.0
Dwarka,28.5921,77.046,2026-09-07 05:00:00,24.8,100,0.0,4.6,72.9,72.9,77.6,5.0,62.5,1355.0
Dwarka,28.5921,77.046,2026-09-07 06:00:00,24.6,99,0.0,4.3,76.8,77.1,70.0,18.0,61.7,1220.0
Dwarka,28.5921,77.046,2026-09-07 07:00:00,25.7,95,0.0,4.7,68.0,68.5,59.2,38.0,60.5,1009.0
Dwarka,28.5921,77.046,2026-09-07 08:00:00,27.6,88,0.0,4.0,52.7,54.8,48.1,68.0,58.8,809.0
Dwarka,28.5921,77.046,2026-09-07 09:00:00,29.4,77,0.0,4.0,41.6,50.4,36.8,115.0,56.5,640.0
Dwarka,28.5921,77.046,2026-09-07 10:00:00,30.6,71,0.0,5.0,45.9,59.4,25.2,172.0,53.6,483.0
Dwarka,28.5921,77.046,2026-09-07 11:00:00,31.7,62,0.0,4.5,56.5,124.8,16.3,218.0,50.1,368.0
Dwarka,28.5921,77.046,2026-09-07 12:00:00,32.1,60,0.0,4.8,66.4,127.1,10.7,248.0,45.4,313.0
Dwarka,28.5921,77.046,2026-09-07 13:00:00,32.5,58,0.0,5.1,69.2,113.4,7.8,267.0,40.0,300.0
Dwarka,28.5921,77.046,2026-09-07 14:00:00,30.5,65,0.7,12.0,66.8,101.5,8.0,271.0,35.5,311.0
Dwarka,28.5921,77.046,2026-09-07 15:00:00,31.3,60,0.4,4.8,63.6,92.4,10.1,255.0,31.5,330.0
Dwarka,28.5921,77.046,2026-09-07 16:00:00,31.1,63,0.0,5.0,59.0,84.1,15.3,223.0,28.4,374.0
Dwarka,28.5921,77.046,2026-09-07 17:00:00,31.9,62,0.0,4.1,72.9,92.9,31.2,197.0,33.4,470.0
Dwarka,28.5921,77.046,2026-09-07 18:00:00,30.6,70,0.0,2.6,87.8,104.3,55.5,153.0,38.3,662.0
Dwarka,28.5921,77.046,2026-09-07 19:00:00,29.8,72,0.0,0.8,105.0,119.2,88.4,93.0,45.1,907.0
Dwarka,28.5921,77.046,2026-09-07 20:00:00,28.9,75,0.0,4.6,115.7,126.7,109.2,49.0,49.7,1106.0
Dwarka,28.5921,77.046,2026-09-07 21:00:00,28.2,75,0.0,8.7,118.5,126.7,106.8,38.0,50.4,1233.0
Dwarka,28.5921,77.046,2026-09-07 22:00:00,27.2,79,0.0,6.0,119.0,126.7,92.2,44.0,49.0,1313.0
Dwarka,28.5921,77.046,2026-09-07 23:00:00,26.8,83,0.0,4.0,104.1,114.6,77.9,49.0,46.6,1328.0
Dwarka,28.5921,77.046,2026-09-08 00:00:00,26.2,85,0.0,3.8,97.6,108.7,67.5,48.0,43.2,1253.0
Dwarka,28.5921,77.046,2026-09-08 01:00:00,26.0,84,0.0,5.3,98.5,109.9,57.3,46.0,38.7,1112.0
Dwarka,28.5921,77.046,2026-09-08 02:00:00,25.7,86,0.0,4.9,96.4,107.8,48.6,46.0,34.6,955.0
Dwarka,28.5921,77.046,2026-09-08 03:00:00,25.3,88,0.0,4.8,88.2,100.8,41.8,48.0,31.3,775.0
Dwarka,28.5921,77.046,2026-09-08 04:00:00,25.1,89,0.0,5.4,78.0,92.7,36.3,51.0,28.3,579.0
Dwarka,28.5921,77.046,2026-09-08 05:00:00,26.0,80,0.0,4.9,135.5,147.1,85.7,12.0,47.6,439.0
Dwarka,28.5921,77.046,2026-09-08 06:00:00,25.5,84,0.1,6.3,112.5,125.3,72.1,34.0,43.2,404.0
Dwarka,28.5921,77.046,2026-09-08 07:00:00,26.3,84,0.0,7.7,95.5,108.0,52.9,66.0,37.0,425.0
Dwarka,28.5921,77.046,2026-09-08 08:00:00,27.9,76,0.0,7.4,66.6,87.1,36.0,97.0,31.1,422.0
Dwarka,28.5921,77.046,2026-09-08 09:00:00,28.5,71,0.0,10.5,47.7,75.9,23.7,129.0,25.8,355.0
Dwarka,28.5921,77.046,2026-09-08 10:00:00,29.2,68,0.0,11.2,73.1,358.6,13.7,161.0,20.9,266.0
Dwarka,28.5921,77.046,2026-09-08 11:00:00,31.9,63,0.0,10.5,57.4,215.1,6.8,182.0,17.0,198.0
Dwarka,28.5921,77.046,2026-09-08 12:00:00,31.1,65,0.6,12.8,48.8,152.3,3.5,187.0,14.7,167.0
Dwarka,28.5921,77.046,2026-09-08 13:00:00,32.0,64,0.0,10.4,44.6,123.9,3.4,182.0,13.6,158.0
Dwarka,28.5921,77.046,2026-09-08 14:00:00,32.5,60,0.0,11.7,41.2,105.2,5.3,172.0,13.0,171.0
Dwarka,28.5921,77.046,2026-09-08 15:00:00,32.4,57,0.3,11.1,45.6,146.7,8.6,158.0,12.5,206.0
Dwarka,28.5921,77.046,2026-09-08 16:00:00,32.2,61,0.6,9.4,49.0,153.2,14.0,140.0,12.5,264.0
Dwarka,28.5921,77.046,2026-09-08 17:00:00,32.2,65,0.0,5.2,57.7,192.8,24.2,114.0,14.5,346.0
Dwarka,28.5921,77.046,2026-09-08 18:00:00,30.9,72,0.0,3.5,64.7,183.9,40.5,89.0,18.5,475.0
Dwarka,28.5921,77.046,2026-09-08 19:00:00,30.1,74,0.0,3.8,72.2,181.1,63.0,53.0,24.1,629.0
Dwarka,28.5921,77.046,2026-09-08 20:00:00,29.5,75,0.0,4.9,79.9,185.3,79.9,25.0,28.5,743.0
Dwarka,28.5921,77.046,2026-09-08 21:00:00,28.7,78,0.0,3.9,89.2,197.0,86.3,11.0,30.9,800.0
Dwarka,28.5921,77.046,2026-09-08 22:00:00,28.0,82,0.0,5.5,96.9,201.6,87.2,5.0,32.0,817.0
Dwarka,28.5921,77.046,2026-09-08 23:00:00,28.4,76,0.0,9.3,96.9,190.9,84.8,1.0,31.4,779.0
Dwarka,28.5921,77.046,2026-09-09 00:00:00,27.8,74,0.0,5.2,89.9,172.3,79.3,0.0,28.2,650.0
Dwarka,28.5921,77.046,2026-09-09 01:00:00,27.4,76,0.0,6.7,81.3,155.1,70.6,2.0,23.2,466.0
Dwarka,28.5921,77.046,2026-09-09 02:00:00,26.7,80,0.0,5.9,76.1,187.7,61.3,5.0,18.9,323.0
Dwarka,28.5921,77.046,2026-09-09 03:00:00,26.5,78,0.0,5.5,78.0,278.5,51.2,9.0,15.9,264.0
Dwarka,28.5921,77.046,2026-09-09 04:00:00,26.5,74,0.0,6.2,84.3,391.2,40.5,14.0,13.5,245.0
Dwarka,28.5921,77.046,2026-09-09 05:00:00,27.6,72,0.0,12.2,110.8,713.4,15.6,45.0,8.8,238.0
Dwarka,28.5921,77.046,2026-09-09 06:00:00,27.4,73,0.0,12.4,110.1,668.7,17.6,46.0,9.7,238.0
Dwarka,28.5921,77.046,2026-09-09 07:00:00,28.0,73,0.0,11.9,116.2,702.2,20.2,49.0,10.9,249.0
Dwarka,28.5921,77.046,2026-09-09 08:00:00,28.9,71,0.0,11.8,114.3,644.5,20.6,59.0,11.8,250.0
Dwarka,28.5921,77.046,2026-09-09 09:00:00,30.0,67,0.0,12.2,111.8,689.2,16.9,85.0,12.3,230.0
Dwarka,28.5921,77.046,2026-09-09 10:00:00,31.2,63,0.0,12.1,118.5,741.3,11.0,119.0,12.5,201.0
Dwarka,28.5921,77.046,2026-09-09 11:00:00,32.9,53,0.0,14.3,121.1,746.9,6.6,144.0,12.5,179.0
Dwarka,28.5921,77.046,2026-09-09 12:00:00,33.3,51,0.0,12.9,116.9,705.9,4.5,153.0,12.3,162.0
Dwarka,28.5921,77.046,2026-09-09 13:00:00,33.6,50,0.0,12.6,109.0,648.2,3.7,154.0,11.8,151.0
Dwarka,28.5921,77.046,2026-09-09 14:00:00,33.6,49,0.0,12.2,103.8,614.7,5.4,148.0,11.5,166.0
Dwarka,28.5921,77.046,2026-09-09 15:00:00,33.5,50,0.0,12.2,102.4,605.4,9.5,137.0,11.0,206.0
Dwarka,28.5921,77.046,2026-09-09 16:00:00,33.0,53,0.0,10.2,108.5,618.4,15.9,121.0,10.7,272.0
Dwarka,28.5921,77.046,2026-09-09 17:00:00,32.8,57,0.0,7.7,83.6,402.3,24.8,98.0,11.4,386.0
Dwarka,28.5921,77.046,2026-09-09 18:00:00,31.4,64,0.0,4.4,79.6,294.3,43.6,71.0,15.2,613.0
Dwarka,28.5921,77.046,2026-09-09 19:00:00,30.7,68,0.0,4.2,85.0,256.1,69.3,34.0,20.6,888.0
Dwarka,28.5921,77.046,2026-09-09 20:00:00,29.6,72,0.0,3.6,93.8,246.8,87.1,7.0,25.5,1045.0
Dwarka,28.5921,77.046,2026-09-09 21:00:00,28.9,75,0.0,5.1,103.8,246.8,89.7,0.0,30.0,986.0
Dwarka,28.5921,77.046,2026-09-09 22:00:00,28.4,78,0.0,3.9,110.1,234.2,84.4,0.0,34.0,809.0
Dwarka,28.5921,77.046,2026-09-09 23:00:00,28.6,79,0.0,3.6,109.9,216.1,78.4,0.0,35.8,640.0
Dwarka,28.5921,77.046,2026-09-10 00:00:00,28.0,80,0.0,4.6,107.3,198.4,74.2,0.0,33.8,513.0
Dwarka,28.5921,77.046,2026-09-10 01:00:00,27.5,81,0.0,4.4,99.7,170.0,69.3,0.0,29.6,395.0
Dwarka,28.5921,77.046,2026-09-10 02:00:00,27.1,82,0.0,5.0,83.1,136.9,63.6,0.0,25.6,309.0
Dwarka,28.5921,77.046,2026-09-10 03:00:00,26.8,83,0.0,4.3,74.0,183.5,56.2,3.0,22.4,271.0
Dwarka,28.5921,77.046,2026-09-10 04:00:00,26.6,82,0.0,5.6,74.0,263.6,47.9,9.0,19.4,265.0
Dwarka,28.5921,77.046,2026-09-10 05:00:00,26.9,81,0.0,7.1,79.2,328.8,40.3,20.0,15.4,268.0
Dwarka,28.5921,77.046,2026-09-10 06:00:00,26.5,81,0.0,7.8,81.7,375.3,36.9,28.0,15.1,283.0
Dwarka,28.5921,77.046,2026-09-10 07:00:00,27.9,74,0.0,9.5,84.8,407.0,32.0,40.0,14.8,307.0
Dwarka,28.5921,77.046,2026-09-10 08:00:00,29.6,69,0.0,9.6,79.9,377.2,26.5,59.0,14.7,312.0
Dwarka,28.5921,77.046,2026-09-10 09:00:00,30.6,65,0.0,11.0,80.1,421.9,19.8,91.0,15.1,278.0
Dwarka,28.5921,77.046,2026-09-10 10:00:00,31.8,61,0.0,10.4,89.2,493.6,12.6,130.0,15.8,224.0
Dwarka,28.5921,77.046,2026-09-10 11:00:00,33.6,51,0.0,12.5,91.5,504.8,7.3,159.0,16.4,183.0
Dwarka,28.5921,77.046,2026-09-10 12:00:00,34.1,49,0.0,12.0,67.1,271.9,4.6,172.0,16.6,165.0
Dwarka,28.5921,77.046,2026-09-10 13:00:00,34.4,47,0.0,12.1,78.2,386.5,4.0,175.0,16.7,159.0
Dwarka,28.5921,77.046,2026-09-10 14:00:00,34.4,46,0.0,12.9,77.3,381.8,6.1,171.0,16.8,170.0
Dwarka,28.5921,77.046,2026-09-10 15:00:00,34.0,48,0.0,12.4,76.8,376.3,10.9,159.0,16.4,186.0
Dwarka,28.5921,77.046,2026-09-10 16:00:00,33.4,52,0.0,10.9,78.5,361.4,18.4,139.0,16.1,218.0
Dwarka,28.5921,77.046,2026-09-10 17:00:00,33.0,52,0.0,10.7,80.3,413.5,23.5,110.0,14.4,305.0
Dwarka,28.5921,77.046,2026-09-10 18:00:00,31.4,58,0.0,6.1,84.3,383.7,34.2,91.0,18.7,493.0
Dwarka,28.5921,77.046,2026-09-10 19:00:00,30.5,64,0.0,5.2,85.4,317.6,49.2,64.0,24.7,735.0
Dwarka,28.5921,77.046,2026-09-10 20:00:00,30.0,66,0.0,5.0,91.5,334.3,61.3,42.0,29.8,932.0
Dwarka,28.5921,77.046,2026-09-10 21:00:00,29.6,68,0.0,4.3,91.7,287.8,68.7,29.0,33.6,1026.0
Dwarka,28.5921,77.046,2026-09-10 22:00:00,29.3,70,0.0,2.4,98.0,278.5,73.3,21.0,36.5,1074.0
Dwarka,28.5921,77.046,2026-09-10 23:00:00,29.8,71,0.0,1.9,95.5,245.9,74.1,17.0,37.4,1148.0
Dwarka,28.5921,77.046,2026-09-11 00:00:00,29.2,72,0.0,1.4,87.8,202.6,68.7,18.0,34.9,1300.0
Dwarka,28.5921,77.046,2026-09-11 01:00:00,28.9,73,0.0,2.0,82.4,176.5,59.5,23.0,30.4,1479.0
Dwarka,28.5921,77.046,2026-09-11 02:00:00,27.9,75,0.0,5.0,78.5,157.9,53.0,27.0,27.1,1603.0
Dwarka,28.5921,77.046,2026-09-11 03:00:00,27.2,82,0.0,3.4,77.3,147.1,53.0,23.0,26.5,1633.0
Dwarka,28.5921,77.046,2026-09-11 04:00:00,26.8,85,0.0,2.8,77.5,139.2,55.7,18.0,27.2,1609.0
Dwarka,28.5921,77.046,2026-09-11 05:00:00,28.3,79,0.0,0.6,85.2,150.4,67.9,10.0,35.8,1568.0
Dwarka,28.5921,77.046,2026-09-11 06:00:00,27.8,82,0.0,1.9,88.7,147.6,61.3,31.0,36.9,1538.0
Dwarka,28.5921,77.046,2026-09-11 07:00:00,29.1,79,0.0,4.0,88.7,128.1,51.8,63.0,38.2,1491.0
Dwarka,28.5921,77.046,2026-09-11 08:00:00,30.5,76,0.0,4.3,78.7,126.2,41.6,98.0,38.7,1378.0
Dwarka,28.5921,77.046,2026-09-11 09:00:00,31.8,71,0.0,6.8,68.7,135.5,30.0,144.0,37.9,1138.0
Dwarka,28.5921,77.046,2026-09-11 10:00:00,28.8,82,2.0,14.0,60.3,108.5,17.8,194.0,36.1,834.0
Dwarka,28.5921,77.046,2026-09-11 11:00:00,31.9,61,1.7,9.9,56.2,86.6,9.5,223.0,33.3,599.0
Dwarka,28.5921,77.046,2026-09-11 12:00:00,31.0,69,1.6,5.1,52.3,71.5,7.5,213.0,28.3,490.0
Dwarka,28.5921,77.046,2026-09-11 13:00:00,31.1,69,0.2,10.2,42.0,49.2,9.4,182.0,22.1,452.0
Dwarka,28.5921,77.046,2026-09-11 14:00:00,29.8,77,1.5,9.4,33.6,35.6,12.4,154.0,18.4,454.0
Dwarka,28.5921,77.046,2026-09-11 15:00:00,30.4,74,0.3,7.9,28.0,28.6,16.0,140.0,19.1,493.0
Dwarka,28.5921,77.046,2026-09-11 16:00:00,30.4,70,0.1,9.2,24.4,24.7,20.8,130.0,22.2,573.0
Dwarka,28.5921,77.046,2026-09-11 17:00:00,28.6,82,0.0,11.0,18.8,18.8,17.8,120.0,15.8,672.0
Dwarka,28.5921,77.046,2026-09-11 18:00:00,27.2,90,0.5,8.3,22.2,22.2,21.8,107.0,17.1,813.0
Dwarka,28.5921,77.046,2026-09-11 19:00:00,26.9,92,0.1,6.7,22.6,22.6,27.3,89.0,18.9,974.0
Dwarka,28.5921,77.046,2026-09-11 20:00:00,26.9,92,0.0,7.3,21.6,21.6,31.2,74.0,20.2,1069.0
Dwarka,28.5921,77.046,2026-09-11 21:00:00,27.0,91,0.0,7.3,20.4,20.4,32.2,65.0,20.6,1051.0
Dwarka,28.5921,77.046,2026-09-11 22:00:00,26.8,92,0.0,7.9,20.5,20.5,31.7,60.0,20.6,967.0
Dwarka,28.5921,77.046,2026-09-11 23:00:00,27.5,92,0.0,8.8,21.1,21.1,30.6,55.0,20.2,876.0
Dwarka,28.5921,77.046,2026-09-12 00:00:00,27.2,91,0.0,8.7,20.5,20.5,28.7,51.0,19.2,791.0
Dwarka,28.5921,77.046,2026-09-12 01:00:00,27.0,91,0.0,7.2,19.7,19.8,26.2,49.0,17.9,699.0
Dwarka,28.5921,77.046,2026-09-12 02:00:00,27.0,90,0.0,7.6,19.2,19.3,24.4,46.0,17.0,622.0
Dwarka,28.5921,77.046,2026-09-12 03:00:00,27.0,90,0.0,5.2,18.9,19.0,23.9,42.0,16.9,561.0
Dwarka,28.5921,77.046,2026-09-12 04:00:00,26.0,94,0.4,9.4,18.1,18.3,24.2,37.0,17.2,516.0
Dwarka,28.5921,77.046,2026-09-12 05:00:00,27.3,89,2.4,7.2,16.1,16.3,22.3,44.0,18.6,508.0
Dwarka,28.5921,77.046,2026-09-12 06:00:00,26.7,93,0.6,7.6,16.1,16.6,26.1,43.0,19.7,572.0
Dwarka,28.5921,77.046,2026-09-12 07:00:00,27.4,91,0.1,8.2,17.6,18.2,31.2,43.0,21.2,674.0
Dwarka,28.5921,77.046,2026-09-12 08:00:00,28.6,86,0.0,5.7,20.1,20.7,33.3,49.0,22.1,734.0
Dwarka,28.5921,77.046,2026-09-12 09:00:00,29.2,82,0.0,6.0,20.3,20.7,29.8,65.0,22.1,715.0
Dwarka,28.5921,77.046,2026-09-12 10:00:00,30.6,75,0.0,5.0,19.0,19.1,23.4,86.0,21.5,654.0
Dwarka,28.5921,77.046,2026-09-12 11:00:00,29.3,75,2.8,3.1,18.0,18.2,17.7,108.0,20.6,588.0
Dwarka,28.5921,77.046,2026-09-12 12:00:00,30.3,72,0.5,5.0,19.2,19.3,13.0,132.0,19.2,513.0
Dwarka,28.5921,77.046,2026-09-12 13:00:00,31.1,66,0.7,12.2,20.1,23.6,9.0,156.0,17.5,432.0
Dwarka,28.5921,77.046,2026-09-12 14:00:00,31.2,69,0.1,9.6,19.7,20.9,8.1,168.0,16.5,392.0
Dwarka,28.5921,77.046,2026-09-12 15:00:00,31.3,68,0.0,8.9,19.9,23.1,12.1,161.0,16.5,416.0
Dwarka,28.5921,77.046,2026-09-12 16:00:00,31.1,69,0.0,9.0,20.4,22.5,19.3,143.0,17.1,481.0
Dwarka,28.5921,77.046,2026-09-12 17:00:00,30.3,74,0.1,6.8,19.7,20.1,19.8,118.0,14.1,563.0
Dwarka,28.5921,77.046,2026-09-12 18:00:00,29.4,79,0.0,5.3,26.9,27.1,35.2,92.0,17.4,677.0
Dwarka,28.5921,77.046,2026-09-12 19:00:00,28.9,82,0.0,5.1,36.3,36.6,56.3,55.0,21.9,808.0
Dwarka,28.5921,77.046,2026-09-12 20:00:00,28.7,84,0.0,5.5,42.6,43.0,70.2,29.0,25.1,885.0
Dwarka,28.5921,77.046,2026-09-12 21:00:00,28.6,86,0.0,6.5,44.2,44.7,70.8,23.0,25.8,867.0
Dwarka,28.5921,77.046,2026-09-12 22:00:00,28.4,86,0.0,6.6,42.5,42.8,64.3,27.0,25.1,794.0
Dwarka,28.5921,77.046,2026-09-12 23:00:00,29.1,84,0.0,7.1,39.1,39.3,56.3,32.0,23.8,717.0
Dwarka,28.5921,77.046,2026-09-13 00:00:00,28.6,85,0.0,6.2,35.2,35.4,47.3,36.0,21.9,647.0
Dwarka,28.5921,77.046,2026-09-13 01:00:00,28.3,85,0.0,6.5,31.5,31.8,36.8,42.0,19.5,573.0
Dwarka,28.5921,77.046,2026-09-13 02:00:00,28.0,87,0.0,6.9,28.2,28.4,28.5,46.0,17.5,507.0
Dwarka,28.5921,77.046,2026-09-13 03:00:00,27.8,88,0.0,7.6,25.1,25.3,24.1,45.0,16.1,450.0
Dwarka,28.5921,77.046,2026-09-13 04:00:00,27.6,89,0.0,7.8,22.8,22.8,21.9,42.0,15.1,401.0
Dwarka,28.5921,77.046,2026-09-13 05:00:00,27.9,85,0.0,8.8,20.0,20.1,23.2,43.0,18.1,370.0
Dwarka,28.5921,77.046,2026-09-13 06:00:00,27.5,88,0.0,10.4,20.3,20.4,21.0,54.0,18.3,371.0
Dwarka,28.5921,77.046,2026-09-13 07:00:00,28.1,87,0.0,8.5,21.8,21.8,17.8,70.0,18.5,390.0
Dwarka,28.5921,77.046,2026-09-13 08:00:00,29.0,81,0.0,10.7,20.7,20.9,14.5,89.0,18.4,395.0
Dwarka,28.5921,77.046,2026-09-13 09:00:00,29.9,74,0.0,10.7,22.1,24.3,11.0,114.0,17.7,369.0
Dwarka,28.5921,77.046,2026-09-13 10:00:00,31.0,68,0.0,10.3,23.6,26.7,7.4,142.0,16.7,330.0
Dwarka,28.5921,77.046,2026-09-13 11:00:00,32.0,61,0.0,10.3,24.9,35.6,4.8,163.0,15.8,299.0
Dwarka,28.5921,77.046,2026-09-13 12:00:00,32.5,59,0.1,10.1,24.7,29.5,3.6,171.0,15.1,283.0
Dwarka,28.5921,77.046,2026-09-13 13:00:00,32.7,58,0.1,10.3,24.4,27.8,3.4,172.0,14.5,276.0
Dwarka,28.5921,77.046,2026-09-13 14:00:00,32.7,57,0.1,10.3,24.1,26.4,4.6,168.0,14.4,279.0
Dwarka,28.5921,77.046,2026-09-13 15:00:00,32.6,58,0.1,9.4,23.6,25.2,7.7,159.0,15.0,295.0
Dwarka,28.5921,77.046,2026-09-13 16:00:00,32.2,59,0.0,9.7,23.6,24.8,12.1,146.0,16.1,321.0
Dwarka,28.5921,77.046,2026-09-13 17:00:00,31.8,63,0.0,8.5,22.6,24.0,13.2,124.0,14.3,352.0
Dwarka,28.5921,77.046,2026-09-13 18:00:00,30.2,71,0.1,8.1,28.0,29.7,17.9,109.0,16.6,392.0
Dwarka,28.5921,77.046,2026-09-13 19:00:00,29.3,74,0.0,9.0,30.6,31.5,24.3,89.0,19.6,437.0
Dwarka,28.5921,77.046,2026-09-13 20:00:00,28.6,80,0.0,8.2,29.3,30.7,27.8,75.0,21.3,462.0
Dwarka,28.5921,77.046,2026-09-13 21:00:00,28.2,82,0.0,9.2,26.4,28.2,25.8,73.0,20.3,453.0
Dwarka,28.5921,77.046,2026-09-13 22:00:00,27.9,83,0.0,9.3,23.6,25.2,21.0,78.0,18.0,425.0
Dwarka,28.5921,77.046,2026-09-13 23:00:00,28.6,82,0.0,10.5,21.8,25.6,17.2,80.0,16.2,395.0
Dwarka,28.5921,77.046,2026-09-14 00:00:00,28.0,84,0.0,9.9,20.5,26.3,15.8,77.0,15.7,367.0
Dwarka,28.5921,77.046,2026-09-14 01:00:00,27.5,87,0.0,9.5,19.7,26.0,15.4,72.0,15.6,338.0
Dwarka,28.5921,77.046,2026-09-14 02:00:00,27.1,89,0.0,9.9,23.7,73.3,15.3,66.0,15.8,313.0
Dwarka,28.5921,77.046,2026-09-14 03:00:00,26.9,90,0.0,10.0,26.5,96.4,15.5,59.0,16.1,289.0
Dwarka,28.5921,77.046,2026-09-14 04:00:00,26.3,93,0.0,9.2,28.1,106.2,16.1,52.0,16.7,271.0
Dwarka,28.5921,77.046,2026-09-14 05:00:00,26.6,92,0.6,9.4,18.8,24.7,16.5,53.0,19.4,275.0
Dwarka,28.5921,77.046,2026-09-14 06:00:00,26.6,93,0.0,9.4,20.4,26.0,17.1,57.0,20.1,326.0
Dwarka,28.5921,77.046,2026-09-14 07:00:00,27.4,89,0.0,9.6,23.0,44.9,17.7,64.0,21.1,400.0
Dwarka,28.5921,77.046,2026-09-14 08:00:00,28.4,84,0.1,11.0,23.2,44.7,17.1,78.0,21.5,445.0
Dwarka,28.5921,77.046,2026-09-14 09:00:00,29.5,76,0.1,9.8,21.9,29.9,13.9,104.0,21.0,433.0
Dwarka,28.5921,77.046,2026-09-14 10:00:00,30.7,70,0.1,10.6,21.0,24.9,9.4,137.0,19.9,393.0
Dwarka,28.5921,77.046,2026-09-14 11:00:00,30.1,67,0.0,13.2,21.9,24.0,6.1,162.0,18.8,360.0
Dwarka,28.5921,77.046,2026-09-14 12:00:00,31.5,63,0.1,9.8,23.1,24.4,4.5,175.0,17.6,341.0
Dwarka,28.5921,77.046,2026-09-14 13:00:00,31.7,63,0.2,9.4,25.4,26.6,4.0,181.0,16.4,330.0
Dwarka,28.5921,77.046,2026-09-14 14:00:00,31.8,63,0.5,9.4,25.8,29.2,5.2,181.0,16.0,343.0
Dwarka,28.5921,77.046,2026-09-14 15:00:00,31.3,63,0.5,9.4,28.3,31.8,8.4,175.0,17.0,392.0
Dwarka,28.5921,77.046,2026-09-14 16:00:00,30.9,66,0.5,8.3,28.9,30.7,13.3,162.0,18.7,465.0
Dwarka,28.5921,77.046,2026-09-14 17:00:00,31.4,62,0.0,8.5,41.7,43.2,17.4,140.0,18.5,543.0
Dwarka,28.5921,77.046,2026-09-14 18:00:00,30.7,66,0.0,5.3,46.8,48.1,27.1,116.0,20.8,638.0
Dwarka,28.5921,77.046,2026-09-14 19:00:00,30.0,69,0.0,4.9,54.0,55.1,40.3,84.0,23.8,739.0
Dwarka,28.5921,77.046,2026-09-14 20:00:00,29.7,72,0.0,6.5,57.5,58.4,48.3,61.0,25.9,790.0
Dwarka,28.5921,77.046,2026-09-14 21:00:00,29.2,75,0.0,7.8,55.9,56.8,46.4,56.0,26.1,757.0
Dwarka,28.5921,77.046,2026-09-14 22:00:00,27.9,80,0.1,9.0,53.8,54.7,39.4,61.0,25.2,674.0
Dwarka,28.5921,77.046,2026-09-14 23:00:00,28.1,81,1.3,9.0,49.8,50.6,33.0,65.0,24.0,589.0
Dwarka,28.5921,77.046,2026-09-15 00:00:00,27.5,82,0.0,9.0,46.4,47.3,28.8,65.0,22.5,510.0
Dwarka,28.5921,77.046,2026-09-15 01:00:00,27.0,84,0.0,8.4,44.4,45.1,25.2,64.0,20.7,429.0
Dwarka,28.5921,77.046,2026-09-15 02:00:00,26.5,87,0.0,8.2,42.7,43.4,22.6,63.0,19.3,370.0
Dwarka,28.5921,77.046,2026-09-15 03:00:00,26.3,88,0.0,7.6,41.2,41.9,21.5,60.0,18.8,339.0
Dwarka,28.5921,77.046,2026-09-15 04:00:00,26.1,90,0.0,7.2,40.7,41.3,21.4,56.0,18.7,329.0
Dwarka,28.5921,77.046,2026-09-15 05:00:00,26.5,86,0.0,5.7,36.9,37.5,19.9,62.0,19.3,344.0
Dwarka,28.5921,77.046,2026-09-15 06:00:00,26.4,86,0.0,5.4,41.4,42.0,21.3,66.0,20.7,406.0
Dwarka,28.5921,77.046,2026-09-15 07:00:00,27.5,82,0.0,3.9,42.4,43.0,23.1,74.0,22.7,492.0
Dwarka,28.5921,77.046,2026-09-15 08:00:00,29.1,74,0.0,5.6,38.9,39.7,22.8,87.0,23.7,537.0
Dwarka,28.5921,77.046,2026-09-15 09:00:00,30.5,67,0.1,6.9,33.9,34.8,18.5,112.0,23.0,500.0
Dwarka,28.5921,77.046,2026-09-15 10:00:00,31.8,61,0.2,8.4,29.3,30.3,12.2,144.0,21.4,422.0
Dwarka,28.5921,77.046,2026-09-15 11:00:00,32.3,56,0.1,8.6,28.3,29.3,7.4,169.0,19.8,358.0
Dwarka,28.5921,77.046,2026-09-15 12:00:00,31.0,62,1.0,11.4,28.6,29.6,5.0,183.0,18.3,325.0
Dwarka,28.5921,77.046,2026-09-15 13:00:00,31.4,58,0.5,4.7,29.6,30.7,4.1,190.0,16.8,306.0
Dwarka,28.5921,77.046,2026-09-15 14:00:00,32.3,56,0.0,4.2,30.3,31.3,5.4,190.0,16.0,307.0
Dwarka,28.5921,77.046,2026-09-15 15:00:00,32.4,57,0.0,3.8,29.3,30.4,9.7,179.0,16.0,302.0
Dwarka,28.5921,77.046,2026-09-15 16:00:00,32.2,58,0.0,2.7,29.9,31.0,16.3,161.0,16.6,317.0
Dwarka,28.5921,77.046,2026-09-15 17:00:00,31.4,59,0.2,1.0,41.1,43.2,16.6,148.0,17.1,434.0
Dwarka,28.5921,77.046,2026-09-15 18:00:00,31.3,59,0.0,2.3,55.4,57.3,23.9,129.0,18.8,780.0
Dwarka,28.5921,77.046,2026-09-15 19:00:00,30.8,61,0.0,3.1,59.6,61.2,33.9,102.0,21.1,1229.0
Dwarka,28.5921,77.046,2026-09-15 20:00:00,30.5,64,0.0,4.5,53.0,54.2,41.1,79.0,22.8,1483.0
Dwarka,28.5921,77.046,2026-09-15 21:00:00,30.0,68,0.0,5.2,51.7,52.7,41.8,66.0,23.3,1362.0
Dwarka,28.5921,77.046,2026-09-15 22:00:00,29.6,71,0.0,3.8,49.0,49.9,39.6,58.0,23.3,1046.0
Dwarka,28.5921,77.046,2026-09-15 23:00:00,30.0,71,0.0,5.8,45.1,45.9,39.7,49.0,23.4,775.0
Dwarka,28.5921,77.046,2026-09-16 00:00:00,29.2,75,0.0,4.7,45.4,46.1,45.4,37.0,23.9,634.0
Dwarka,28.5921,77.046,2026-09-16 01:00:00,28.7,77,0.0,4.4,48.7,49.2,53.4,25.0,24.5,538.0
Dwarka,28.5921,77.046,2026-09-16 02:00:00,28.3,80,0.0,4.0,52.4,53.0,59.2,15.0,25.0,478.0
Dwarka,28.5921,77.046,2026-09-16 03:00:00,28.0,82,0.0,1.4,54.1,54.7,61.3,7.0,25.1,459.0
Dwarka,28.5921,77.046,2026-09-16 04:00:00,27.8,83,0.0,0.4,53.3,53.7,61.1,1.0,25.0,475.0
Dwarka,28.5921,77.046,2026-09-16 05:00:00,27.7,87,0.0,3.5,37.0,37.3,45.1,17.0,24.8,497.0
Dwarka,28.5921,77.046,2026-09-16 06:00:00,27.4,88,0.0,2.6,44.9,45.5,44.4,26.0,28.1,529.0
Dwarka,28.5921,77.046,2026-09-16 07:00:00,28.4,83,0.0,2.5,47.5,48.0,43.1,40.0,32.5,567.0
Dwarka,28.5921,77.046,2026-09-16 08:00:00,29.9,77,0.0,3.0,36.3,36.8,39.0,64.0,34.3,570.0
Dwarka,28.5921,77.046,2026-09-16 09:00:00,31.5,67,0.0,3.8,29.7,30.2,29.4,107.0,31.3,503.0
Dwarka,28.5921,77.046,2026-09-16 10:00:00,32.8,59,0.0,4.0,30.5,31.5,17.0,161.0,25.8,402.0
Dwarka,28.5921,77.046,2026-09-16 11:00:00,34.2,51,0.0,4.2,33.3,34.8,7.8,201.0,21.2,326.0
Dwarka,28.5921,77.046,2026-09-16 12:00:00,34.6,49,0.0,4.9,34.9,36.8,4.3,219.0,18.8,300.0
Dwarka,28.5921,77.046,2026-09-16 13:00:00,35.0,47,0.0,5.5,36.4,38.8,4.0,223.0,17.3,301.0
Dwarka,28.5921,77.046,2026-09-16 14:00:00,35.1,45,0.0,6.7,38.1,43.5,5.7,219.0,16.1,317.0
Dwarka,28.5921,77.046,2026-09-16 15:00:00,35.0,43,0.0,7.8,38.4,45.8,8.3,206.0,14.7,332.0
Dwarka,28.5921,77.046,2026-09-16 16:00:00,34.4,45,0.0,7.7,37.5,42.3,12.9,184.0,13.7,363.0
Dwarka,28.5921,77.046,2026-09-16 17:00:00,34.1,46,0.0,3.4,38.4,42.4,25.3,175.0,17.3,453.0
Dwarka,28.5921,77.046,2026-09-16 18:00:00,33.2,47,0.0,3.5,49.8,53.2,43.7,137.0,19.8,643.0
Dwarka,28.5921,77.046,2026-09-16 19:00:00,32.3,50,0.0,3.4,64.3,67.3,69.0,84.0,23.3,891.0
Dwarka,28.5921,77.046,2026-09-16 20:00:00,31.6,54,0.0,4.2,71.7,74.3,86.7,43.0,26.1,1119.0
Dwarka,28.5921,77.046,2026-09-16 21:00:00,31.1,57,0.0,4.6,68.9,71.2,89.8,27.0,27.7,1356.0
Dwarka,28.5921,77.046,2026-09-16 22:00:00,30.8,58,0.0,4.8,72.9,75.4,85.3,23.0,28.7,1572.0
Dwarka,28.5921,77.046,2026-09-16 23:00:00,30.5,64,0.0,5.5,77.3,80.3,80.4,21.0,28.9,1598.0
Dwarka,28.5921,77.046,2026-09-17 00:00:00,29.7,67,0.0,5.1,76.8,80.6,77.0,18.0,27.9,1266.0
Dwarka,28.5921,77.046,2026-09-17 01:00:00,29.3,70,0.0,3.9,72.4,76.4,73.2,17.0,26.2,744.0
Dwarka,28.5921,77.046,2026-09-17 02:00:00,28.8,74,0.0,3.1,67.5,71.5,69.7,16.0,25.1,365.0
Dwarka,28.5921,77.046,2026-09-17 03:00:00,25.3,87,0.8,10.0,65.7,69.4,67.6,12.0,25.0,281.0
Dwarka,28.5921,77.046,2026-09-17 04:00:00,25.4,88,0.1,5.5,64.5,68.2,65.9,8.0,25.5,341.0
Dwarka,28.5921,77.046,2026-09-17 05:00:00,26.4,83,0.0,16.7,46.0,48.8,26.5,82.0,30.9,423.0
Dwarka,28.5921,77.046,2026-09-17 06:00:00,25.2,84,0.0,11.4,48.7,51.0,28.7,86.0,33.2,515.0
Dwarka,28.5921,77.046,2026-09-17 07:00:00,26.2,76,0.0,6.8,51.0,53.3,31.5,94.0,36.2,629.0
Dwarka,28.5921,77.046,2026-09-17 08:00:00,27.4,69,0.0,7.7,51.8,55.3,31.4,114.0,38.0,685.0
Dwarka,28.5921,77.046,2026-09-17 09:00:00,28.6,65,0.0,3.3,51.7,56.3,25.5,156.0,37.6,626.0
Dwarka,28.5921,77.046,2026-09-17 10:00:00,31.0,57,0.0,6.4,50.6,58.0,16.7,209.0,36.0,507.0
Dwarka,28.5921,77.046,2026-09-17 11:00:00,31.4,57,0.0,10.6,50.8,59.8,9.9,250.0,34.0,417.0
Dwarka,28.5921,77.046,2026-09-17 12:00:00,31.7,60,0.1,8.6,51.3,64.5,6.8,272.0,31.8,389.0
Dwarka,28.5921,77.046,2026-09-17 13:00:00,32.3,54,0.0,8.1,51.0,59.4,5.8,281.0,29.3,389.0
Dwarka,28.5921,77.046,2026-09-17 14:00:00,32.7,53,0.0,2.6,51.2,59.8,7.0,277.0,26.6,400.0
Dwarka,28.5921,77.046,2026-09-17 15:00:00,32.8,51,0.2,3.1,50.4,59.4,10.9,253.0,23.3,414.0
Dwarka,28.5921,77.046,2026-09-17 16:00:00,32.7,50,0.0,3.4,47.8,56.9,16.9,215.0,19.7,438.0
Dwarka,28.5921,77.046,2026-09-17 17:00:00,32.3,50,0.0,5.6,53.0,68.7,22.2,138.0,17.3,485.0
Dwarka,28.5921,77.046,2026-09-17 18:00:00,30.7,63,0.0,3.7,53.3,63.8,23.7,131.0,17.8,588.0
Dwarka,28.5921,77.046,2026-09-17 19:00:00,30.2,65,0.0,4.9,51.6,59.1,25.7,121.0,18.5,712.0
Dwarka,28.5921,77.046,2026-09-17 20:00:00,29.5,68,0.0,3.9,48.7,54.6,26.7,114.0,18.7,766.0
Dwarka,28.5921,77.046,2026-09-17 21:00:00,29.3,69,0.0,3.3,44.6,49.9,25.6,112.0,18.1,678.0
Dwarka,28.5921,77.046,2026-09-17 22:00:00,28.6,70,0.0,6.4,40.3,43.1,23.5,112.0,17.1,520.0
Dwarka,28.5921,77.046,2026-09-17 23:00:00,27.5,70,0.0,10.7,35.6,37.7,21.8,110.0,16.4,411.0
Dwarka,28.5921,77.046,2026-09-18 00:00:00,26.3,75,0.0,8.6,32.2,34.6,21.1,103.0,16.2,415.0
Dwarka,28.5921,77.046,2026-09-18 01:00:00,25.8,78,0.0,7.8,31.0,34.6,20.9,94.0,16.2,468.0
Dwarka,28.5921,77.046,2026-09-18 02:00:00,25.4,80,0.0,5.6,29.9,34.8,21.3,86.0,16.7,504.0
Dwarka,28.5921,77.046,2026-09-18 03:00:00,25.1,81,0.0,6.8,29.6,35.0,22.7,77.0,17.6,492.0
Dwarka,28.5921,77.046,2026-09-18 04:00:00,24.8,82,0.0,7.2,30.6,36.1,24.8,68.0,18.9,463.0
Dwarka,28.5921,77.046,2026-09-18 05:00:00,25.5,78,0.0,8.8,25.1,29.5,17.9,85.0,16.0,441.0
Dwarka,28.5921,77.046,2026-09-18 06:00:00,25.0,81,0.0,6.4,26.7,31.1,19.3,89.0,17.4,439.0
Dwarka,28.5921,77.046,2026-09-18 07:00:00,26.0,80,0.0,5.4,29.1,33.2,21.0,95.0,19.4,444.0
Dwarka,28.5921,77.046,2026-09-18 08:00:00,27.5,76,0.0,6.7,26.1,30.9,20.9,107.0,20.4,436.0
Dwarka,28.5921,77.046,2026-09-18 09:00:00,29.1,67,0.0,8.7,25.2,51.9,17.1,132.0,19.7,403.0
Dwarka,28.5921,77.046,2026-09-18 10:00:00,30.4,61,0.0,9.6,26.4,66.4,11.4,162.0,18.2,358.0
Dwarka,28.5921,77.046,2026-09-18 11:00:00,31.0,51,0.1,15.5,23.5,38.5,7.0,186.0,16.5,323.0
Dwarka,28.5921,77.046,2026-09-18 12:00:00,28.5,65,0.6,4.6,22.9,34.3,4.9,198.0,14.9,305.0
Dwarka,28.5921,77.046,2026-09-18 13:00:00,30.3,60,0.0,8.9,22.9,32.8,4.0,203.0,13.2,297.0
Dwarka,28.5921,77.046,2026-09-18 14:00:00,31.0,56,0.0,6.0,24.7,36.2,5.1,200.0,12.0,306.0
Dwarka,28.5921,77.046,2026-09-18 15:00:00,31.2,55,0.0,6.6,23.5,33.2,8.4,186.0,11.4,319.0
Dwarka,28.5921,77.046,2026-09-18 16:00:00,30.8,56,0.0,5.6,24.2,34.8,13.5,163.0,11.3,350.0
Dwarka,28.5921,77.046,2026-09-18 17:00:00,30.9,65,0.0,3.4,26.4,39.1,17.5,181.0,18.9,443.0
Dwarka,28.5921,77.046,2026-09-18 18:00:00,29.9,73,0.0,2.2,38.9,49.7,33.5,143.0,20.7,647.0
Dwarka,28.5921,77.046,2026-09-18 19:00:00,29.8,70,0.0,0.5,50.2,60.8,55.4,90.0,23.2,914.0
Dwarka,28.5921,77.046,2026-09-18 20:00:00,28.7,77,0.0,2.3,51.5,60.3,70.9,50.0,24.8,1144.0
Dwarka,28.5921,77.046,2026-09-18 21:00:00,28.1,77,0.0,5.2,53.0,61.7,73.9,34.0,24.8,1310.0
Dwarka,28.5921,77.046,2026-09-18 22:00:00,27.4,77,0.0,5.1,53.7,62.9,70.5,30.0,23.9,1439.0
Dwarka,28.5921,77.046,2026-09-18 23:00:00,27.8,77,0.0,6.8,51.3,61.9,66.6,28.0,23.1,1509.0
Dwarka,28.5921,77.046,2026-09-19 00:00:00,26.8,82,0.0,4.3,49.1,61.7,63.4,26.0,22.7,1496.0
Dwarka,28.5921,77.046,2026-09-19 01:00:00,26.2,84,0.0,3.4,49.8,63.6,59.7,27.0,22.5,1425.0
Dwarka,28.5921,77.046,2026-09-19 02:00:00,25.6,86,0.0,2.9,51.9,66.6,57.5,26.0,22.5,1343.0
Dwarka,28.5921,77.046,2026-09-19 03:00:00,25.0,88,0.0,3.0,54.4,69.8,58.8,19.0,22.7,1268.0
Dwarka,28.5921,77.046,2026-09-19 04:00:00,24.5,89,0.0,3.0,56.8,73.3,61.5,10.0,23.2,1183.0
Dwarka,28.5921,77.046,2026-09-19 05:00:00,25.2,87,0.0,2.6,73.3,102.9,79.9,11.0,43.0,1088.0
Dwarka,28.5921,77.046,2026-09-19 06:00:00,24.8,87,0.0,3.4,83.6,114.1,71.2,31.0,45.5,977.0
Dwarka,28.5921,77.046,2026-09-19 07:00:00,26.0,82,0.0,3.4,86.8,115.9,58.9,60.0,48.7,856.0
Dwarka,28.5921,77.046,2026-09-19 08:00:00,27.9,75,0.0,2.9,66.8,110.4,46.4,94.0,50.2,738.0
Dwarka,28.5921,77.046,2026-09-19 09:00:00,29.6,66,0.0,3.6,48.8,100.4,33.9,135.0,48.4,617.0
Dwarka,28.5921,77.046,2026-09-19 10:00:00,30.8,57,0.0,3.9,45.5,90.8,21.3,180.0,44.8,499.0
Dwarka,28.5921,77.046,2026-09-19 11:00:00,32.2,51,0.0,4.8,48.7,100.1,12.0,217.0,41.4,413.0
Dwarka,28.5921,77.046,2026-09-19 12:00:00,32.8,48,0.0,5.3,51.8,104.3,7.3,242.0,38.5,370.0
Dwarka,28.5921,77.046,2026-09-19 13:00:00,32.9,46,0.0,6.3,54.7,108.0,6.0,259.0,35.8,359.0
Dwarka,28.5921,77.046,2026-09-19 14:00:00,33.0,46,0.0,6.5,55.4,105.9,7.8,265.0,34.0,379.0
Dwarka,28.5921,77.046,2026-09-19 15:00:00,33.0,44,0.0,6.0,55.9,103.4,11.6,258.0,33.2,424.0
Dwarka,28.5921,77.046,2026-09-19 16:00:00,32.5,46,0.0,5.1,56.6,99.0,18.5,240.0,33.3,500.0
Dwarka,28.5921,77.046,2026-09-19 17:00:00,31.9,52,0.0,6.5,70.5,125.7,29.8,191.0,32.5,617.0
Dwarka,28.5921,77.046,2026-09-19 18:00:00,30.2,61,0.0,4.0,81.5,129.0,53.8,147.0,36.1,791.0
Dwarka,28.5921,77.046,2026-09-19 19:00:00,29.6,64,0.0,3.7,94.5,138.3,86.4,86.0,41.0,1007.0
Dwarka,28.5921,77.046,2026-09-19 20:00:00,29.0,67,0.0,3.5,104.5,144.8,107.8,40.0,44.0,1234.0
Dwarka,28.5921,77.046,2026-09-19 21:00:00,28.3,69,0.0,4.4,112.2,150.4,107.4,25.0,43.5,1493.0
Dwarka,28.5921,77.046,2026-09-19 22:00:00,27.7,73,0.0,4.1,113.4,148.1,95.8,24.0,41.2,1762.0
Dwarka,28.5921,77.046,2026-09-19 23:00:00,27.6,78,0.0,3.3,106.6,136.0,84.3,26.0,38.3,1949.0
Dwarka,28.5921,77.046,2026-09-20 00:00:00,27.0,80,0.0,2.8,99.2,124.8,75.8,26.0,34.9,2008.0
Dwarka,28.5921,77.046,2026-09-20 01:00:00,26.7,82,0.0,1.7,94.8,117.6,67.5,28.0,30.9,1984.0
Dwarka,28.5921,77.046,2026-09-20 02:00:00,26.3,84,0.0,1.8,92.2,113.2,62.4,28.0,28.1,1921.0
Dwarka,28.5921,77.046,2026-09-20 03:00:00,25.9,86,0.0,2.7,92.7,113.4,63.6,21.0,27.2,1821.0
Dwarka,28.5921,77.046,2026-09-20 04:00:00,25.5,87,0.0,1.9,95.9,116.4,68.0,12.0,27.4,1681.0
Dwarka,28.5921,77.046,2026-09-20 05:00:00,26.2,87,0.0,0.6,92.0,107.1,69.6,5.0,25.6,1535.0
Dwarka,28.5921,77.046,2026-09-20 06:00:00,25.7,90,0.0,2.1,94.1,108.5,60.3,28.0,27.5,1399.0
Dwarka,28.5921,77.046,2026-09-20 07:00:00,27.0,86,0.0,1.7,92.7,104.5,47.1,61.0,30.2,1257.0
Dwarka,28.5921,77.046,2026-09-20 08:00:00,28.9,77,0.0,0.8,72.6,92.2,34.8,97.0,32.2,1100.0
Dwarka,28.5921,77.046,2026-09-20 09:00:00,30.9,63,0.0,3.0,62.4,99.2,24.3,138.0,33.0,897.0
Dwarka,28.5921,77.046,2026-09-20 10:00:00,32.0,53,0.0,3.9,56.2,97.1,14.7,181.0,33.1,679.0
Dwarka,28.5921,77.046,2026-09-20 11:00:00,33.2,46,0.0,3.6,55.1,104.5,7.8,215.0,32.5,525.0
Dwarka,28.5921,77.046,2026-09-20 12:00:00,33.6,45,0.0,3.1,55.5,99.0,4.6,234.0,30.9,484.0
Dwarka,28.5921,77.046,2026-09-20 13:00:00,33.9,43,0.0,2.8,56.5,99.0,4.2,242.0,28.6,508.0
Dwarka,28.5921,77.046,2026-09-20 14:00:00,33.9,43,0.0,2.3,56.9,103.8,5.6,242.0,26.9,524.0
Dwarka,28.5921,77.046,2026-09-20 15:00:00,33.8,44,0.0,2.3,57.2,98.3,8.2,233.0,25.9,496.0
Dwarka,28.5921,77.046,2026-09-20 16:00:00,33.4,45,0.0,4.5,57.4,93.6,12.7,216.0,25.4,461.0
Dwarka,28.5921,77.046,2026-09-20 17:00:00,32.9,48,0.2,7.4,64.5,99.4,19.3,178.0,23.7,461.0
Dwarka,28.5921,77.046,2026-09-20 18:00:00,31.5,49,0.0,7.8,71.5,103.8,26.9,150.0,24.8,523.0
Dwarka,28.5921,77.046,2026-09-20 19:00:00,30.5,53,0.0,5.3,76.6,106.4,37.7,110.0,26.4,620.0
Dwarka,28.5921,77.046,2026-09-20 20:00:00,29.7,58,0.0,4.0,78.9,104.8,47.5,77.0,27.9,715.0
Dwarka,28.5921,77.046,2026-09-20 21:00:00,29.2,61,0.0,3.6,81.7,106.2,54.9,56.0,29.2,805.0
Dwarka,28.5921,77.046,2026-09-20 22:00:00,28.8,65,0.0,2.8,89.2,113.9,61.4,41.0,30.5,892.0
Dwarka,28.5921,77.046,2026-09-20 23:00:00,28.9,69,0.0,2.3,97.6,122.9,67.0,29.0,31.7,944.0
Dwarka,28.5921,77.046,2026-09-21 00:00:00,28.0,71,0.0,3.7,103.6,130.4,72.0,21.0,32.7,926.0
Dwarka,28.5921,77.046,2026-09-21 01:00:00,27.3,74,0.0,4.3,109.0,136.4,76.1,16.0,33.7,873.0
Dwarka,28.5921,77.046,2026-09-21 02:00:00,26.7,76,0.0,3.8,112.7,140.6,79.2,13.0,35.0,851.0
Dwarka,28.5921,77.046,2026-09-21 03:00:00,26.4,76,0.0,3.7,115.0,143.0,82.2,6.0,36.7,899.0
Dwarka,28.5921,77.046,2026-09-21 04:00:00,26.1,76,0.0,3.7,117.3,144.8,84.0,0.0,38.6,979.0
Dwarka,28.5921,77.046,2026-09-21 05:00:00,26.5,82,0.0,1.2,57.3,72.4,30.8,44.0,25.0,1039.0
Dwarka,28.5921,77.046,2026-09-21 06:00:00,26.1,84,0.0,2.1,60.5,75.2,35.1,53.0,27.3,1079.0
Dwarka,28.5921,77.046,2026-09-21 07:00:00,27.2,80,0.0,2.2,65.7,77.3,40.7,67.0,30.7,1100.0
Dwarka,28.5921,77.046,2026-09-21 08:00:00,28.9,70,0.0,1.3,63.1,75.9,41.8,92.0,34.8,1048.0
Dwarka,28.5921,77.046,2026-09-21 09:00:00,30.6,61,0.0,2.1,58.1,79.2,34.3,139.0,41.1,861.0
Dwarka,28.5921,77.046,2026-09-21 10:00:00,31.9,52,0.0,2.9,58.8,92.7,22.3,198.0,48.1,602.0
Dwarka,28.5921,77.046,2026-09-21 11:00:00,32.9,47,0.0,4.4,64.3,108.5,12.9,244.0,51.6,406.0
Dwarka,28.5921,77.046,2026-09-21 12:00:00,33.2,46,0.0,4.5,66.4,116.9,8.2,270.0,48.6,332.0
Dwarka,28.5921,77.046,2026-09-21 13:00:00,33.6,45,0.0,4.7,67.1,119.7,6.1,284.0,42.1,321.0
Dwarka,28.5921,77.046,2026-09-21 14:00:00,33.7,46,0.0,5.7,66.8,114.6,7.2,285.0,36.8,334.0
Dwarka,28.5921,77.046,2026-09-21 15:00:00,33.2,47,0.0,6.5,67.1,113.9,12.8,270.0,34.2,349.0
Dwarka,28.5921,77.046,2026-09-21 16:00:00,32.5,50,0.3,5.9,69.2,109.4,21.6,243.0,32.8,389.0
Dwarka,28.5921,77.046,2026-09-21 17:00:00,32.4,50,0.0,7.8,76.1,110.1,27.4,239.0,38.0,481.0
Dwarka,28.5921,77.046,2026-09-21 18:00:00,30.8,55,0.0,5.6,89.2,119.2,41.7,198.0,41.5,668.0
Dwarka,28.5921,77.046,2026-09-21 19:00:00,30.0,59,0.0,5.1,99.0,128.1,61.7,141.0,46.4,907.0
Dwarka,28.5921,77.046,2026-09-21 20:00:00,29.3,65,0.0,3.8,102.9,130.4,79.0,92.0,50.9,1097.0
Dwarka,28.5921,77.046,2026-09-21 21:00:00,28.9,68,0.0,3.8,108.5,134.6,91.0,62.0,54.5,1203.0
Dwarka,28.5921,77.046,2026-09-21 22:00:00,28.7,69,0.0,3.0,121.5,148.5,100.3,41.0,57.6,1261.0
Dwarka,28.5921,77.046,2026-09-21 23:00:00,29.0,71,0.0,2.2,131.8,160.7,106.8,25.0,59.4,1274.0
Dwarka,28.5921,77.046,2026-09-22 00:00:00,28.2,73,0.0,2.2,136.4,167.2,109.7,15.0,59.1,1233.0
Dwarka,28.5921,77.046,2026-09-22 01:00:00,27.6,75,0.0,2.6,137.8,170.0,109.7,10.0,57.5,1149.0
Dwarka,28.5921,77.046,2026-09-22 02:00:00,27.3,77,0.0,2.4,137.8,170.0,108.6,7.0,56.2,1054.0
Dwarka,28.5921,77.046,2026-09-22 03:00:00,27.0,78,0.0,1.6,136.9,169.0,108.0,0.0,55.7,939.0
Dwarka,28.5921,77.046,2026-09-22 04:00:00,26.7,79,0.0,1.2,136.0,168.1,106.3,0.0,55.5,815.0
Dwarka,28.5921,77.046,2026-09-22 05:00:00,26.4,83,0.0,0.9,126.7,157.4,95.8,2.0,48.6,743.0
Dwarka,28.5921,77.046,2026-09-22 06:00:00,26.3,82,0.0,0.7,114.8,144.4,86.9,30.0,48.6,786.0
Dwarka,28.5921,77.046,2026-09-22 07:00:00,27.6,77,0.0,1.9,108.0,139.2,74.0,72.0,48.5,882.0
Dwarka,28.5921,77.046,2026-09-22 08:00:00,29.7,66,0.0,1.3,89.6,148.1,59.7,116.0,48.6,910.0
Dwarka,28.5921,77.046,2026-09-22 09:00:00,31.4,54,0.0,0.8,70.8,148.5,42.6,166.0,49.3,794.0
Dwarka,28.5921,77.046,2026-09-22 10:00:00,32.5,49,0.0,3.1,67.1,136.0,24.1,219.0,50.1,609.0
Dwarka,28.5921,77.046,2026-09-22 11:00:00,33.7,47,0.0,4.5,64.3,120.6,10.7,260.0,49.4,463.0
Dwarka,28.5921,77.046,2026-09-22 12:00:00,34.3,45,0.0,4.6,62.9,116.4,5.3,283.0,45.9,394.0
Dwarka,28.5921,77.046,2026-09-22 13:00:00,34.9,42,0.0,5.7,61.0,110.4,5.0,292.0,41.0,363.0
Dwarka,28.5921,77.046,2026-09-22 14:00:00,35.2,40,0.0,7.6,58.4,105.2,7.5,289.0,36.5,357.0
Dwarka,28.5921,77.046,2026-09-22 15:00:00,35.1,39,0.0,9.2,57.3,121.1,12.8,268.0,33.0,368.0
Dwarka,28.5921,77.046,2026-09-22 16:00:00,34.4,42,0.0,10.3,55.6,119.0,20.8,235.0,30.0,405.0
Dwarka,28.5921,77.046,2026-09-22 17:00:00,33.4,51,0.0,9.2,55.4,101.7,25.5,219.0,31.5,475.0
Dwarka,28.5921,77.046,2026-09-22 18:00:00,31.9,57,0.0,6.4,60.3,108.7,36.8,184.0,33.5,604.0
Dwarka,28.5921,77.046,2026-09-22 19:00:00,31.2,62,0.0,4.5,65.4,114.8,52.7,135.0,36.3,767.0
Dwarka,28.5921,77.046,2026-09-22 20:00:00,30.8,65,0.0,3.8,68.7,118.3,66.4,94.0,38.9,898.0
Dwarka,28.5921,77.046,2026-09-22 21:00:00,30.4,68,0.0,2.7,72.6,120.1,75.4,69.0,41.1,975.0
Dwarka,28.5921,77.046,2026-09-22 22:00:00,29.9,71,0.0,1.3,77.1,124.3,82.3,51.0,43.1,1020.0
Dwarka,28.5921,77.046,2026-09-22 23:00:00,29.9,73,0.0,2.5,83.6,132.2,88.1,37.0,44.6,1039.0
Dwarka,28.5921,77.046,2026-09-23 00:00:00,28.6,78,0.0,3.6,89.6,141.1,93.7,26.0,45.6,1018.0
Dwarka,28.5921,77.046,2026-09-23 01:00:00,27.8,82,0.0,4.1,96.9,150.4,98.2,19.0,46.1,970.0
Dwarka,28.5921,77.046,2026-09-23 02:00:00,27.5,83,0.0,3.8,102.2,155.5,100.0,14.0,46.4,941.0
Dwarka,28.5921,77.046,2026-09-23 03:00:00,27.1,84,0.0,3.6,105.2,156.9,99.0,7.0,46.2,962.0
Dwarka,28.5921,77.046,2026-09-23 04:00:00,26.7,86,0.0,3.3,107.3,158.3,95.4,2.0,45.8,1002.0
Dwarka,28.5921,77.046,2026-09-23 05:00:00,27.1,83,0.0,2.4,72.9,122.9,51.5,39.0,41.4,1014.0
Dwarka,28.5921,77.046,2026-09-23 06:00:00,26.9,84,0.0,2.3,80.3,131.8,48.6,59.0,43.0,977.0
Dwarka,28.5921,77.046,2026-09-23 07:00:00,28.1,77,0.0,2.4,82.9,127.6,44.2,87.0,45.1,913.0
Dwarka,28.5921,77.046,2026-09-23 08:00:00,29.7,68,0.0,2.4,65.2,117.3,38.3,120.0,46.5,836.0
Dwarka,28.5921,77.046,2026-09-23 09:00:00,31.2,59,0.0,1.4,58.0,119.7,29.5,161.0,46.8,741.0
Dwarka,28.5921,77.046,2026-09-23 10:00:00,32.5,54,0.0,2.5,55.5,114.1,19.1,206.0,46.2,633.0
Dwarka,28.5921,77.046,2026-09-23 11:00:00,34.1,52,0.0,4.5,53.6,105.7,11.3,241.0,44.4,545.0
Dwarka,28.5921,77.046,2026-09-23 12:00:00,34.8,46,0.0,5.4,52.5,99.2,7.4,259.0,40.1,487.0
Dwarka,28.5921,77.046,2026-09-23 13:00:00,35.3,43,0.0,6.7,50.8,90.3,6.1,267.0,34.6,448.0
Dwarka,28.5921,77.046,2026-09-23 14:00:00,35.7,40,0.0,7.4,50.1,84.3,7.8,269.0,30.6,432.0
Dwarka,28.5921,77.046,2026-09-23 15:00:00,35.5,39,0.0,8.7,51.2,82.7,11.5,269.0,29.4,434.0
Dwarka,28.5921,77.046,2026-09-23 16:00:00,34.8,41,0.0,10.1,52.9,82.2,18.2,264.0,29.8,459.0
Dwarka,28.5921,77.046,2026-09-23 17:00:00,33.8,45,0.0,8.5,56.7,79.6,30.3,227.0,30.5,522.0
Dwarka,28.5921,77.046,2026-09-23 18:00:00,31.7,51,0.0,6.4,71.9,94.1,50.6,183.0,34.6,633.0
Dwarka,28.5921,77.046,2026-09-23 19:00:00,30.8,59,0.0,3.6,88.2,111.5,78.0,123.0,40.0,782.0
Dwarka,28.5921,77.046,2026-09-23 20:00:00,30.2,62,0.0,3.8,98.5,122.5,94.2,77.0,43.1,951.0
Dwarka,28.5921,77.046,2026-09-23 21:00:00,29.7,63,0.0,4.6,101.0,129.0,89.3,60.0,41.8,1188.0
Dwarka,28.5921,77.046,2026-09-23 22:00:00,29.2,65,0.0,4.5,97.3,131.3,73.3,58.0,38.1,1445.0
Dwarka,28.5921,77.046,2026-09-23 23:00:00,29.7,67,0.0,4.5,90.3,130.9,57.8,58.0,34.0,1556.0
Dwarka,28.5921,77.046,2026-09-24 00:00:00,28.6,71,0.0,5.4,83.1,132.2,46.0,59.0,29.5,1400.0
Dwarka,28.5921,77.046,2026-09-24 01:00:00,27.9,75,0.0,4.3,79.6,170.9,34.8,62.0,24.6,1099.0
Dwarka,28.5921,77.046,2026-09-24 02:00:00,27.4,76,0.0,4.7,77.5,202.1,26.6,64.0,20.8,852.0
Dwarka,28.5921,77.046,2026-09-24 03:00:00,27.0,77,0.0,6.5,68.2,171.8,23.3,60.0,18.7,734.0
Dwarka,28.5921,77.046,2026-09-24 04:00:00,26.3,80,0.0,7.1,59.4,136.0,23.0,53.0,17.8,670.0
Dwarka,28.5921,77.046,2026-09-24 05:00:00,26.3,84,0.0,4.6,53.8,119.7,22.8,51.0,17.3,639.0
Dwarka,28.5921,77.046,2026-09-24 06:00:00,25.8,88,0.0,3.2,51.0,110.6,21.9,55.0,17.3,655.0
Dwarka,28.5921,77.046,2026-09-24 07:00:00,27.0,83,0.0,9.0,46.2,139.7,21.1,64.0,17.9,703.0
Dwarka,28.5921,77.046,2026-09-24 08:00:00,28.2,81,0.0,8.2,33.5,71.5,19.3,80.0,18.4,719.0
Dwarka,28.5921,77.046,2026-09-24 09:00:00,29.6,74,0.0,10.6,28.1,49.8,15.6,110.0,18.8,665.0
Dwarka,28.5921,77.046,2026-09-24 10:00:00,30.5,69,0.1,8.9,28.6,41.6,11.0,147.0,19.2,580.0
Dwarka,28.5921,77.046,2026-09-24 11:00:00,31.9,60,0.0,6.6,33.1,47.3,7.6,178.0,19.5,512.0
Dwarka,28.5921,77.046,2026-09-24 12:00:00,33.0,51,0.0,5.5,38.0,69.8,5.7,197.0,19.5,481.0
Dwarka,28.5921,77.046,2026-09-24 13:00:00,33.6,47,0.0,3.1,40.2,82.4,5.1,210.0,19.5,468.0
Dwarka,28.5921,77.046,2026-09-24 14:00:00,34.1,44,0.0,0.9,40.7,84.8,6.6,213.0,19.7,468.0
Dwarka,28.5921,77.046,2026-09-24 15:00:00,34.3,41,0.0,0.4,41.2,84.8,11.8,204.0,20.5,473.0
Dwarka,28.5921,77.046,2026-09-24 16:00:00,33.9,41,0.0,2.3,41.8,83.4,19.3,187.0,21.5,490.0
Dwarka,28.5921,77.046,2026-09-24 17:00:00,33.1,47,0.0,3.6,46.1,99.4,25.5,166.0,22.3,540.0
Dwarka,28.5921,77.046,2026-09-24 18:00:00,31.4,53,0.0,6.1,54.5,140.6,29.7,141.0,22.8,666.0
Dwarka,28.5921,77.046,2026-09-24 19:00:00,30.5,58,0.0,8.6,62.2,213.7,32.7,114.0,23.2,825.0
Dwarka,28.5921,77.046,2026-09-24 20:00:00,29.5,64,0.0,9.1,64.5,258.0,33.6,93.0,23.2,905.0
Dwarka,28.5921,77.046,2026-09-24 21:00:00,28.7,69,0.0,7.5,64.0,265.4,31.3,86.0,22.6,838.0
Dwarka,28.5921,77.046,2026-09-24 22:00:00,28.2,71,0.0,7.2,63.3,272.9,27.0,86.0,21.6,692.0
Dwarka,28.5921,77.046,2026-09-24 23:00:00,27.6,74,0.0,6.2,65.2,309.2,23.3,84.0,21.1,560.0
Dwarka,28.5921,77.046,2026-09-25 00:00:00,27.0,77,0.0,6.7,62.2,302.7,21.0,76.0,21.4,471.0
Dwarka,28.5921,77.046,2026-09-25 01:00:00,26.5,80,0.0,6.6,55.3,268.2,19.3,67.0,22.2,396.0
Dwarka,28.5921,77.046,2026-09-25 02:00:00,26.0,83,0.0,6.3,48.1,230.5,18.9,57.0,22.9,340.0
Dwarka,28.5921,77.046,2026-09-25 03:00:00,25.4,86,0.0,4.2,39.5,172.8,20.9,46.0,23.1,303.0
Dwarka,28.5921,77.046,2026-09-25 04:00:00,25.1,88,0.0,3.3,31.4,106.4,24.3,36.0,23.3,284.0
Dwarka,28.5921,77.046,2026-09-25 05:00:00,24.8,90,0.0,1.9,29.7,86.4,26.2,31.0,23.8,285.0
Dwarka,28.5921,77.046,2026-09-25 06:00:00,24.8,90,0.0,0.7,31.3,74.7,25.5,34.0,25.6,319.0
Dwarka,28.5921,77.046,2026-09-25 07:00:00,25.8,84,0.0,2.4,27.9,58.3,23.4,41.0,27.9,373.0
Dwarka,28.5921,77.046,2026-09-25 08:00:00,27.1,76,0.0,4.1,21.1,43.8,20.5,54.0,28.3,408.0
Dwarka,28.5921,77.046,2026-09-25 09:00:00,28.8,65,0.0,5.9,15.9,30.0,16.2,74.0,25.1,402.0
Dwarka,28.5921,77.046,2026-09-25 10:00:00,30.1,59,0.0,5.3,20.7,88.0,11.0,98.0,20.1,377.0
Dwarka,28.5921,77.046,2026-09-25 11:00:00,31.4,53,0.0,4.1,19.4,64.0,7.2,118.0,16.2,361.0
Dwarka,28.5921,77.046,2026-09-25 12:00:00,32.6,48,0.0,2.1,16.8,43.2,5.4,132.0,14.6,365.0
Dwarka,28.5921,77.046,2026-09-25 13:00:00,33.3,44,0.0,1.9,16.2,39.1,4.9,143.0,14.2,378.0
Dwarka,28.5921,77.046,2026-09-25 14:00:00,33.6,42,0.0,1.5,16.6,38.9,6.0,148.0,14.4,394.0
Dwarka,28.5921,77.046,2026-09-25 15:00:00,33.7,40,0.0,1.7,17.2,38.2,9.4,147.0,15.3,401.0
Dwarka,28.5921,77.046,2026-09-25 16:00:00,33.4,41,0.0,4.2,18.1,37.6,14.3,141.0,16.9,411.0
Dwarka,28.5921,77.046,2026-09-25 17:00:00,32.5,44,0.0,6.2,20.3,35.2,19.0,130.0,18.4,450.0
Dwarka,28.5921,77.046,2026-09-25 18:00:00,31.1,50,0.0,6.5,22.8,36.6,23.2,111.0,19.6,561.0
Dwarka,28.5921,77.046,2026-09-25 19:00:00,30.3,56,0.0,5.1,23.1,38.0,27.2,86.0,20.7,701.0
Dwarka,28.5921,77.046,2026-09-25 20:00:00,29.7,60,0.0,3.6,21.7,42.3,29.8,66.0,21.2,771.0
Dwarka,28.5921,77.046,2026-09-25 21:00:00,29.2,63,0.0,4.7,21.1,47.1,30.2,54.0,20.7,706.0
Dwarka,28.5921,77.046,2026-09-25 22:00:00,28.1,69,0.0,8.9,20.6,45.3,29.3,46.0,19.5,571.0
Dwarka,28.5921,77.046,2026-09-25 23:00:00,26.9,75,0.0,6.0,22.4,68.0,28.4,40.0,18.6,461.0
Dwarka,28.5921,77.046,2026-09-26 00:00:00,26.3,79,0.0,1.2,21.8,68.5,27.8,36.0,17.9,412.0
Dwarka,28.5921,77.046,2026-09-26 01:00:00,25.9,81,0.0,1.3,18.7,39.1,27.3,35.0,17.4,388.0
Dwarka,28.5921,77.046,2026-09-26 02:00:00,25.4,83,0.0,2.6,18.2,29.7,27.8,34.0,18.2,371.0
Dwarka,28.5921,77.046,2026-09-26 03:00:00,25.1,84,0.0,4.5,19.7,38.3,30.1,32.0,21.2,352.0
Dwarka,28.5921,77.046,2026-09-26 04:00:00,24.7,84,0.0,7.7,23.7,60.5,33.3,30.0,25.4,340.0
Dwarka,28.5921,77.046,2026-09-26 05:00:00,24.2,86,0.0,2.4,26.1,62.6,36.1,29.0,29.1,349.0
Dwarka,28.5921,77.046,2026-09-26 06:00:00,24.1,87,0.0,3.6,30.2,72.4,38.6,29.0,31.9,404.0
Dwarka,28.5921,77.046,2026-09-26 07:00:00,25.0,82,0.0,2.8,32.4,70.1,40.6,31.0,34.1,480.0
Dwarka,28.5921,77.046,2026-09-26 08:00:00,26.8,73,0.0,5.2,27.6,41.8,40.1,38.0,34.7,513.0
Dwarka,28.5921,77.046,2026-09-26 09:00:00,29.0,65,0.0,6.2,20.5,29.7,35.0,52.0,32.4,462.0
Dwarka,28.5921,77.046,2026-09-26 10:00:00,30.8,57,0.0,6.3,17.4,29.4,27.4,71.0,28.5,368.0
Dwarka,28.5921,77.046,2026-09-26 11:00:00,32.3,48,0.0,9.2,16.8,32.9,21.4,88.0,25.8,295.0
Dwarka,28.5921,77.046,2026-09-26 12:00:00,31.9,47,0.0,11.0,18.0,36.4,18.4,104.0,25.8,264.0
Dwarka,28.5921,77.046,2026-09-26 13:00:00,28.3,62,0.0,16.6,19.7,35.0,17.1,120.0,27.1,254.0
Dwarka,28.5921,77.046,2026-09-26 14:00:00,26.8,65,0.4,13.3,20.1,41.4,17.2,127.0,27.8,258.0
Dwarka,28.5921,77.046,2026-09-26 15:00:00,25.9,70,0.8,12.1,37.0,204.0,18.9,122.0,27.1,283.0
Dwarka,28.5921,77.046,2026-09-26 16:00:00,25.8,71,0.5,12.4,43.2,253.3,22.0,110.0,25.8,321.0
Dwarka,28.5921,77.046,2026-09-26 17:00:00,25.7,70,0.1,9.4,49.2,281.3,25.9,97.0,25.4,350.0
Dwarka,28.5921,77.046,2026-09-26 18:00:00,25.9,69,0.0,9.8,51.8,259.8,32.0,82.0,26.4,360.0
Dwarka,28.5921,77.046,2026-09-26 19:00:00,25.6,72,0.0,4.4,57.6,279.4,38.9,66.0,28.2,359.0
Dwarka,28.5921,77.046,2026-09-26 20:00:00,25.3,73,0.0,5.1,66.6,341.8,42.3,58.0,30.0,350.0
Dwarka,28.5921,77.046,2026-09-26 21:00:00,25.0,75,0.0,5.3,71.9,380.0,39.7,61.0,32.0,328.0
Dwarka,28.5921,77.046,2026-09-26 22:00:00,24.2,78,0.0,4.4,78.0,415.4,33.5,72.0,34.0,296.0
Dwarka,28.5921,77.046,2026-09-26 23:00:00,23.8,80,0.0,3.9,90.6,499.2,27.4,85.0,34.9,272.0
Dwarka,28.5921,77.046,2026-09-27 00:00:00,23.8,80,0.0,2.2,107.3,610.9,21.9,101.0,33.7,260.0
Dwarka,28.5921,77.046,2026-09-27 01:00:00,23.8,79,0.0,4.9,115.0,646.3,16.3,120.0,31.3,255.0
Dwarka,28.5921,77.046,2026-09-27 02:00:00,23.6,78,0.0,7.1,114.6,622.1,12.5,132.0,29.4,254.0
Dwarka,28.5921,77.046,2026-09-27 03:00:00,23.1,78,0.0,8.3,103.1,514.1,11.1,134.0,28.5,256.0
Dwarka,28.5921,77.046,2026-09-27 04:00:00,22.6,82,0.0,4.8,93.1,423.8,11.4,130.0,28.1,262.0
Dwarka,28.5921,77.046,2026-09-27 05:00:00,22.4,86,0.0,2.2,70.8,215.1,13.0,125.0,27.9,280.0
Dwarka,28.5921,77.046,2026-09-27 06:00:00,22.4,86,0.0,2.3,68.7,184.9,17.1,116.0,28.1,322.0
Dwarka,28.5921,77.046,2026-09-27 07:00:00,23.8,80,0.0,1.2,70.8,176.0,22.4,107.0,28.5,374.0
Dwarka,28.5921,77.046,2026-09-27 08:00:00,26.0,70,0.0,0.9,72.4,187.2,24.6,111.0,28.6,406.0
Dwarka,28.5921,77.046,2026-09-27 09:00:00,28.1,63,0.0,2.9,71.2,195.1,20.4,141.0,27.8,399.0
Dwarka,28.5921,77.046,2026-09-27 10:00:00,29.7,60,0.0,3.9,70.8,196.0,13.0,186.0,26.6,372.0
Dwarka,28.5921,77.046,2026-09-27 11:00:00,31.2,55,0.0,6.3,84.5,313.9,7.5,222.0,26.0,342.0
Dwarka,28.5921,77.046,2026-09-27 12:00:00,32.0,51,0.1,8.0,84.3,314.8,5.5,244.0,26.2,309.0
Dwarka,28.5921,77.046,2026-09-27 13:00:00,32.5,49,0.1,8.9,71.5,205.4,5.4,258.0,27.0,273.0
Dwarka,28.5921,77.046,2026-09-27 14:00:00,32.6,48,0.0,8.3,79.6,262.6,6.8,262.0,28.1,259.0
Dwarka,28.5921,77.046,2026-09-27 15:00:00,32.4,49,0.0,7.5,69.8,185.3,10.5,254.0,30.1,264.0
Dwarka,28.5921,77.046,2026-09-27 16:00:00,31.9,51,0.0,7.5,68.7,167.6,15.7,237.0,32.6,290.0
Dwarka,28.5921,77.046,2026-09-27 17:00:00,31.0,55,0.0,9.0,73.1,229.1,19.8,211.0,33.4,369.0
Dwarka,28.5921,77.046,2026-09-27 18:00:00,28.9,64,0.0,11.2,75.0,291.5,21.8,172.0,31.5,561.0
Dwarka,28.5921,77.046,2026-09-27 19:00:00,27.2,70,0.0,8.4,71.0,339.0,22.7,125.0,28.1,807.0
Dwarka,28.5921,77.046,2026-09-27 20:00:00,26.6,75,0.2,6.6,61.7,319.4,23.3,87.0,24.7,953.0
Dwarka,28.5921,77.046,2026-09-27 21:00:00,26.4,80,0.2,6.9,53.3,285.0,23.6,66.0,21.6,916.0
Dwarka,28.5921,77.046,2026-09-27 22:00:00,26.1,82,0.0,6.9,43.8,226.3,23.5,54.0,18.6,780.0
Dwarka,28.5921,77.046,2026-09-27 23:00:00,25.6,84,0.0,5.9,37.1,184.9,23.3,46.0,16.3,648.0
Dwarka,28.5921,77.046,2026-09-28 00:00:00,25.3,86,0.0,4.7,33.2,160.7,22.7,41.0,15.0,548.0
Dwarka,28.5921,77.046,2026-09-28 01:00:00,24.9,87,0.0,2.2,29.9,134.6,22.0,40.0,14.4,452.0
Dwarka,28.5921,77.046,2026-09-28 02:00:00,24.6,89,0.0,0.4,25.8,94.3,22.2,38.0,14.4,383.0
Dwarka,28.5921,77.046,2026-09-28 03:00:00,24.2,91,0.0,1.7,22.5,56.6,24.0,32.0,14.9,355.0
Dwarka,28.5921,77.046,2026-09-28 04:00:00,23.8,94,0.0,4.1,21.5,39.9,26.6,25.0,16.1,354.0
Dwarka,28.5921,77.046,2026-09-28 05:00:00,23.8,95,0.0,5.6,21.9,32.4,28.7,23.0,18.2,363.0
Dwarka,28.5921,77.046,2026-09-28 06:00:00,24.2,92,0.0,5.5,26.1,33.4,30.2,24.0,21.5,396.0
Dwarka,28.5921,77.046,2026-09-28 07:00:00,24.9,87,0.0,4.1,28.7,36.1,31.2,30.0,25.7,470.3
Dwarka,28.5921,77.046,2026-09-28 08:00:00,25.9,82,0.0,2.9,31.4,49.1,30.5,48.0,30.0,552.0
Dwarka,28.5921,77.046,2026-09-28 09:00:00,27.4,75,0.0,1.9,33.4,69.4,27.0,86.0,34.5,541.0
Dwarka,28.5921,77.046,2026-09-28 10:00:00,29.1,68,0.0,1.6,38.3,98.7,21.9,136.0,39.0,501.0
Dwarka,28.5921,77.046,2026-09-28 11:00:00,30.6,61,0.0,3.0,45.5,131.8,17.4,181.0,42.1,470.0
Dwarka,28.5921,77.046,2026-09-28 12:00:00,31.7,55,0.3,5.6,51.1,152.3,13.7,217.0,42.9,460.0
Dwarka,28.5921,77.046,2026-09-28 13:00:00,32.5,49,0.3,8.4,52.7,151.3,10.5,248.0,42.3,460.0
Dwarka,28.5921,77.046,2026-09-28 14:00:00,32.5,48,0.3,9.3,53.8,140.2,10.1,263.0,41.4,471.0
Dwarka,28.5921,77.046,2026-09-28 15:00:00,30.8,55,0.9,6.1,53.9,125.7,14.5,251.0,40.5,503.0
Dwarka,28.5921,77.046,2026-09-28 16:00:00,28.3,68,0.9,1.9,52.6,117.6,21.5,222.0,39.4,548.0
Dwarka,28.5921,77.046,2026-09-28 17:00:00,26.3,80,0.9,4.0,52.0,113.2,26.7,201.0,38.6,580.0
Dwarka,28.5921,77.046,2026-09-28 18:00:00,25.4,86,0.0,5.1,64.32494004796163,163.75721822541968,34.71918465227818,96.20911270983214,27.67671462829736,719.0801318944845
Dwarka,28.5921,77.046,2026-09-28 19:00:00,25.0,89,0.0,5.6,64.32494004796163,163.75721822541968,34.71918465227818,96.20911270983214,27.67671462829736,719.0801318944845
Dwarka,28.5921,77.046,2026-09-28 20:00:00,24.7,91,0.0,6.2,64.32494004796163,163.75721822541968,34.71918465227818,96.20911270983214,27.67671462829736,719.0801318944845
Dwarka,28.5921,77.046,2026-09-28 21:00:00,24.4,93,0.0,6.3,64.32494004796163,163.75721822541968,34.71918465227818,96.20911270983214,27.67671462829736,719.0801318944845
Dwarka,28.5921,77.046,2026-09-28 22:00:00,24.2,93,0.0,6.5,64.32494004796163,163.75721822541968,34.71918465227818,96.20911270983214,27.67671462829736,719.0801318944845
Dwarka,28.5921,77.046,2026-09-28 23:00:00,23.9,94,0.0,6.7,64.32494004796163,163.75721822541968,34.71918465227818,96.20911270983214,27.67671462829736,719.0801318944845
Saket,28.5245,77.2066,2026-08-25 00:00:00,28.0,91,0.0,3.0,113.6,142.0,98.8,10.0,64.3,631.0
Saket,28.5245,77.2066,2026-08-25 01:00:00,27.7,92,0.0,1.9,117.6,146.7,101.8,4.0,62.7,654.0
Saket,28.5245,77.2066,2026-08-25 02:00:00,27.5,93,0.0,3.2,118.7,146.7,99.7,3.0,59.2,694.0
Saket,28.5245,77.2066,2026-08-25 03:00:00,27.4,94,0.0,2.4,115.3,142.0,88.2,8.0,52.1,689.0
Saket,28.5245,77.2066,2026-08-25 04:00:00,27.3,94,0.0,2.2,96.6,117.8,71.5,19.0,43.0,700.0
Saket,28.5245,77.2066,2026-08-25 05:00:00,26.0,97,0.0,3.3,66.6,82.0,41.8,44.0,35.3,749.0
Saket,28.5245,77.2066,2026-08-25 06:00:00,25.9,99,1.3,3.7,63.6,77.3,43.3,43.0,35.5,878.0
Saket,28.5245,77.2066,2026-08-25 07:00:00,26.2,98,1.7,5.2,59.6,75.4,45.1,45.0,36.1,1046.0
Saket,28.5245,77.2066,2026-08-25 08:00:00,26.8,95,1.0,3.6,61.0,77.5,44.6,60.0,38.5,1150.0
Saket,28.5245,77.2066,2026-08-25 09:00:00,28.2,90,0.1,3.1,58.7,76.8,40.0,100.0,45.1,1141.0
Saket,28.5245,77.2066,2026-08-25 10:00:00,29.5,83,0.0,4.1,55.9,75.0,33.2,155.0,53.6,1067.0
Saket,28.5245,77.2066,2026-08-25 11:00:00,30.7,71,0.0,2.9,58.7,80.6,26.7,204.0,58.5,974.0
Saket,28.5245,77.2066,2026-08-25 12:00:00,31.3,66,0.1,4.8,62.6,84.5,20.6,243.0,56.4,851.0
Saket,28.5245,77.2066,2026-08-25 13:00:00,32.1,63,0.1,4.1,65.9,87.8,14.9,277.0,50.7,708.0
Saket,28.5245,77.2066,2026-08-25 14:00:00,32.3,62,0.0,4.2,68.9,92.7,12.1,296.0,46.1,624.0
Saket,28.5245,77.2066,2026-08-25 15:00:00,32.5,61,0.0,4.0,71.5,96.6,10.1,301.0,43.7,564.0
Saket,28.5245,77.2066,2026-08-25 16:00:00,32.3,63,0.0,2.5,73.6,102.9,11.0,291.0,42.3,563.0
Saket,28.5245,77.2066,2026-08-25 17:00:00,28.3,96,0.0,5.5,65.4,74.7,35.4,216.0,56.0,802.0
Saket,28.5245,77.2066,2026-08-25 18:00:00,28.2,96,0.9,4.0,68.9,75.0,41.6,183.0,54.5,1592.0
Saket,28.5245,77.2066,2026-08-25 19:00:00,27.8,97,0.3,4.3,75.9,79.9,50.2,137.0,52.5,2623.0
Saket,28.5245,77.2066,2026-08-25 20:00:00,27.6,96,0.0,3.8,84.1,86.8,57.8,99.0,51.7,3143.0
Saket,28.5245,77.2066,2026-08-25 21:00:00,27.4,95,0.0,4.2,91.7,93.8,63.6,77.0,53.4,2661.0
Saket,28.5245,77.2066,2026-08-25 22:00:00,27.1,95,0.0,6.7,101.3,103.1,68.4,63.0,56.3,1668.0
Saket,28.5245,77.2066,2026-08-25 23:00:00,27.5,93,0.0,4.2,111.5,113.2,70.8,51.0,57.8,890.0
Saket,28.5245,77.2066,2026-08-26 00:00:00,27.2,95,0.0,4.1,115.3,116.6,69.1,41.0,56.1,632.0
Saket,28.5245,77.2066,2026-08-26 01:00:00,26.9,96,0.0,4.6,122.9,124.3,65.1,33.0,53.1,590.0
Saket,28.5245,77.2066,2026-08-26 02:00:00,26.8,95,0.0,4.0,126.7,128.1,63.0,26.0,51.1,575.0
Saket,28.5245,77.2066,2026-08-26 03:00:00,26.7,95,0.0,3.6,130.4,131.8,66.7,14.0,51.1,523.0
Saket,28.5245,77.2066,2026-08-26 04:00:00,26.6,95,0.0,3.4,136.4,138.3,72.4,3.0,52.3,500.0
Saket,28.5245,77.2066,2026-08-26 05:00:00,27.1,96,0.0,2.7,108.3,108.3,52.3,37.0,57.9,508.0
Saket,28.5245,77.2066,2026-08-26 06:00:00,26.0,97,2.4,7.9,117.6,117.6,50.1,60.0,61.5,576.0
Saket,28.5245,77.2066,2026-08-26 07:00:00,26.0,99,4.2,3.3,104.5,104.8,46.8,93.0,66.3,676.0
Saket,28.5245,77.2066,2026-08-26 08:00:00,26.7,96,1.3,1.3,88.0,90.3,41.7,133.0,69.1,733.0
Saket,28.5245,77.2066,2026-08-26 09:00:00,28.3,89,0.3,3.1,73.6,79.6,33.3,183.0,68.3,695.0
Saket,28.5245,77.2066,2026-08-26 10:00:00,29.7,83,0.2,3.1,70.5,79.6,23.0,239.0,65.5,613.0
Saket,28.5245,77.2066,2026-08-26 11:00:00,28.4,92,0.1,4.0,72.9,83.8,15.1,284.0,61.6,565.0
Saket,28.5245,77.2066,2026-08-26 12:00:00,28.8,88,0.9,7.9,77.8,89.6,10.8,316.0,56.8,588.0
Saket,28.5245,77.2066,2026-08-26 13:00:00,30.3,81,0.1,3.1,81.5,94.5,8.8,338.0,50.9,644.0
Saket,28.5245,77.2066,2026-08-26 14:00:00,31.8,71,0.0,2.5,82.0,95.5,8.9,342.0,45.1,697.0
Saket,28.5245,77.2066,2026-08-26 15:00:00,32.3,64,0.0,3.5,79.2,93.8,9.4,325.0,38.8,681.0
Saket,28.5245,77.2066,2026-08-26 16:00:00,31.9,67,0.1,4.7,76.1,96.6,12.0,290.0,32.6,661.0
Saket,28.5245,77.2066,2026-08-26 17:00:00,28.3,94,0.1,5.3,73.6,99.9,30.9,155.0,24.1,794.0
Saket,28.5245,77.2066,2026-08-26 18:00:00,28.5,91,0.8,1.7,72.9,87.5,43.2,122.0,25.1,1282.0
Saket,28.5245,77.2066,2026-08-26 19:00:00,28.1,95,0.1,6.5,82.7,93.1,59.7,78.0,26.4,1922.0
Saket,28.5245,77.2066,2026-08-26 20:00:00,27.9,95,0.0,7.6,84.5,93.1,69.2,45.0,26.6,2269.0
Saket,28.5245,77.2066,2026-08-26 21:00:00,27.6,95,0.0,8.3,85.2,102.2,65.2,36.0,25.0,2043.0
Saket,28.5245,77.2066,2026-08-26 22:00:00,27.4,95,0.0,7.9,80.6,119.0,54.1,40.0,22.4,1522.0
Saket,28.5245,77.2066,2026-08-26 23:00:00,28.6,93,0.0,7.6,71.5,117.1,44.2,44.0,19.9,1097.0
Saket,28.5245,77.2066,2026-08-27 00:00:00,28.2,94,0.0,8.1,66.4,108.5,37.9,45.0,17.7,923.0
Saket,28.5245,77.2066,2026-08-27 01:00:00,27.9,94,0.0,8.5,61.9,95.5,32.8,46.0,15.7,845.0
Saket,28.5245,77.2066,2026-08-27 02:00:00,27.7,93,0.0,7.8,58.8,90.1,29.4,46.0,14.2,782.0
Saket,28.5245,77.2066,2026-08-27 03:00:00,27.5,93,0.0,5.8,55.9,84.5,28.7,41.0,13.5,698.0
Saket,28.5245,77.2066,2026-08-27 04:00:00,27.3,92,0.0,6.1,52.7,74.0,29.7,34.0,13.5,630.0
Saket,28.5245,77.2066,2026-08-27 05:00:00,28.2,91,0.0,7.0,53.0,67.1,27.7,37.0,14.5,606.0
Saket,28.5245,77.2066,2026-08-27 06:00:00,27.9,91,0.0,6.9,61.7,72.2,28.4,42.0,16.5,665.0
Saket,28.5245,77.2066,2026-08-27 07:00:00,28.9,88,0.0,7.4,59.4,75.2,29.1,51.0,19.3,768.0
Saket,28.5245,77.2066,2026-08-27 08:00:00,30.0,83,0.0,3.8,53.9,68.9,28.6,67.0,22.1,827.0
Saket,28.5245,77.2066,2026-08-27 09:00:00,30.5,81,0.0,1.5,50.4,65.9,25.7,96.0,25.0,791.0
Saket,28.5245,77.2066,2026-08-27 10:00:00,31.9,76,0.0,0.2,50.5,68.0,21.5,132.0,27.8,711.0
Saket,28.5245,77.2066,2026-08-27 11:00:00,33.7,52,0.0,3.1,51.1,68.9,17.9,162.0,29.3,658.0
Saket,28.5245,77.2066,2026-08-27 12:00:00,34.2,50,0.0,3.4,50.4,68.2,15.0,181.0,28.6,654.0
Saket,28.5245,77.2066,2026-08-27 13:00:00,32.6,57,0.0,7.9,54.0,71.9,12.6,193.0,26.7,677.0
Saket,28.5245,77.2066,2026-08-27 14:00:00,31.5,70,0.0,8.4,54.0,78.7,12.3,199.0,24.7,725.0
Saket,28.5245,77.2066,2026-08-27 15:00:00,31.6,72,0.0,6.2,55.6,88.9,12.7,201.0,22.5,755.0
Saket,28.5245,77.2066,2026-08-27 16:00:00,32.3,70,0.0,2.3,56.6,103.1,15.2,196.0,20.3,810.0
Saket,28.5245,77.2066,2026-08-27 17:00:00,30.2,79,0.0,7.6,56.9,108.0,24.8,177.0,19.9,1023.0
Saket,28.5245,77.2066,2026-08-27 18:00:00,29.8,85,0.0,2.5,64.3,98.7,48.7,131.0,22.9,1623.0
Saket,28.5245,77.2066,2026-08-27 19:00:00,29.1,88,0.0,5.6,83.8,113.4,79.7,71.0,27.8,2381.0
Saket,28.5245,77.2066,2026-08-27 20:00:00,28.9,86,0.0,6.0,93.6,119.2,101.8,26.0,31.7,2742.0
Saket,28.5245,77.2066,2026-08-27 21:00:00,28.8,84,0.0,6.3,96.6,127.1,107.7,10.0,33.9,2326.0
Saket,28.5245,77.2066,2026-08-27 22:00:00,28.5,86,0.0,7.3,107.3,139.7,104.6,8.0,35.2,1512.0
Saket,28.5245,77.2066,2026-08-27 23:00:00,28.8,87,0.0,8.8,111.8,144.8,98.5,9.0,34.9,882.0
Saket,28.5245,77.2066,2026-08-28 00:00:00,28.2,88,0.0,9.0,105.7,143.0,90.5,9.0,32.1,702.0
Saket,28.5245,77.2066,2026-08-28 01:00:00,27.8,88,0.0,7.8,101.5,140.2,79.4,13.0,27.7,706.0
Saket,28.5245,77.2066,2026-08-28 02:00:00,27.6,88,0.0,6.8,94.1,131.8,68.1,16.0,23.8,683.0
Saket,28.5245,77.2066,2026-08-28 03:00:00,27.9,83,0.0,8.8,82.2,122.5,56.7,18.0,21.2,523.0
Saket,28.5245,77.2066,2026-08-28 04:00:00,28.2,74,0.0,11.9,71.2,139.7,45.0,20.0,19.0,334.0
Saket,28.5245,77.2066,2026-08-28 05:00:00,26.1,94,0.0,16.1,46.9,102.0,25.4,46.0,16.6,233.0
Saket,28.5245,77.2066,2026-08-28 06:00:00,26.5,90,0.6,13.5,43.4,89.9,24.8,48.0,15.4,310.0
Saket,28.5245,77.2066,2026-08-28 07:00:00,27.9,87,0.0,8.8,43.2,89.2,23.7,51.0,13.7,474.0
Saket,28.5245,77.2066,2026-08-28 08:00:00,29.3,80,0.0,7.6,51.3,141.6,21.4,62.0,12.5,565.0
Saket,28.5245,77.2066,2026-08-28 09:00:00,30.6,71,0.0,12.5,75.7,338.1,16.7,88.0,12.5,494.0
Saket,28.5245,77.2066,2026-08-28 10:00:00,31.7,66,0.0,11.1,198.4,1452.9,10.7,123.0,13.0,350.0
Saket,28.5245,77.2066,2026-08-28 11:00:00,32.3,63,0.0,12.1,222.6,1598.1,6.3,148.0,13.3,242.0
Saket,28.5245,77.2066,2026-08-28 12:00:00,33.0,59,0.0,11.7,217.5,1534.8,4.2,158.0,13.2,207.0
Saket,28.5245,77.2066,2026-08-28 13:00:00,33.6,56,0.0,11.3,206.3,1438.0,3.7,159.0,12.9,208.0
Saket,28.5245,77.2066,2026-08-28 14:00:00,34.0,54,0.0,11.6,205.4,1452.9,5.4,155.0,12.7,243.0
Saket,28.5245,77.2066,2026-08-28 15:00:00,33.8,54,0.0,12.0,206.3,1464.0,9.4,146.0,12.5,291.0
Saket,28.5245,77.2066,2026-08-28 16:00:00,33.4,56,0.0,11.0,220.3,1508.7,15.7,131.0,12.4,374.0
Saket,28.5245,77.2066,2026-08-28 17:00:00,33.0,60,0.0,9.9,170.4,1043.1,23.1,108.0,13.2,548.0
Saket,28.5245,77.2066,2026-08-28 18:00:00,31.4,70,0.0,4.7,144.8,698.5,46.6,78.0,19.1,936.0
Saket,28.5245,77.2066,2026-08-28 19:00:00,30.7,72,0.0,3.8,149.0,637.0,78.7,37.0,27.1,1415.0
Saket,28.5245,77.2066,2026-08-28 20:00:00,29.9,75,0.0,3.9,158.8,592.3,99.8,7.0,32.4,1681.0
Saket,28.5245,77.2066,2026-08-28 21:00:00,29.3,79,0.0,4.0,157.9,499.2,100.4,0.0,32.7,1552.0
Saket,28.5245,77.2066,2026-08-28 22:00:00,29.0,79,0.0,4.0,143.9,386.5,90.1,0.0,30.3,1209.0
Saket,28.5245,77.2066,2026-08-28 23:00:00,29.0,78,0.0,4.7,122.5,285.9,78.3,2.0,27.1,889.0
Saket,28.5245,77.2066,2026-08-29 00:00:00,28.4,79,0.0,5.1,101.5,238.0,67.0,6.0,23.0,657.0
Saket,28.5245,77.2066,2026-08-29 01:00:00,28.2,79,0.0,7.1,93.1,284.1,54.2,13.0,18.1,447.0
Saket,28.5245,77.2066,2026-08-29 02:00:00,28.0,79,0.0,8.6,105.5,486.2,42.8,20.0,14.1,297.0
Saket,28.5245,77.2066,2026-08-29 03:00:00,27.9,79,0.0,10.0,143.9,871.7,33.6,26.0,11.9,230.0
Saket,28.5245,77.2066,2026-08-29 04:00:00,27.6,79,0.0,11.1,183.0,1214.4,25.8,32.0,10.7,223.0
Saket,28.5245,77.2066,2026-08-29 05:00:00,28.0,79,0.0,13.5,293.4,2048.9,13.8,51.0,8.0,238.0
Saket,28.5245,77.2066,2026-08-29 06:00:00,27.7,79,0.0,13.1,299.0,2063.8,14.7,53.0,8.6,282.0
Saket,28.5245,77.2066,2026-08-29 07:00:00,28.2,77,0.0,13.3,299.0,2071.3,15.9,58.0,9.5,349.0
Saket,28.5245,77.2066,2026-08-29 08:00:00,29.1,73,0.0,13.5,244.9,1676.4,15.7,68.0,10.3,382.0
Saket,28.5245,77.2066,2026-08-29 09:00:00,30.1,70,0.0,13.2,244.9,1799.3,12.8,91.0,10.8,347.0
Saket,28.5245,77.2066,2026-08-29 10:00:00,31.4,66,0.0,12.9,246.8,1829.1,8.6,120.0,11.2,279.0
Saket,28.5245,77.2066,2026-08-29 11:00:00,32.8,60,0.0,11.9,224.0,1628.0,5.5,141.0,11.5,228.0
Saket,28.5245,77.2066,2026-08-29 12:00:00,33.5,57,0.0,11.3,192.3,1363.5,3.7,150.0,11.7,204.0
Saket,28.5245,77.2066,2026-08-29 13:00:00,34.1,55,0.0,10.8,170.4,1180.9,3.0,152.0,11.8,197.0
Saket,28.5245,77.2066,2026-08-29 14:00:00,34.3,53,0.0,10.7,154.6,1043.1,4.9,147.0,11.9,223.0
Saket,28.5245,77.2066,2026-08-29 15:00:00,34.1,54,0.0,10.3,143.4,946.2,10.3,135.0,11.8,283.0
Saket,28.5245,77.2066,2026-08-29 16:00:00,33.8,54,0.0,9.8,139.2,892.2,18.2,117.0,11.7,376.0
Saket,28.5245,77.2066,2026-08-29 17:00:00,33.0,61,0.0,7.4,113.2,655.7,21.6,98.0,9.4,518.0
Saket,28.5245,77.2066,2026-08-29 18:00:00,32.0,69,0.0,2.9,103.4,444.2,42.2,71.0,13.7,787.0
Saket,28.5245,77.2066,2026-08-29 19:00:00,31.1,73,0.0,1.8,109.4,402.3,70.0,33.0,19.5,1104.0
Saket,28.5245,77.2066,2026-08-29 20:00:00,30.2,76,0.0,5.2,109.7,330.6,87.0,7.0,23.2,1256.0
Saket,28.5245,77.2066,2026-08-29 21:00:00,29.9,75,0.0,5.8,99.2,245.9,83.4,2.0,23.2,1095.0
Saket,28.5245,77.2066,2026-08-29 22:00:00,29.4,75,0.0,5.1,88.5,196.5,69.0,9.0,21.1,768.0
Saket,28.5245,77.2066,2026-08-29 23:00:00,29.5,74,0.0,7.6,85.9,266.4,55.0,17.0,18.5,499.0
Saket,28.5245,77.2066,2026-08-30 00:00:00,28.9,78,0.0,6.7,113.2,599.8,44.5,24.0,15.5,374.0
Saket,28.5245,77.2066,2026-08-30 01:00:00,28.7,78,0.0,7.8,146.7,920.1,34.3,33.0,12.1,306.0
Saket,28.5245,77.2066,2026-08-30 02:00:00,28.3,78,0.0,8.4,172.8,1132.5,26.4,39.0,9.5,260.0
Saket,28.5245,77.2066,2026-08-30 03:00:00,28.0,76,0.0,9.7,182.5,1180.9,21.8,40.0,8.4,225.0
Saket,28.5245,77.2066,2026-08-30 04:00:00,27.5,76,0.0,9.7,177.4,1099.0,19.5,39.0,8.3,212.0
Saket,28.5245,77.2066,2026-08-30 05:00:00,27.9,75,0.0,11.9,247.7,1713.6,11.8,55.0,7.5,217.0
Saket,28.5245,77.2066,2026-08-30 06:00:00,27.6,76,0.0,11.2,238.4,1598.1,12.1,58.0,8.3,252.0
Saket,28.5245,77.2066,2026-08-30 07:00:00,28.3,75,0.0,10.4,248.7,1668.9,12.3,62.0,9.5,305.0
Saket,28.5245,77.2066,2026-08-30 08:00:00,29.1,72,0.0,11.3,207.2,1397.0,11.8,72.0,10.5,331.0
Saket,28.5245,77.2066,2026-08-30 09:00:00,29.7,71,0.0,10.4,211.9,1519.9,9.6,92.0,11.1,303.0
Saket,28.5245,77.2066,2026-08-30 10:00:00,31.2,67,0.0,10.5,211.4,1519.9,6.6,116.0,11.5,248.0
Saket,28.5245,77.2066,2026-08-30 11:00:00,32.3,62,0.0,10.4,196.5,1385.8,4.4,135.0,11.7,206.0
Saket,28.5245,77.2066,2026-08-30 12:00:00,32.6,60,0.0,9.6,158.3,1065.4,3.3,143.0,11.6,188.0
Saket,28.5245,77.2066,2026-08-30 13:00:00,32.3,61,0.0,7.8,120.1,733.9,2.9,145.0,11.4,182.0
Saket,28.5245,77.2066,2026-08-30 14:00:00,32.3,61,0.0,6.2,90.6,462.9,3.9,142.0,11.1,197.0
Saket,28.5245,77.2066,2026-08-30 15:00:00,33.1,56,0.0,5.5,73.8,330.6,5.8,133.0,10.5,239.0
Saket,28.5245,77.2066,2026-08-30 16:00:00,32.8,57,0.0,6.8,62.4,239.3,9.0,118.0,9.8,301.0
Saket,28.5245,77.2066,2026-08-30 17:00:00,32.6,62,0.0,7.5,62.4,216.1,16.2,96.0,10.2,370.0
Saket,28.5245,77.2066,2026-08-30 18:00:00,31.1,71,0.0,5.0,68.9,170.4,31.8,72.0,13.9,465.0
Saket,28.5245,77.2066,2026-08-30 19:00:00,30.5,72,0.0,5.8,77.5,166.7,53.0,40.0,19.0,567.0
Saket,28.5245,77.2066,2026-08-30 20:00:00,30.2,72,0.0,6.2,78.9,146.2,66.1,17.0,22.2,611.0
Saket,28.5245,77.2066,2026-08-30 21:00:00,29.7,74,0.0,6.7,70.1,114.3,64.1,13.0,21.8,547.0
Saket,28.5245,77.2066,2026-08-30 22:00:00,29.2,75,0.0,6.3,59.8,88.0,54.0,18.0,19.5,425.0
Saket,28.5245,77.2066,2026-08-30 23:00:00,29.3,77,0.0,7.8,51.2,72.9,44.0,24.0,17.1,324.0
Saket,28.5245,77.2066,2026-08-31 00:00:00,28.8,78,0.0,7.6,43.9,73.3,36.0,30.0,14.8,275.0
Saket,28.5245,77.2066,2026-08-31 01:00:00,28.6,76,0.0,8.7,40.6,89.2,28.1,36.0,12.4,248.0
Saket,28.5245,77.2066,2026-08-31 02:00:00,28.3,73,0.0,9.9,41.4,124.3,21.9,41.0,10.5,227.0
Saket,28.5245,77.2066,2026-08-31 03:00:00,27.8,72,0.0,10.3,56.1,240.3,18.3,42.0,9.5,202.0
Saket,28.5245,77.2066,2026-08-31 04:00:00,27.3,74,0.0,10.5,71.5,329.7,16.4,41.0,9.1,183.0
Saket,28.5245,77.2066,2026-08-31 05:00:00,27.6,73,0.0,14.0,172.3,1177.2,11.3,49.0,7.6,188.0
Saket,28.5245,77.2066,2026-08-31 06:00:00,27.2,73,0.0,13.1,136.9,746.9,12.9,48.0,8.8,240.0
Saket,28.5245,77.2066,2026-08-31 07:00:00,27.7,72,0.0,12.3,113.4,542.0,15.1,49.0,10.4,315.0
Saket,28.5245,77.2066,2026-08-31 08:00:00,28.7,69,0.0,13.0,103.6,504.8,15.7,57.0,11.8,357.0
Saket,28.5245,77.2066,2026-08-31 09:00:00,29.3,68,0.0,12.6,145.3,957.4,13.3,81.0,12.7,332.0
Saket,28.5245,77.2066,2026-08-31 10:00:00,31.1,62,0.0,12.0,170.4,1154.8,9.5,113.0,13.4,274.0
Saket,28.5245,77.2066,2026-08-31 11:00:00,32.4,57,0.0,13.3,172.3,1136.2,6.5,138.0,13.8,229.0
Saket,28.5245,77.2066,2026-08-31 12:00:00,33.0,54,0.1,10.9,152.7,938.8,4.9,151.0,13.9,208.0
Saket,28.5245,77.2066,2026-08-31 13:00:00,33.5,52,0.2,8.9,125.7,707.8,4.3,157.0,13.7,199.0
Saket,28.5245,77.2066,2026-08-31 14:00:00,33.4,52,0.2,8.6,100.6,502.9,5.4,155.0,13.3,215.0
Saket,28.5245,77.2066,2026-08-31 15:00:00,33.3,52,0.1,9.1,87.5,411.6,7.7,145.0,12.3,231.0
Saket,28.5245,77.2066,2026-08-31 16:00:00,33.1,52,0.0,10.3,75.9,304.5,11.8,127.0,11.1,272.0
Saket,28.5245,77.2066,2026-08-31 17:00:00,32.5,59,0.0,8.5,64.3,253.3,16.4,98.0,9.1,424.0
Saket,28.5245,77.2066,2026-08-31 18:00:00,31.3,66,0.0,5.8,72.6,237.0,38.8,70.0,13.5,785.0
Saket,28.5245,77.2066,2026-08-31 19:00:00,30.6,72,0.0,3.3,83.8,225.8,69.5,31.0,19.5,1257.0
Saket,28.5245,77.2066,2026-08-31 20:00:00,30.5,74,0.0,1.0,96.2,228.6,90.6,3.0,24.7,1634.0
Saket,28.5245,77.2066,2026-08-31 21:00:00,30.3,74,0.0,0.4,106.9,225.4,93.7,0.0,28.4,1886.0
Saket,28.5245,77.2066,2026-08-31 22:00:00,29.7,77,0.0,2.4,110.4,209.1,87.2,0.0,31.1,2042.0
Saket,28.5245,77.2066,2026-08-31 23:00:00,29.6,77,0.0,6.9,105.5,189.1,79.1,0.0,31.9,1987.0
Saket,28.5245,77.2066,2026-09-01 00:00:00,28.8,80,0.0,5.5,91.5,156.9,70.9,3.0,29.6,1557.0
Saket,28.5245,77.2066,2026-09-01 01:00:00,28.5,80,0.0,6.0,74.7,126.2,61.0,8.0,25.4,916.0
Saket,28.5245,77.2066,2026-09-01 02:00:00,28.0,79,0.0,6.1,61.7,105.2,52.7,12.0,22.1,431.0
Saket,28.5245,77.2066,2026-09-01 03:00:00,27.6,77,0.0,8.1,52.0,91.0,47.5,14.0,21.0,269.0
Saket,28.5245,77.2066,2026-09-01 04:00:00,27.4,76,0.0,7.6,46.1,95.2,43.8,15.0,20.8,264.0
Saket,28.5245,77.2066,2026-09-01 05:00:00,27.8,74,0.0,11.6,75.2,358.6,14.8,45.0,8.6,287.0
Saket,28.5245,77.2066,2026-09-01 06:00:00,27.4,76,0.0,10.1,78.0,352.0,15.9,45.0,9.7,316.0
Saket,28.5245,77.2066,2026-09-01 07:00:00,28.1,75,0.0,9.5,81.0,353.9,17.2,47.0,11.4,373.0
Saket,28.5245,77.2066,2026-09-01 08:00:00,29.2,70,0.0,11.1,130.4,873.6,17.1,57.0,12.7,401.0
Saket,28.5245,77.2066,2026-09-01 09:00:00,30.4,67,0.0,10.7,148.1,1039.4,14.2,83.0,13.6,364.0
Saket,28.5245,77.2066,2026-09-01 10:00:00,31.6,62,0.0,9.7,149.0,1028.2,9.9,117.0,14.2,299.0
Saket,28.5245,77.2066,2026-09-01 11:00:00,32.1,58,0.1,9.4,120.6,780.4,6.6,144.0,14.5,250.0
Saket,28.5245,77.2066,2026-09-01 12:00:00,32.9,55,0.0,5.2,79.6,405.1,5.1,159.0,14.4,229.0
Saket,28.5245,77.2066,2026-09-01 13:00:00,33.9,51,0.1,2.5,68.0,311.1,4.6,166.0,14.0,224.0
Saket,28.5245,77.2066,2026-09-01 14:00:00,32.8,55,0.1,4.2,63.6,272.9,5.6,167.0,13.7,256.0
Saket,28.5245,77.2066,2026-09-01 15:00:00,30.7,67,1.2,10.7,62.6,261.7,8.6,158.0,13.3,334.0
Saket,28.5245,77.2066,2026-09-01 16:00:00,31.5,64,0.1,3.6,57.6,217.5,13.1,143.0,13.0,447.0
Saket,28.5245,77.2066,2026-09-01 17:00:00,31.2,69,1.1,3.4,65.0,184.9,20.2,175.0,23.4,582.0
Saket,28.5245,77.2066,2026-09-01 18:00:00,30.9,69,0.0,4.9,71.0,173.7,29.4,147.0,24.7,765.0
Saket,28.5245,77.2066,2026-09-01 19:00:00,30.0,75,0.0,4.0,76.4,154.6,41.9,109.0,26.6,969.0
Saket,28.5245,77.2066,2026-09-01 20:00:00,29.3,79,0.0,5.3,74.7,136.9,49.9,79.0,27.9,1099.0
Saket,28.5245,77.2066,2026-09-01 21:00:00,29.0,80,0.0,4.1,68.9,117.8,49.1,68.0,28.5,1106.0
Saket,28.5245,77.2066,2026-09-01 22:00:00,28.6,84,0.0,2.9,64.3,101.5,43.8,65.0,28.7,1040.0
Saket,28.5245,77.2066,2026-09-01 23:00:00,26.1,98,0.0,4.6,60.5,89.9,39.1,62.0,28.1,954.0
Saket,28.5245,77.2066,2026-09-02 00:00:00,26.6,92,0.0,6.2,57.7,81.7,36.2,56.0,26.3,851.0
Saket,28.5245,77.2066,2026-09-02 01:00:00,25.9,93,0.0,6.4,56.5,75.9,34.0,49.0,23.8,729.0
Saket,28.5245,77.2066,2026-09-02 02:00:00,25.7,92,0.0,3.3,56.0,71.9,33.3,42.0,22.1,632.0
Saket,28.5245,77.2066,2026-09-02 03:00:00,25.7,93,0.0,2.2,56.3,70.3,36.0,30.0,21.4,569.0
Saket,28.5245,77.2066,2026-09-02 04:00:00,25.6,93,0.0,2.4,57.6,70.5,40.4,18.0,21.6,532.0
Saket,28.5245,77.2066,2026-09-02 05:00:00,25.4,93,0.1,5.1,55.9,85.4,37.3,43.0,29.2,540.0
Saket,28.5245,77.2066,2026-09-02 06:00:00,25.9,92,0.2,4.7,56.6,81.7,38.3,52.0,35.4,637.0
Saket,28.5245,77.2066,2026-09-02 07:00:00,26.3,87,0.0,4.6,52.2,93.4,39.4,66.0,43.8,779.0
Saket,28.5245,77.2066,2026-09-02 08:00:00,27.9,79,0.0,3.6,54.8,113.6,37.6,88.0,48.8,855.0
Saket,28.5245,77.2066,2026-09-02 09:00:00,29.5,71,0.0,3.1,57.6,133.2,30.4,125.0,47.4,803.0
Saket,28.5245,77.2066,2026-09-02 10:00:00,31.2,65,0.0,2.3,59.4,141.1,20.3,169.0,42.5,686.0
Saket,28.5245,77.2066,2026-09-02 11:00:00,31.1,68,0.3,4.4,58.7,139.7,12.6,203.0,37.9,577.0
Saket,28.5245,77.2066,2026-09-02 12:00:00,25.8,94,12.7,9.2,57.5,138.3,8.9,219.0,34.6,490.0
Saket,28.5245,77.2066,2026-09-02 13:00:00,26.4,96,2.5,6.9,54.8,133.2,7.5,224.0,31.6,412.0
Saket,28.5245,77.2066,2026-09-02 14:00:00,28.6,84,0.6,4.9,61.9,150.9,8.7,219.0,29.0,378.0
Saket,28.5245,77.2066,2026-09-02 15:00:00,28.7,80,0.0,6.7,51.3,112.2,12.9,200.0,26.4,406.0
Saket,28.5245,77.2066,2026-09-02 16:00:00,29.1,77,0.0,5.2,44.5,87.1,19.6,169.0,24.3,479.0
Saket,28.5245,77.2066,2026-09-02 17:00:00,30.3,67,0.0,9.7,44.7,97.1,26.6,127.0,24.2,577.0
Saket,28.5245,77.2066,2026-09-02 18:00:00,28.8,74,0.1,9.2,45.9,92.9,39.3,103.0,28.5,730.0
Saket,28.5245,77.2066,2026-09-02 19:00:00,28.2,78,0.0,6.5,54.9,90.6,56.6,69.0,34.3,908.0
Saket,28.5245,77.2066,2026-09-02 20:00:00,27.6,82,0.0,6.9,56.9,84.8,68.1,43.0,38.0,1007.0
Saket,28.5245,77.2066,2026-09-02 21:00:00,27.1,86,0.0,6.1,56.9,78.0,68.8,32.0,38.0,955.0
Saket,28.5245,77.2066,2026-09-02 22:00:00,26.6,90,0.0,5.1,55.1,69.6,63.6,29.0,35.9,823.0
Saket,28.5245,77.2066,2026-09-02 23:00:00,27.0,92,0.0,5.4,48.2,56.8,57.2,29.0,33.4,718.0
Saket,28.5245,77.2066,2026-09-03 00:00:00,26.4,94,0.0,6.9,43.5,48.3,49.9,32.0,30.6,682.0
Saket,28.5245,77.2066,2026-09-03 01:00:00,26.0,93,0.1,8.2,38.2,40.2,41.3,38.0,27.4,672.0
Saket,28.5245,77.2066,2026-09-03 02:00:00,25.5,94,0.1,4.8,33.2,34.0,34.5,43.0,24.7,667.0
Saket,28.5245,77.2066,2026-09-03 03:00:00,25.3,95,0.1,4.7,29.5,29.8,30.9,44.0,23.0,661.0
Saket,28.5245,77.2066,2026-09-03 04:00:00,25.2,96,0.1,5.0,27.9,27.9,29.2,44.0,22.0,661.0
Saket,28.5245,77.2066,2026-09-03 05:00:00,25.5,99,0.0,3.4,10.3,10.3,18.9,66.0,17.2,663.0
Saket,28.5245,77.2066,2026-09-03 06:00:00,25.5,98,0.2,4.0,10.0,10.0,20.2,66.0,18.5,677.0
Saket,28.5245,77.2066,2026-09-03 07:00:00,26.2,97,0.1,4.3,10.0,10.0,21.9,68.0,20.3,694.0
Saket,28.5245,77.2066,2026-09-03 08:00:00,27.5,88,0.0,6.4,10.9,10.9,22.1,74.0,21.7,680.0
Saket,28.5245,77.2066,2026-09-03 09:00:00,28.9,84,0.1,6.9,12.8,12.9,19.6,89.0,22.5,608.0
Saket,28.5245,77.2066,2026-09-03 10:00:00,29.9,78,0.1,7.0,15.7,20.4,15.7,110.0,23.0,505.0
Saket,28.5245,77.2066,2026-09-03 11:00:00,30.8,72,0.1,6.9,17.2,24.6,12.6,125.0,22.8,419.0
Saket,28.5245,77.2066,2026-09-03 12:00:00,31.3,70,0.6,8.3,17.5,21.5,10.9,131.0,21.3,357.0
Saket,28.5245,77.2066,2026-09-03 13:00:00,30.2,71,0.7,9.4,18.9,21.5,9.9,132.0,19.3,313.0
Saket,28.5245,77.2066,2026-09-03 14:00:00,30.8,69,0.6,6.5,19.0,20.7,10.2,132.0,18.3,316.0
Saket,28.5245,77.2066,2026-09-03 15:00:00,31.2,65,0.1,4.8,20.4,23.9,10.3,138.0,19.0,400.0
Saket,28.5245,77.2066,2026-09-03 16:00:00,31.2,64,0.0,5.2,21.9,24.2,11.6,143.0,20.8,530.0
Saket,28.5245,77.2066,2026-09-03 17:00:00,28.1,86,0.1,7.6,26.8,27.2,33.9,85.0,26.9,635.0
Saket,28.5245,77.2066,2026-09-03 18:00:00,27.1,93,0.3,5.3,30.7,31.1,47.9,66.0,29.9,667.0
Saket,28.5245,77.2066,2026-09-03 19:00:00,26.8,95,0.1,3.4,40.5,40.9,67.4,39.0,34.0,673.0
Saket,28.5245,77.2066,2026-09-03 20:00:00,26.7,96,0.0,5.9,52.2,52.6,82.7,18.0,37.3,724.0
Saket,28.5245,77.2066,2026-09-03 21:00:00,26.7,93,0.0,4.9,67.5,68.0,90.8,8.0,39.1,880.0
Saket,28.5245,77.2066,2026-09-03 22:00:00,26.6,93,0.0,3.9,71.7,72.2,94.8,3.0,40.1,1080.0
Saket,28.5245,77.2066,2026-09-03 23:00:00,27.9,92,0.0,2.7,70.3,71.0,94.7,2.0,39.9,1211.0
Saket,28.5245,77.2066,2026-09-04 00:00:00,26.8,97,0.4,2.3,68.0,68.5,89.2,4.0,37.8,1216.0
Saket,28.5245,77.2066,2026-09-04 01:00:00,26.5,99,0.0,0.6,65.2,65.7,79.7,8.0,34.6,1152.0
Saket,28.5245,77.2066,2026-09-04 02:00:00,26.6,98,0.0,3.9,61.7,62.2,70.1,13.0,31.8,1080.0
Saket,28.5245,77.2066,2026-09-04 03:00:00,26.5,97,0.1,5.8,57.5,58.0,61.4,15.0,30.0,1024.0
Saket,28.5245,77.2066,2026-09-04 04:00:00,26.2,97,0.0,5.7,52.9,53.2,52.8,17.0,28.6,959.0
Saket,28.5245,77.2066,2026-09-04 05:00:00,26.7,98,0.0,8.1,53.1,53.4,54.3,20.0,29.9,880.0
Saket,28.5245,77.2066,2026-09-04 06:00:00,25.4,98,1.0,9.9,49.4,49.7,55.8,17.0,30.9,771.0
Saket,28.5245,77.2066,2026-09-04 07:00:00,25.3,97,0.9,9.8,51.3,51.6,57.5,13.0,32.2,646.0
Saket,28.5245,77.2066,2026-09-04 08:00:00,26.4,92,0.3,8.8,55.1,55.3,55.9,20.0,33.0,543.0
Saket,28.5245,77.2066,2026-09-04 09:00:00,28.2,83,0.1,8.8,45.4,45.8,47.8,47.0,32.8,473.0
Saket,28.5245,77.2066,2026-09-04 10:00:00,29.3,80,0.0,7.8,40.4,40.6,36.3,84.0,32.1,425.0
Saket,28.5245,77.2066,2026-09-04 11:00:00,28.4,86,0.1,9.5,34.7,34.9,27.8,112.0,31.9,400.0
Saket,28.5245,77.2066,2026-09-04 12:00:00,28.5,86,2.2,3.7,33.8,34.2,24.5,124.0,32.2,393.0
Saket,28.5245,77.2066,2026-09-04 13:00:00,29.6,80,0.4,5.0,34.2,34.7,24.2,126.0,32.9,409.0
Saket,28.5245,77.2066,2026-09-04 14:00:00,28.9,84,0.4,7.8,35.0,35.5,26.1,125.0,34.6,464.0
Saket,28.5245,77.2066,2026-09-04 15:00:00,29.1,80,0.1,5.6,35.4,35.9,29.4,122.0,37.8,591.0
Saket,28.5245,77.2066,2026-09-04 16:00:00,29.2,79,0.0,6.4,36.7,37.1,34.8,115.0,42.0,757.0
Saket,28.5245,77.2066,2026-09-04 17:00:00,28.2,81,0.0,5.9,79.2,269.2,35.1,98.0,30.9,885.0
Saket,28.5245,77.2066,2026-09-04 18:00:00,27.6,87,0.1,3.7,74.3,176.0,44.4,79.0,31.5,945.0
Saket,28.5245,77.2066,2026-09-04 19:00:00,27.2,89,0.3,6.4,65.2,101.5,57.0,54.0,32.2,967.0
Saket,28.5245,77.2066,2026-09-04 20:00:00,26.8,91,0.3,8.0,61.0,76.4,63.9,36.0,31.8,959.0
Saket,28.5245,77.2066,2026-09-04 21:00:00,26.5,95,0.6,7.1,56.2,62.4,60.4,33.0,29.6,913.0
Saket,28.5245,77.2066,2026-09-04 22:00:00,25.8,97,3.2,6.3,48.1,49.9,51.4,37.0,26.4,836.0
Saket,28.5245,77.2066,2026-09-04 23:00:00,26.4,95,4.1,8.3,41.4,42.0,42.3,43.0,23.2,763.0
Saket,28.5245,77.2066,2026-09-05 00:00:00,26.1,97,0.8,7.6,31.8,31.9,34.4,50.0,20.3,704.0
Saket,28.5245,77.2066,2026-09-05 01:00:00,26.1,98,0.5,7.2,24.9,25.0,26.5,60.0,17.6,647.0
Saket,28.5245,77.2066,2026-09-05 02:00:00,25.5,93,2.7,11.1,19.4,19.6,20.6,66.0,15.5,593.0
Saket,28.5245,77.2066,2026-09-05 03:00:00,25.4,97,2.6,8.2,14.2,14.3,17.6,67.0,14.4,529.0
Saket,28.5245,77.2066,2026-09-05 04:00:00,25.3,98,1.9,7.2,11.6,11.7,16.7,66.0,14.0,469.0
Saket,28.5245,77.2066,2026-09-05 05:00:00,25.4,98,1.1,11.8,13.4,13.5,19.2,61.0,15.7,446.0
Saket,28.5245,77.2066,2026-09-05 06:00:00,25.0,97,2.6,8.8,15.8,15.9,23.4,58.0,16.5,499.0
Saket,28.5245,77.2066,2026-09-05 07:00:00,25.2,96,1.6,5.1,19.5,19.6,29.0,54.0,17.6,590.0
Saket,28.5245,77.2066,2026-09-05 08:00:00,25.2,96,2.3,7.5,20.5,20.7,32.3,54.0,19.0,645.0
Saket,28.5245,77.2066,2026-09-05 09:00:00,25.8,95,0.7,1.9,18.7,18.9,31.2,61.0,20.7,615.0
Saket,28.5245,77.2066,2026-09-05 10:00:00,27.0,92,0.6,5.0,16.9,17.1,27.8,72.0,22.7,550.0
Saket,28.5245,77.2066,2026-09-05 11:00:00,27.9,86,0.5,6.4,17.3,17.5,24.8,86.0,24.6,522.0
Saket,28.5245,77.2066,2026-09-05 12:00:00,27.2,89,0.9,9.4,19.4,19.6,22.5,106.0,26.4,576.0
Saket,28.5245,77.2066,2026-09-05 13:00:00,25.9,93,4.6,6.6,22.3,22.6,20.7,128.0,28.2,668.0
Saket,28.5245,77.2066,2026-09-05 14:00:00,26.1,96,1.3,6.7,24.7,25.0,21.3,141.0,30.1,737.0
Saket,28.5245,77.2066,2026-09-05 15:00:00,26.6,93,0.5,8.9,28.2,28.6,24.6,141.0,31.9,706.0
Saket,28.5245,77.2066,2026-09-05 16:00:00,26.9,92,0.3,6.6,33.6,34.0,30.5,132.0,33.8,653.0
Saket,28.5245,77.2066,2026-09-05 17:00:00,26.8,94,0.2,6.0,40.2,41.9,35.9,102.0,32.7,750.0
Saket,28.5245,77.2066,2026-09-05 18:00:00,26.6,93,0.0,7.1,47.7,48.9,47.4,79.0,33.3,1145.0
Saket,28.5245,77.2066,2026-09-05 19:00:00,26.5,93,0.0,6.4,53.8,54.7,62.9,46.0,34.1,1690.0
Saket,28.5245,77.2066,2026-09-05 20:00:00,26.6,93,0.0,6.2,56.8,57.6,72.6,23.0,34.1,2116.0
Saket,28.5245,77.2066,2026-09-05 21:00:00,26.5,93,0.0,5.9,55.5,56.2,71.2,17.0,32.7,2351.0
Saket,28.5245,77.2066,2026-09-05 22:00:00,26.3,92,0.0,4.6,55.8,56.3,63.9,20.0,30.5,2468.0
Saket,28.5245,77.2066,2026-09-05 23:00:00,26.4,92,0.0,4.0,56.1,56.6,57.0,23.0,28.5,2415.0
Saket,28.5245,77.2066,2026-09-06 00:00:00,26.0,93,0.0,5.1,54.7,55.2,52.4,23.0,26.8,2099.0
Saket,28.5245,77.2066,2026-09-06 01:00:00,25.9,91,0.0,5.4,52.7,53.2,48.2,23.0,25.2,1614.0
Saket,28.5245,77.2066,2026-09-06 02:00:00,25.6,92,0.0,5.8,53.2,53.6,44.4,24.0,24.0,1188.0
Saket,28.5245,77.2066,2026-09-06 03:00:00,25.3,94,0.0,7.8,52.7,53.1,41.5,24.0,23.5,895.0
Saket,28.5245,77.2066,2026-09-06 04:00:00,25.0,95,0.0,7.8,51.2,51.6,39.1,25.0,23.5,662.0
Saket,28.5245,77.2066,2026-09-06 05:00:00,24.7,99,0.0,5.5,44.6,44.9,35.4,34.0,25.5,501.0
Saket,28.5245,77.2066,2026-09-06 06:00:00,24.0,99,2.9,3.9,46.6,46.8,33.6,42.0,27.5,437.0
Saket,28.5245,77.2066,2026-09-06 07:00:00,24.0,98,3.1,9.6,41.7,41.9,31.0,54.0,30.3,446.0
Saket,28.5245,77.2066,2026-09-06 08:00:00,24.7,95,0.8,8.3,33.4,33.6,27.7,73.0,32.9,466.0
Saket,28.5245,77.2066,2026-09-06 09:00:00,25.0,95,0.7,6.2,27.8,28.1,23.0,105.0,35.4,489.0
Saket,28.5245,77.2066,2026-09-06 10:00:00,26.2,91,0.9,3.9,27.6,27.8,17.6,145.0,37.7,523.0
Saket,28.5245,77.2066,2026-09-06 11:00:00,25.4,94,0.8,12.5,29.7,29.9,13.5,176.0,39.0,534.0
Saket,28.5245,77.2066,2026-09-06 12:00:00,25.6,96,4.5,13.2,30.7,30.9,11.2,193.0,38.6,492.0
Saket,28.5245,77.2066,2026-09-06 13:00:00,25.5,95,1.5,13.2,32.0,32.1,10.1,202.0,37.1,426.0
Saket,28.5245,77.2066,2026-09-06 14:00:00,25.7,92,0.7,10.7,34.7,34.8,10.5,204.0,36.4,397.0
Saket,28.5245,77.2066,2026-09-06 15:00:00,25.6,91,0.4,9.1,33.4,33.9,11.1,202.0,36.7,398.0
Saket,28.5245,77.2066,2026-09-06 16:00:00,25.8,87,0.0,5.6,33.5,33.9,13.3,193.0,37.6,436.0
Saket,28.5245,77.2066,2026-09-06 17:00:00,27.1,86,0.0,7.9,21.3,21.4,19.8,102.0,23.7,584.0
Saket,28.5245,77.2066,2026-09-06 18:00:00,26.4,90,0.0,4.9,26.3,26.8,35.2,79.0,27.9,960.0
Saket,28.5245,77.2066,2026-09-06 19:00:00,25.7,93,0.0,1.7,37.6,37.8,56.7,48.0,33.8,1447.0
Saket,28.5245,77.2066,2026-09-06 20:00:00,25.4,95,0.0,2.4,55.6,55.8,74.0,23.0,39.0,1768.0
Saket,28.5245,77.2066,2026-09-06 21:00:00,25.4,94,0.0,0.7,67.5,67.5,83.0,11.0,42.8,1767.0
Saket,28.5245,77.2066,2026-09-06 22:00:00,25.0,96,0.0,1.4,72.9,72.9,87.8,5.0,46.0,1601.0
Saket,28.5245,77.2066,2026-09-06 23:00:00,25.2,97,0.0,0.4,81.7,81.7,90.9,2.0,48.2,1465.0
Saket,28.5245,77.2066,2026-09-07 00:00:00,24.6,98,0.0,0.6,87.1,87.3,92.4,0.0,49.0,1436.0
Saket,28.5245,77.2066,2026-09-07 01:00:00,24.4,99,0.0,0.6,88.9,89.6,92.2,1.0,48.8,1436.0
Saket,28.5245,77.2066,2026-09-07 02:00:00,24.2,99,0.0,4.3,89.4,90.3,91.7,2.0,49.0,1436.0
Saket,28.5245,77.2066,2026-09-07 03:00:00,23.8,100,0.0,3.6,87.8,88.9,92.8,0.0,50.3,1435.0
Saket,28.5245,77.2066,2026-09-07 04:00:00,23.7,99,0.0,6.7,86.1,87.1,93.6,0.0,51.9,1432.0
Saket,28.5245,77.2066,2026-09-07 05:00:00,24.6,99,0.0,5.9,72.9,72.9,77.6,5.0,62.5,1394.0
Saket,28.5245,77.2066,2026-09-07 06:00:00,24.4,100,0.0,6.4,76.8,77.1,70.0,18.0,61.7,1302.0
Saket,28.5245,77.2066,2026-09-07 07:00:00,25.6,97,0.0,5.8,68.0,68.5,59.2,38.0,60.5,1175.0
Saket,28.5245,77.2066,2026-09-07 08:00:00,27.5,88,0.0,4.8,52.7,54.8,48.1,68.0,58.8,1035.0
Saket,28.5245,77.2066,2026-09-07 09:00:00,29.0,78,0.0,5.8,41.6,50.4,36.8,115.0,56.5,876.0
Saket,28.5245,77.2066,2026-09-07 10:00:00,30.3,71,0.0,4.6,45.9,59.4,25.2,172.0,53.6,704.0
Saket,28.5245,77.2066,2026-09-07 11:00:00,31.4,62,0.0,4.6,56.5,124.8,16.3,218.0,50.1,564.0
Saket,28.5245,77.2066,2026-09-07 12:00:00,31.8,60,0.1,5.3,66.4,127.1,10.7,248.0,45.4,460.0
Saket,28.5245,77.2066,2026-09-07 13:00:00,32.2,58,0.1,4.2,69.2,113.4,7.8,267.0,40.0,387.0
Saket,28.5245,77.2066,2026-09-07 14:00:00,32.0,57,0.1,8.1,66.8,101.5,8.0,271.0,35.5,381.0
Saket,28.5245,77.2066,2026-09-07 15:00:00,30.6,64,1.2,7.0,63.6,92.4,10.1,255.0,31.5,430.0
Saket,28.5245,77.2066,2026-09-07 16:00:00,30.9,62,0.0,5.8,59.0,84.1,15.3,223.0,28.4,544.0
Saket,28.5245,77.2066,2026-09-07 17:00:00,31.2,64,0.0,6.2,72.9,92.9,31.2,197.0,33.4,792.0
Saket,28.5245,77.2066,2026-09-07 18:00:00,29.6,73,0.0,3.8,87.8,104.3,55.5,153.0,38.3,1330.0
Saket,28.5245,77.2066,2026-09-07 19:00:00,29.6,71,0.0,0.9,105.0,119.2,88.4,93.0,45.1,2001.0
Saket,28.5245,77.2066,2026-09-07 20:00:00,28.9,74,0.0,1.9,115.7,126.7,109.2,49.0,49.7,2400.0
Saket,28.5245,77.2066,2026-09-07 21:00:00,28.0,77,0.0,5.0,118.5,126.7,106.8,38.0,50.4,2290.0
Saket,28.5245,77.2066,2026-09-07 22:00:00,27.2,80,0.0,4.2,119.0,126.7,92.2,44.0,49.0,1909.0
Saket,28.5245,77.2066,2026-09-07 23:00:00,27.0,82,0.0,4.0,104.1,114.6,77.9,49.0,46.6,1565.0
Saket,28.5245,77.2066,2026-09-08 00:00:00,26.2,84,0.0,5.1,97.6,108.7,67.5,48.0,43.2,1377.0
Saket,28.5245,77.2066,2026-09-08 01:00:00,25.9,84,0.0,6.7,98.5,109.9,57.3,46.0,38.7,1227.0
Saket,28.5245,77.2066,2026-09-08 02:00:00,25.5,84,0.0,7.2,96.4,107.8,48.6,46.0,34.6,1067.0
Saket,28.5245,77.2066,2026-09-08 03:00:00,25.2,86,0.0,6.5,88.2,100.8,41.8,48.0,31.3,847.0
Saket,28.5245,77.2066,2026-09-08 04:00:00,24.9,88,0.0,7.2,78.0,92.7,36.3,51.0,28.3,617.0
Saket,28.5245,77.2066,2026-09-08 05:00:00,25.5,80,0.0,5.7,135.5,147.1,85.7,12.0,47.6,481.0
Saket,28.5245,77.2066,2026-09-08 06:00:00,25.0,84,0.0,8.4,112.5,125.3,72.1,34.0,43.2,535.0
Saket,28.5245,77.2066,2026-09-08 07:00:00,26.1,83,0.0,9.4,95.5,108.0,52.9,66.0,37.0,684.0
Saket,28.5245,77.2066,2026-09-08 08:00:00,27.7,76,0.0,8.5,66.6,87.1,36.0,97.0,31.1,746.0
Saket,28.5245,77.2066,2026-09-08 09:00:00,28.7,70,0.0,11.2,47.7,75.9,23.7,129.0,25.8,615.0
Saket,28.5245,77.2066,2026-09-08 10:00:00,29.1,69,0.0,12.8,73.1,358.6,13.7,161.0,20.9,397.0
Saket,28.5245,77.2066,2026-09-08 11:00:00,31.5,63,0.0,10.5,57.4,215.1,6.8,182.0,17.0,236.0
Saket,28.5245,77.2066,2026-09-08 12:00:00,31.2,62,1.4,14.3,48.8,152.3,3.5,187.0,14.7,183.0
Saket,28.5245,77.2066,2026-09-08 13:00:00,31.7,65,0.4,11.9,44.6,123.9,3.4,182.0,13.6,187.0
Saket,28.5245,77.2066,2026-09-08 14:00:00,32.2,63,0.0,12.0,41.2,105.2,5.3,172.0,13.0,231.0
Saket,28.5245,77.2066,2026-09-08 15:00:00,32.3,59,0.0,12.7,45.6,146.7,8.6,158.0,12.5,320.0
Saket,28.5245,77.2066,2026-09-08 16:00:00,31.6,64,0.1,10.3,49.0,153.2,14.0,140.0,12.5,449.0
Saket,28.5245,77.2066,2026-09-08 17:00:00,31.6,66,0.0,5.8,57.7,192.8,24.2,114.0,14.5,593.0
Saket,28.5245,77.2066,2026-09-08 18:00:00,30.5,74,0.0,2.3,64.7,183.9,40.5,89.0,18.5,766.0
Saket,28.5245,77.2066,2026-09-08 19:00:00,30.0,74,0.0,1.8,72.2,181.1,63.0,53.0,24.1,953.0
Saket,28.5245,77.2066,2026-09-08 20:00:00,29.5,75,0.0,4.1,79.9,185.3,79.9,25.0,28.5,1088.0
Saket,28.5245,77.2066,2026-09-08 21:00:00,28.8,77,0.0,4.9,89.2,197.0,86.3,11.0,30.9,1159.0
Saket,28.5245,77.2066,2026-09-08 22:00:00,28.0,81,0.0,6.2,96.9,201.6,87.2,5.0,32.0,1178.0
Saket,28.5245,77.2066,2026-09-08 23:00:00,28.3,73,0.0,11.0,96.9,190.9,84.8,1.0,31.4,1107.0
Saket,28.5245,77.2066,2026-09-09 00:00:00,27.8,71,0.0,7.5,89.9,172.3,79.3,0.0,28.2,880.0
Saket,28.5245,77.2066,2026-09-09 01:00:00,27.1,76,0.0,7.6,81.3,155.1,70.6,2.0,23.2,564.0
Saket,28.5245,77.2066,2026-09-09 02:00:00,26.8,78,0.0,7.8,76.1,187.7,61.3,5.0,18.9,326.0
Saket,28.5245,77.2066,2026-09-09 03:00:00,26.4,77,0.0,6.6,78.0,278.5,51.2,9.0,15.9,238.0
Saket,28.5245,77.2066,2026-09-09 04:00:00,26.2,75,0.0,7.8,84.3,391.2,40.5,14.0,13.5,229.0
Saket,28.5245,77.2066,2026-09-09 05:00:00,27.2,74,0.0,12.6,110.8,713.4,15.6,45.0,8.8,249.0
Saket,28.5245,77.2066,2026-09-09 06:00:00,27.1,74,0.0,13.7,110.1,668.7,17.6,46.0,9.7,305.0
Saket,28.5245,77.2066,2026-09-09 07:00:00,27.7,74,0.0,13.1,116.2,702.2,20.2,49.0,10.9,391.0
Saket,28.5245,77.2066,2026-09-09 08:00:00,28.7,73,0.0,12.2,114.3,644.5,20.6,59.0,11.8,434.0
Saket,28.5245,77.2066,2026-09-09 09:00:00,29.7,69,0.0,13.6,111.8,689.2,16.9,85.0,12.3,391.0
Saket,28.5245,77.2066,2026-09-09 10:00:00,30.8,65,0.0,13.0,118.5,741.3,11.0,119.0,12.5,307.0
Saket,28.5245,77.2066,2026-09-09 11:00:00,32.5,55,0.0,15.1,121.1,746.9,6.6,144.0,12.5,242.0
Saket,28.5245,77.2066,2026-09-09 12:00:00,32.9,53,0.0,13.3,116.9,705.9,4.5,153.0,12.3,205.0
Saket,28.5245,77.2066,2026-09-09 13:00:00,33.3,52,0.0,12.3,109.0,648.2,3.7,154.0,11.8,187.0
Saket,28.5245,77.2066,2026-09-09 14:00:00,33.3,51,0.0,12.7,103.8,614.7,5.4,148.0,11.5,226.0
Saket,28.5245,77.2066,2026-09-09 15:00:00,33.2,51,0.0,12.4,102.4,605.4,9.5,137.0,11.0,332.0
Saket,28.5245,77.2066,2026-09-09 16:00:00,32.6,56,0.0,9.8,108.5,618.4,15.9,121.0,10.7,494.0
Saket,28.5245,77.2066,2026-09-09 17:00:00,32.3,61,0.0,7.5,83.6,402.3,24.8,98.0,11.4,714.0
Saket,28.5245,77.2066,2026-09-09 18:00:00,30.7,65,0.0,5.6,79.6,294.3,43.6,71.0,15.2,1087.0
Saket,28.5245,77.2066,2026-09-09 19:00:00,30.0,69,0.0,4.5,85.0,256.1,69.3,34.0,20.6,1517.0
Saket,28.5245,77.2066,2026-09-09 20:00:00,29.1,74,0.0,5.3,93.8,246.8,87.1,7.0,25.5,1721.0
Saket,28.5245,77.2066,2026-09-09 21:00:00,28.6,74,0.0,6.5,103.8,246.8,89.7,0.0,30.0,1502.0
Saket,28.5245,77.2066,2026-09-09 22:00:00,28.2,76,0.0,5.1,110.1,234.2,84.4,0.0,34.0,1056.0
Saket,28.5245,77.2066,2026-09-09 23:00:00,28.4,77,0.0,5.6,109.9,216.1,78.4,0.0,35.8,686.0
Saket,28.5245,77.2066,2026-09-10 00:00:00,27.7,79,0.0,6.0,107.3,198.4,74.2,0.0,33.8,508.0
Saket,28.5245,77.2066,2026-09-10 01:00:00,27.2,79,0.0,6.5,99.7,170.0,69.3,0.0,29.6,405.0
Saket,28.5245,77.2066,2026-09-10 02:00:00,26.9,79,0.0,6.3,83.1,136.9,63.6,0.0,25.6,334.0
Saket,28.5245,77.2066,2026-09-10 03:00:00,26.5,81,0.0,6.2,74.0,183.5,56.2,3.0,22.4,274.0
Saket,28.5245,77.2066,2026-09-10 04:00:00,26.2,82,0.0,7.3,74.0,263.6,47.9,9.0,19.4,245.0
Saket,28.5245,77.2066,2026-09-10 05:00:00,26.7,82,0.0,8.1,79.2,328.8,40.3,20.0,15.4,267.0
Saket,28.5245,77.2066,2026-09-10 06:00:00,26.3,82,0.0,9.7,81.7,375.3,36.9,28.0,15.1,393.0
Saket,28.5245,77.2066,2026-09-10 07:00:00,27.5,76,0.0,10.6,84.8,407.0,32.0,40.0,14.8,569.0
Saket,28.5245,77.2066,2026-09-10 08:00:00,29.2,73,0.0,10.0,79.9,377.2,26.5,59.0,14.7,658.0
Saket,28.5245,77.2066,2026-09-10 09:00:00,30.3,67,0.0,12.1,80.1,421.9,19.8,91.0,15.1,568.0
Saket,28.5245,77.2066,2026-09-10 10:00:00,31.4,64,0.0,11.4,89.2,493.6,12.6,130.0,15.8,391.0
Saket,28.5245,77.2066,2026-09-10 11:00:00,33.2,54,0.0,12.3,91.5,504.8,7.3,159.0,16.4,256.0
Saket,28.5245,77.2066,2026-09-10 12:00:00,33.7,50,0.0,12.2,67.1,271.9,4.6,172.0,16.6,205.0
Saket,28.5245,77.2066,2026-09-10 13:00:00,34.0,48,0.0,12.1,78.2,386.5,4.0,175.0,16.7,196.0
Saket,28.5245,77.2066,2026-09-10 14:00:00,34.1,47,0.0,12.0,77.3,381.8,6.1,171.0,16.8,240.0
Saket,28.5245,77.2066,2026-09-10 15:00:00,33.7,49,0.0,11.7,76.8,376.3,10.9,159.0,16.4,331.0
Saket,28.5245,77.2066,2026-09-10 16:00:00,33.0,55,0.0,9.6,78.5,361.4,18.4,139.0,16.1,474.0
Saket,28.5245,77.2066,2026-09-10 17:00:00,32.3,58,0.0,10.1,80.3,413.5,23.5,110.0,14.4,691.0
Saket,28.5245,77.2066,2026-09-10 18:00:00,30.7,63,0.0,7.0,84.3,383.7,34.2,91.0,18.7,1051.0
Saket,28.5245,77.2066,2026-09-10 19:00:00,29.9,67,0.0,5.2,85.4,317.6,49.2,64.0,24.7,1484.0
Saket,28.5245,77.2066,2026-09-10 20:00:00,29.6,68,0.0,5.1,91.5,334.3,61.3,42.0,29.8,1802.0
Saket,28.5245,77.2066,2026-09-10 21:00:00,29.2,70,0.0,4.8,91.7,287.8,68.7,29.0,33.6,1923.0
Saket,28.5245,77.2066,2026-09-10 22:00:00,28.8,72,0.0,3.8,98.0,278.5,73.3,21.0,36.5,1928.0
Saket,28.5245,77.2066,2026-09-10 23:00:00,29.2,73,0.0,3.2,95.5,245.9,74.1,17.0,37.4,1871.0
Saket,28.5245,77.2066,2026-09-11 00:00:00,28.8,73,0.0,3.1,87.8,202.6,68.7,18.0,34.9,1755.0
Saket,28.5245,77.2066,2026-09-11 01:00:00,28.1,74,0.0,5.5,82.4,176.5,59.5,23.0,30.4,1576.0
Saket,28.5245,77.2066,2026-09-11 02:00:00,26.9,82,0.0,5.4,78.5,157.9,53.0,27.0,27.1,1383.0
Saket,28.5245,77.2066,2026-09-11 03:00:00,26.2,89,0.0,3.0,77.3,147.1,53.0,23.0,26.5,1146.0
Saket,28.5245,77.2066,2026-09-11 04:00:00,26.0,91,0.0,2.6,77.5,139.2,55.7,18.0,27.2,894.0
Saket,28.5245,77.2066,2026-09-11 05:00:00,28.1,81,0.0,1.3,85.2,150.4,67.9,10.0,35.8,758.0
Saket,28.5245,77.2066,2026-09-11 06:00:00,27.7,81,0.0,3.1,88.7,147.6,61.3,31.0,36.9,860.0
Saket,28.5245,77.2066,2026-09-11 07:00:00,28.7,81,0.0,4.3,88.7,128.1,51.8,63.0,38.2,1079.0
Saket,28.5245,77.2066,2026-09-11 08:00:00,29.7,84,0.0,5.1,78.7,126.2,41.6,98.0,38.7,1176.0
Saket,28.5245,77.2066,2026-09-11 09:00:00,30.4,83,0.0,7.8,68.7,135.5,30.0,144.0,37.9,1009.0
Saket,28.5245,77.2066,2026-09-11 10:00:00,28.6,84,2.1,12.0,60.3,108.5,17.8,194.0,36.1,720.0
Saket,28.5245,77.2066,2026-09-11 11:00:00,31.0,69,0.5,11.7,56.2,86.6,9.5,223.0,33.3,503.0
Saket,28.5245,77.2066,2026-09-11 12:00:00,31.1,72,0.3,4.5,52.3,71.5,7.5,213.0,28.3,427.0
Saket,28.5245,77.2066,2026-09-11 13:00:00,28.5,83,1.6,15.9,42.0,49.2,9.4,182.0,22.1,422.0
Saket,28.5245,77.2066,2026-09-11 14:00:00,28.2,87,1.5,8.0,33.6,35.6,12.4,154.0,18.4,477.0
Saket,28.5245,77.2066,2026-09-11 15:00:00,30.0,74,0.1,9.0,28.0,28.6,16.0,140.0,19.1,591.0
Saket,28.5245,77.2066,2026-09-11 16:00:00,29.6,74,0.1,9.9,24.4,24.7,20.8,130.0,22.2,765.0
Saket,28.5245,77.2066,2026-09-11 17:00:00,27.6,88,0.0,10.3,18.8,18.8,17.8,120.0,15.8,984.0
Saket,28.5245,77.2066,2026-09-11 18:00:00,26.9,94,0.5,8.0,22.2,22.2,21.8,107.0,17.1,1336.0
Saket,28.5245,77.2066,2026-09-11 19:00:00,26.6,95,0.0,7.1,22.6,22.6,27.3,89.0,18.9,1732.0
Saket,28.5245,77.2066,2026-09-11 20:00:00,26.5,95,0.0,7.3,21.6,21.6,31.2,74.0,20.2,1898.0
Saket,28.5245,77.2066,2026-09-11 21:00:00,26.6,94,0.0,8.4,20.4,20.4,32.2,65.0,20.6,1628.0
Saket,28.5245,77.2066,2026-09-11 22:00:00,26.4,95,0.0,8.0,20.5,20.5,31.7,60.0,20.6,1127.0
Saket,28.5245,77.2066,2026-09-11 23:00:00,27.0,94,0.0,9.0,21.1,21.1,30.6,55.0,20.2,733.0
Saket,28.5245,77.2066,2026-09-12 00:00:00,26.7,94,0.0,8.5,20.5,20.5,28.7,51.0,19.2,589.0
Saket,28.5245,77.2066,2026-09-12 01:00:00,26.6,93,0.0,7.3,19.7,19.8,26.2,49.0,17.9,551.0
Saket,28.5245,77.2066,2026-09-12 02:00:00,26.6,92,0.0,8.6,19.2,19.3,24.4,46.0,17.0,528.0
Saket,28.5245,77.2066,2026-09-12 03:00:00,26.5,91,0.0,6.4,18.9,19.0,23.9,42.0,16.9,477.0
Saket,28.5245,77.2066,2026-09-12 04:00:00,25.3,97,2.2,5.4,18.1,18.3,24.2,37.0,17.2,440.0
Saket,28.5245,77.2066,2026-09-12 05:00:00,26.9,91,0.9,8.7,16.1,16.3,22.3,44.0,18.6,455.0
Saket,28.5245,77.2066,2026-09-12 06:00:00,26.8,91,0.0,8.2,16.1,16.6,26.1,43.0,19.7,581.0
Saket,28.5245,77.2066,2026-09-12 07:00:00,27.4,90,0.0,7.4,17.6,18.2,31.2,43.0,21.2,759.0
Saket,28.5245,77.2066,2026-09-12 08:00:00,28.6,85,0.0,6.2,20.1,20.7,33.3,49.0,22.1,845.0
Saket,28.5245,77.2066,2026-09-12 09:00:00,29.7,80,0.0,6.0,20.3,20.7,29.8,65.0,22.1,745.0
Saket,28.5245,77.2066,2026-09-12 10:00:00,31.1,72,0.1,8.1,19.0,19.1,23.4,86.0,21.5,552.0
Saket,28.5245,77.2066,2026-09-12 11:00:00,29.6,76,1.9,2.4,18.0,18.2,17.7,108.0,20.6,406.0
Saket,28.5245,77.2066,2026-09-12 12:00:00,30.3,72,0.4,6.4,19.2,19.3,13.0,132.0,19.2,352.0
Saket,28.5245,77.2066,2026-09-12 13:00:00,29.6,76,0.7,11.5,20.1,23.6,9.0,156.0,17.5,344.0
Saket,28.5245,77.2066,2026-09-12 14:00:00,30.4,74,0.1,8.4,19.7,20.9,8.1,168.0,16.5,383.0
Saket,28.5245,77.2066,2026-09-12 15:00:00,30.6,72,0.1,9.4,19.9,23.1,12.1,161.0,16.5,486.0
Saket,28.5245,77.2066,2026-09-12 16:00:00,30.3,72,0.0,9.7,20.4,22.5,19.3,143.0,17.1,635.0
Saket,28.5245,77.2066,2026-09-12 17:00:00,29.7,80,0.0,6.9,19.7,20.1,19.8,118.0,14.1,779.0
Saket,28.5245,77.2066,2026-09-12 18:00:00,29.0,84,0.0,5.9,26.9,27.1,35.2,92.0,17.4,927.0
Saket,28.5245,77.2066,2026-09-12 19:00:00,28.6,87,0.0,6.1,36.3,36.6,56.3,55.0,21.9,1069.0
Saket,28.5245,77.2066,2026-09-12 20:00:00,28.4,88,0.0,6.4,42.6,43.0,70.2,29.0,25.1,1122.0
Saket,28.5245,77.2066,2026-09-12 21:00:00,28.3,88,0.0,7.4,44.2,44.7,70.8,23.0,25.8,1022.0
Saket,28.5245,77.2066,2026-09-12 22:00:00,28.1,87,0.0,7.4,42.5,42.8,64.3,27.0,25.1,833.0
Saket,28.5245,77.2066,2026-09-12 23:00:00,28.6,85,0.0,8.1,39.1,39.3,56.3,32.0,23.8,669.0
Saket,28.5245,77.2066,2026-09-13 00:00:00,28.2,85,0.0,6.9,35.2,35.4,47.3,36.0,21.9,570.0
Saket,28.5245,77.2066,2026-09-13 01:00:00,27.9,86,0.0,6.7,31.5,31.8,36.8,42.0,19.5,494.0
Saket,28.5245,77.2066,2026-09-13 02:00:00,27.4,88,0.0,7.1,28.2,28.4,28.5,46.0,17.5,434.0
Saket,28.5245,77.2066,2026-09-13 03:00:00,27.2,90,0.0,8.2,25.1,25.3,24.1,45.0,16.1,385.0
Saket,28.5245,77.2066,2026-09-13 04:00:00,27.0,91,0.0,7.8,22.8,22.8,21.9,42.0,15.1,350.0
Saket,28.5245,77.2066,2026-09-13 05:00:00,27.3,88,0.0,9.2,20.0,20.1,23.2,43.0,18.1,333.0
Saket,28.5245,77.2066,2026-09-13 06:00:00,27.0,90,0.0,10.0,20.3,20.4,21.0,54.0,18.3,346.0
Saket,28.5245,77.2066,2026-09-13 07:00:00,27.7,88,0.0,8.8,21.8,21.8,17.8,70.0,18.5,377.0
Saket,28.5245,77.2066,2026-09-13 08:00:00,28.8,81,0.0,11.1,20.7,20.9,14.5,89.0,18.4,388.0
Saket,28.5245,77.2066,2026-09-13 09:00:00,29.8,74,0.0,11.0,22.1,24.3,11.0,114.0,17.7,358.0
Saket,28.5245,77.2066,2026-09-13 10:00:00,30.7,70,0.0,10.8,23.6,26.7,7.4,142.0,16.7,309.0
Saket,28.5245,77.2066,2026-09-13 11:00:00,31.8,62,0.0,11.1,24.9,35.6,4.8,163.0,15.8,272.0
Saket,28.5245,77.2066,2026-09-13 12:00:00,32.1,60,0.2,11.2,24.7,29.5,3.6,171.0,15.1,256.0
Saket,28.5245,77.2066,2026-09-13 13:00:00,32.2,60,0.2,11.2,24.4,27.8,3.4,172.0,14.5,252.0
Saket,28.5245,77.2066,2026-09-13 14:00:00,32.3,60,0.2,10.9,24.1,26.4,4.6,168.0,14.4,266.0
Saket,28.5245,77.2066,2026-09-13 15:00:00,32.2,60,0.1,9.4,23.6,25.2,7.7,159.0,15.0,308.0
Saket,28.5245,77.2066,2026-09-13 16:00:00,31.8,62,0.0,9.1,23.6,24.8,12.1,146.0,16.1,368.0
Saket,28.5245,77.2066,2026-09-13 17:00:00,31.3,66,0.0,8.4,22.6,24.0,13.2,124.0,14.3,420.0
Saket,28.5245,77.2066,2026-09-13 18:00:00,29.9,71,0.0,7.6,28.0,29.7,17.9,109.0,16.6,463.0
Saket,28.5245,77.2066,2026-09-13 19:00:00,29.0,76,0.0,7.7,30.6,31.5,24.3,89.0,19.6,498.0
Saket,28.5245,77.2066,2026-09-13 20:00:00,28.4,81,0.0,7.2,29.3,30.7,27.8,75.0,21.3,507.0
Saket,28.5245,77.2066,2026-09-13 21:00:00,28.1,83,0.0,8.7,26.4,28.2,25.8,73.0,20.3,472.0
Saket,28.5245,77.2066,2026-09-13 22:00:00,27.7,84,0.0,9.4,23.6,25.2,21.0,78.0,18.0,410.0
Saket,28.5245,77.2066,2026-09-13 23:00:00,28.3,82,0.0,10.8,21.8,25.6,17.2,80.0,16.2,357.0
Saket,28.5245,77.2066,2026-09-14 00:00:00,27.7,86,0.0,10.4,20.5,26.3,15.8,77.0,15.7,323.0
Saket,28.5245,77.2066,2026-09-14 01:00:00,27.2,88,0.0,10.3,19.7,26.0,15.4,72.0,15.6,298.0
Saket,28.5245,77.2066,2026-09-14 02:00:00,26.8,90,0.0,10.1,23.7,73.3,15.3,66.0,15.8,279.0
Saket,28.5245,77.2066,2026-09-14 03:00:00,26.5,91,0.0,10.1,26.5,96.4,15.5,59.0,16.1,262.0
Saket,28.5245,77.2066,2026-09-14 04:00:00,25.7,95,0.3,9.9,28.1,106.2,16.1,52.0,16.7,252.0
Saket,28.5245,77.2066,2026-09-14 05:00:00,26.3,94,0.3,9.8,18.8,24.7,16.5,53.0,19.4,263.0
Saket,28.5245,77.2066,2026-09-14 06:00:00,26.3,95,0.0,9.5,20.4,26.0,17.1,57.0,20.1,318.0
Saket,28.5245,77.2066,2026-09-14 07:00:00,27.0,91,0.0,10.5,23.0,44.9,17.7,64.0,21.1,394.0
Saket,28.5245,77.2066,2026-09-14 08:00:00,28.0,87,0.2,11.2,23.2,44.7,17.1,78.0,21.5,438.0
Saket,28.5245,77.2066,2026-09-14 09:00:00,29.3,78,0.1,10.4,21.9,29.9,13.9,104.0,21.0,417.0
Saket,28.5245,77.2066,2026-09-14 10:00:00,30.3,71,0.1,11.8,21.0,24.9,9.4,137.0,19.9,364.0
Saket,28.5245,77.2066,2026-09-14 11:00:00,30.1,70,0.1,10.8,21.9,24.0,6.1,162.0,18.8,323.0
Saket,28.5245,77.2066,2026-09-14 12:00:00,31.4,64,0.1,10.9,23.1,24.4,4.5,175.0,17.6,302.0
Saket,28.5245,77.2066,2026-09-14 13:00:00,31.8,63,0.0,11.0,25.4,26.6,4.0,181.0,16.4,293.0
Saket,28.5245,77.2066,2026-09-14 14:00:00,31.6,62,0.1,11.2,25.8,29.2,5.2,181.0,16.0,316.0
Saket,28.5245,77.2066,2026-09-14 15:00:00,29.5,70,0.3,9.9,28.3,31.8,8.4,175.0,17.0,395.0
Saket,28.5245,77.2066,2026-09-14 16:00:00,30.6,69,0.6,7.9,28.9,30.7,13.3,162.0,18.7,505.0
Saket,28.5245,77.2066,2026-09-14 17:00:00,30.8,66,0.1,8.5,41.7,43.2,17.4,140.0,18.5,593.0
Saket,28.5245,77.2066,2026-09-14 18:00:00,30.2,68,0.0,6.5,46.8,48.1,27.1,116.0,20.8,642.0
Saket,28.5245,77.2066,2026-09-14 19:00:00,29.7,71,0.0,8.0,54.0,55.1,40.3,84.0,23.8,669.0
Saket,28.5245,77.2066,2026-09-14 20:00:00,29.2,75,0.0,8.3,57.5,58.4,48.3,61.0,25.9,665.0
Saket,28.5245,77.2066,2026-09-14 21:00:00,28.5,78,0.0,8.5,55.9,56.8,46.4,56.0,26.1,618.0
Saket,28.5245,77.2066,2026-09-14 22:00:00,27.6,81,0.1,9.6,53.8,54.7,39.4,61.0,25.2,540.0
Saket,28.5245,77.2066,2026-09-14 23:00:00,27.6,84,0.2,9.2,49.8,50.6,33.0,65.0,24.0,466.0
Saket,28.5245,77.2066,2026-09-15 00:00:00,27.0,84,0.0,9.3,46.4,47.3,28.8,65.0,22.5,401.0
Saket,28.5245,77.2066,2026-09-15 01:00:00,26.5,87,0.0,8.8,44.4,45.1,25.2,64.0,20.7,339.0
Saket,28.5245,77.2066,2026-09-15 02:00:00,26.1,90,0.0,8.6,42.7,43.4,22.6,63.0,19.3,300.0
Saket,28.5245,77.2066,2026-09-15 03:00:00,25.9,91,0.0,8.1,41.2,41.9,21.5,60.0,18.8,290.0
Saket,28.5245,77.2066,2026-09-15 04:00:00,25.8,92,0.0,7.8,40.7,41.3,21.4,56.0,18.7,301.0
Saket,28.5245,77.2066,2026-09-15 05:00:00,26.0,90,0.0,6.4,36.9,37.5,19.9,62.0,19.3,336.0
Saket,28.5245,77.2066,2026-09-15 06:00:00,25.9,91,0.0,5.4,41.4,42.0,21.3,66.0,20.7,419.0
Saket,28.5245,77.2066,2026-09-15 07:00:00,27.0,87,0.0,4.0,42.4,43.0,23.1,74.0,22.7,524.0
Saket,28.5245,77.2066,2026-09-15 08:00:00,28.5,79,0.0,6.0,38.9,39.7,22.8,87.0,23.7,575.0
Saket,28.5245,77.2066,2026-09-15 09:00:00,30.1,71,0.0,6.9,33.9,34.8,18.5,112.0,23.0,518.0
Saket,28.5245,77.2066,2026-09-15 10:00:00,31.2,65,0.1,8.7,29.3,30.3,12.2,144.0,21.4,406.0
Saket,28.5245,77.2066,2026-09-15 11:00:00,30.6,64,0.2,8.7,28.3,29.3,7.4,169.0,19.8,319.0
Saket,28.5245,77.2066,2026-09-15 12:00:00,29.8,66,0.7,13.2,28.6,29.6,5.0,183.0,18.3,284.0
Saket,28.5245,77.2066,2026-09-15 13:00:00,30.8,63,0.0,4.8,29.6,30.7,4.1,190.0,16.8,274.0
Saket,28.5245,77.2066,2026-09-15 14:00:00,31.7,61,0.1,4.5,30.3,31.3,5.4,190.0,16.0,289.0
Saket,28.5245,77.2066,2026-09-15 15:00:00,31.9,61,0.0,3.1,29.3,30.4,9.7,179.0,16.0,322.0
Saket,28.5245,77.2066,2026-09-15 16:00:00,31.7,62,0.0,0.9,29.9,31.0,16.3,161.0,16.6,380.0
Saket,28.5245,77.2066,2026-09-15 17:00:00,31.3,61,0.0,2.2,41.1,43.2,16.6,148.0,17.1,480.0
Saket,28.5245,77.2066,2026-09-15 18:00:00,31.0,63,0.1,2.3,55.4,57.3,23.9,129.0,18.8,679.0
Saket,28.5245,77.2066,2026-09-15 19:00:00,30.5,65,0.0,1.6,59.6,61.2,33.9,102.0,21.1,919.0
Saket,28.5245,77.2066,2026-09-15 20:00:00,30.1,67,0.1,3.1,53.0,54.2,41.1,79.0,22.8,1047.0
Saket,28.5245,77.2066,2026-09-15 21:00:00,29.7,69,0.0,4.7,51.7,52.7,41.8,66.0,23.3,962.0
Saket,28.5245,77.2066,2026-09-15 22:00:00,29.1,73,0.0,4.3,49.0,49.9,39.6,58.0,23.3,765.0
Saket,28.5245,77.2066,2026-09-15 23:00:00,29.4,75,0.0,6.0,45.1,45.9,39.7,49.0,23.4,604.0
Saket,28.5245,77.2066,2026-09-16 00:00:00,28.6,78,0.0,4.8,45.4,46.1,45.4,37.0,23.9,535.0
Saket,28.5245,77.2066,2026-09-16 01:00:00,28.2,80,0.0,4.7,48.7,49.2,53.4,25.0,24.5,501.0
Saket,28.5245,77.2066,2026-09-16 02:00:00,27.7,83,0.0,3.1,52.4,53.0,59.2,15.0,25.0,481.0
Saket,28.5245,77.2066,2026-09-16 03:00:00,27.3,86,0.0,1.8,54.1,54.7,61.3,7.0,25.1,465.0
Saket,28.5245,77.2066,2026-09-16 04:00:00,27.2,87,0.0,0.7,53.3,53.7,61.1,1.0,25.0,463.0
Saket,28.5245,77.2066,2026-09-16 05:00:00,27.6,84,0.0,3.0,37.0,37.3,45.1,17.0,24.8,485.0
Saket,28.5245,77.2066,2026-09-16 06:00:00,27.3,86,0.0,3.2,44.9,45.5,44.4,26.0,28.1,561.0
Saket,28.5245,77.2066,2026-09-16 07:00:00,28.5,80,0.0,2.7,47.5,48.0,43.1,40.0,32.5,661.0
Saket,28.5245,77.2066,2026-09-16 08:00:00,30.2,73,0.0,4.2,36.3,36.8,39.0,64.0,34.3,702.0
Saket,28.5245,77.2066,2026-09-16 09:00:00,31.8,63,0.0,4.7,29.7,30.2,29.4,107.0,31.3,626.0
Saket,28.5245,77.2066,2026-09-16 10:00:00,32.9,58,0.0,4.5,30.5,31.5,17.0,161.0,25.8,492.0
Saket,28.5245,77.2066,2026-09-16 11:00:00,34.3,50,0.0,5.0,33.3,34.8,7.8,201.0,21.2,390.0
Saket,28.5245,77.2066,2026-09-16 12:00:00,34.5,49,0.0,5.4,34.9,36.8,4.3,219.0,18.8,358.0
Saket,28.5245,77.2066,2026-09-16 13:00:00,34.9,47,0.0,4.4,36.4,38.8,4.0,223.0,17.3,358.0
Saket,28.5245,77.2066,2026-09-16 14:00:00,35.2,45,0.0,5.1,38.1,43.5,5.7,219.0,16.1,371.0
Saket,28.5245,77.2066,2026-09-16 15:00:00,35.0,45,0.0,7.1,38.4,45.8,8.3,206.0,14.7,338.0
Saket,28.5245,77.2066,2026-09-16 16:00:00,34.4,44,0.0,9.0,37.5,42.3,12.9,184.0,13.7,318.0
Saket,28.5245,77.2066,2026-09-16 17:00:00,34.2,42,0.0,4.2,38.4,42.4,25.3,175.0,17.3,462.0
Saket,28.5245,77.2066,2026-09-16 18:00:00,33.0,47,0.0,3.4,49.8,53.2,43.7,137.0,19.8,934.0
Saket,28.5245,77.2066,2026-09-16 19:00:00,32.1,51,0.0,4.1,64.3,67.3,69.0,84.0,23.3,1570.0
Saket,28.5245,77.2066,2026-09-16 20:00:00,31.5,54,0.0,4.0,71.7,74.3,86.7,43.0,26.1,2036.0
Saket,28.5245,77.2066,2026-09-16 21:00:00,31.0,56,0.0,5.9,68.9,71.2,89.8,27.0,27.7,2224.0
Saket,28.5245,77.2066,2026-09-16 22:00:00,30.4,60,0.0,4.2,72.9,75.4,85.3,23.0,28.7,2242.0
Saket,28.5245,77.2066,2026-09-16 23:00:00,30.4,64,0.0,6.0,77.3,80.3,80.4,21.0,28.9,2072.0
Saket,28.5245,77.2066,2026-09-17 00:00:00,29.5,68,0.0,5.1,76.8,80.6,77.0,18.0,27.9,1584.0
Saket,28.5245,77.2066,2026-09-17 01:00:00,29.1,70,0.0,4.6,72.4,76.4,73.2,17.0,26.2,909.0
Saket,28.5245,77.2066,2026-09-17 02:00:00,28.9,73,0.0,7.9,67.5,71.5,69.7,16.0,25.1,425.0
Saket,28.5245,77.2066,2026-09-17 03:00:00,25.4,85,0.7,10.5,65.7,69.4,67.6,12.0,25.0,317.0
Saket,28.5245,77.2066,2026-09-17 04:00:00,25.0,91,0.3,6.4,64.5,68.2,65.9,8.0,25.5,399.0
Saket,28.5245,77.2066,2026-09-17 05:00:00,26.5,80,0.0,10.8,46.0,48.8,26.5,82.0,30.9,491.0
Saket,28.5245,77.2066,2026-09-17 06:00:00,25.0,90,0.0,11.2,48.7,51.0,28.7,86.0,33.2,549.0
Saket,28.5245,77.2066,2026-09-17 07:00:00,25.6,83,0.0,7.4,51.0,53.3,31.5,94.0,36.2,616.0
Saket,28.5245,77.2066,2026-09-17 08:00:00,27.1,74,0.0,9.0,51.8,55.3,31.4,114.0,38.0,648.0
Saket,28.5245,77.2066,2026-09-17 09:00:00,28.0,71,0.0,3.3,51.7,56.3,25.5,156.0,37.6,612.0
Saket,28.5245,77.2066,2026-09-17 10:00:00,30.4,59,0.0,6.1,50.6,58.0,16.7,209.0,36.0,541.0
Saket,28.5245,77.2066,2026-09-17 11:00:00,31.5,55,0.0,9.7,50.8,59.8,9.9,250.0,34.0,483.0
Saket,28.5245,77.2066,2026-09-17 12:00:00,31.8,57,0.1,8.6,51.3,64.5,6.8,272.0,31.8,453.0
Saket,28.5245,77.2066,2026-09-17 13:00:00,32.7,53,0.0,7.4,51.0,59.4,5.8,281.0,29.3,437.0
Saket,28.5245,77.2066,2026-09-17 14:00:00,32.8,52,0.0,2.8,51.2,59.8,7.0,277.0,26.6,437.0
Saket,28.5245,77.2066,2026-09-17 15:00:00,32.6,48,0.1,4.5,50.4,59.4,10.9,253.0,23.3,442.0
Saket,28.5245,77.2066,2026-09-17 16:00:00,32.7,48,0.0,2.7,47.8,56.9,16.9,215.0,19.7,464.0
Saket,28.5245,77.2066,2026-09-17 17:00:00,32.3,53,0.0,7.1,53.0,68.7,22.2,138.0,17.3,542.0
Saket,28.5245,77.2066,2026-09-17 18:00:00,30.8,61,0.0,6.5,53.3,63.8,23.7,131.0,17.8,746.0
Saket,28.5245,77.2066,2026-09-17 19:00:00,30.1,64,0.0,6.5,51.6,59.1,25.7,121.0,18.5,1006.0
Saket,28.5245,77.2066,2026-09-17 20:00:00,29.6,68,0.0,4.4,48.7,54.6,26.7,114.0,18.7,1151.0
Saket,28.5245,77.2066,2026-09-17 21:00:00,29.1,72,0.0,3.8,44.6,49.9,25.6,112.0,18.1,1078.0
Saket,28.5245,77.2066,2026-09-17 22:00:00,28.3,73,0.0,7.3,40.3,43.1,23.5,112.0,17.1,889.0
Saket,28.5245,77.2066,2026-09-17 23:00:00,27.0,71,0.0,11.6,35.6,37.7,21.8,110.0,16.4,723.0
Saket,28.5245,77.2066,2026-09-18 00:00:00,26.1,75,0.0,9.6,32.2,34.6,21.1,103.0,16.2,624.0
Saket,28.5245,77.2066,2026-09-18 01:00:00,25.5,79,0.0,8.5,31.0,34.6,20.9,94.0,16.2,549.0
Saket,28.5245,77.2066,2026-09-18 02:00:00,25.1,81,0.0,7.1,29.9,34.8,21.3,86.0,16.7,501.0
Saket,28.5245,77.2066,2026-09-18 03:00:00,24.8,83,0.0,7.8,29.6,35.0,22.7,77.0,17.6,488.0
Saket,28.5245,77.2066,2026-09-18 04:00:00,24.6,83,0.0,8.5,30.6,36.1,24.8,68.0,18.9,503.0
Saket,28.5245,77.2066,2026-09-18 05:00:00,25.2,79,0.0,10.2,25.1,29.5,17.9,85.0,16.0,530.0
Saket,28.5245,77.2066,2026-09-18 06:00:00,24.9,82,0.0,7.8,26.7,31.1,19.3,89.0,17.4,582.0
Saket,28.5245,77.2066,2026-09-18 07:00:00,25.8,81,0.0,7.1,29.1,33.2,21.0,95.0,19.4,645.0
Saket,28.5245,77.2066,2026-09-18 08:00:00,27.3,77,0.0,8.0,26.1,30.9,20.9,107.0,20.4,662.0
Saket,28.5245,77.2066,2026-09-18 09:00:00,28.9,68,0.0,10.4,25.2,51.9,17.1,132.0,19.7,586.0
Saket,28.5245,77.2066,2026-09-18 10:00:00,30.2,62,0.0,10.0,26.4,66.4,11.4,162.0,18.2,463.0
Saket,28.5245,77.2066,2026-09-18 11:00:00,32.4,47,0.2,7.5,23.5,38.5,7.0,186.0,16.5,373.0
Saket,28.5245,77.2066,2026-09-18 12:00:00,29.1,61,1.4,12.3,22.9,34.3,4.9,198.0,14.9,340.0
Saket,28.5245,77.2066,2026-09-18 13:00:00,30.5,57,0.0,8.2,22.9,32.8,4.0,203.0,13.2,339.0
Saket,28.5245,77.2066,2026-09-18 14:00:00,31.0,56,0.0,8.1,24.7,36.2,5.1,200.0,12.0,375.0
Saket,28.5245,77.2066,2026-09-18 15:00:00,31.1,54,0.0,6.8,23.5,33.2,8.4,186.0,11.4,446.0
Saket,28.5245,77.2066,2026-09-18 16:00:00,30.9,55,0.0,5.9,24.2,34.8,13.5,163.0,11.3,553.0
Saket,28.5245,77.2066,2026-09-18 17:00:00,29.4,73,0.0,3.8,26.4,39.1,17.5,181.0,18.9,707.0
Saket,28.5245,77.2066,2026-09-18 18:00:00,28.6,82,0.0,1.5,38.9,49.7,33.5,143.0,20.7,950.0
Saket,28.5245,77.2066,2026-09-18 19:00:00,28.1,86,0.0,1.7,50.2,60.8,55.4,90.0,23.2,1241.0
Saket,28.5245,77.2066,2026-09-18 20:00:00,27.6,88,0.0,1.7,51.5,60.3,70.9,50.0,24.8,1462.0
Saket,28.5245,77.2066,2026-09-18 21:00:00,27.2,88,0.0,5.1,53.0,61.7,73.9,34.0,24.8,1569.0
Saket,28.5245,77.2066,2026-09-18 22:00:00,26.9,86,0.0,4.5,53.7,62.9,70.5,30.0,23.9,1608.0
Saket,28.5245,77.2066,2026-09-18 23:00:00,27.7,83,0.0,4.8,51.3,61.9,66.6,28.0,23.1,1594.0
Saket,28.5245,77.2066,2026-09-19 00:00:00,27.1,84,0.0,4.4,49.1,61.7,63.4,26.0,22.7,1507.0
Saket,28.5245,77.2066,2026-09-19 01:00:00,26.7,86,0.0,3.7,49.8,63.6,59.7,27.0,22.5,1368.0
Saket,28.5245,77.2066,2026-09-19 02:00:00,26.1,88,0.0,2.2,51.9,66.6,57.5,26.0,22.5,1259.0
Saket,28.5245,77.2066,2026-09-19 03:00:00,25.4,90,0.0,3.3,54.4,69.8,58.8,19.0,22.7,1213.0
Saket,28.5245,77.2066,2026-09-19 04:00:00,24.8,91,0.0,4.0,56.8,73.3,61.5,10.0,23.2,1198.0
Saket,28.5245,77.2066,2026-09-19 05:00:00,24.9,89,0.0,3.1,73.3,102.9,79.9,11.0,43.0,1191.0
Saket,28.5245,77.2066,2026-09-19 06:00:00,24.7,90,0.0,4.8,83.6,114.1,71.2,31.0,45.5,1215.0
Saket,28.5245,77.2066,2026-09-19 07:00:00,26.2,82,0.0,4.8,86.8,115.9,58.9,60.0,48.7,1247.0
Saket,28.5245,77.2066,2026-09-19 08:00:00,28.1,75,0.0,3.9,66.8,110.4,46.4,94.0,50.2,1206.0
Saket,28.5245,77.2066,2026-09-19 09:00:00,29.6,65,0.0,4.5,48.8,100.4,33.9,135.0,48.4,1017.0
Saket,28.5245,77.2066,2026-09-19 10:00:00,30.6,58,0.0,4.9,45.5,90.8,21.3,180.0,44.8,753.0
Saket,28.5245,77.2066,2026-09-19 11:00:00,32.1,52,0.0,5.7,48.7,100.1,12.0,217.0,41.4,554.0
Saket,28.5245,77.2066,2026-09-19 12:00:00,32.4,50,0.0,6.1,51.8,104.3,7.3,242.0,38.5,465.0
Saket,28.5245,77.2066,2026-09-19 13:00:00,32.6,48,0.0,6.2,54.7,108.0,6.0,259.0,35.8,440.0
Saket,28.5245,77.2066,2026-09-19 14:00:00,32.7,47,0.0,6.4,55.4,105.9,7.8,265.0,34.0,479.0
Saket,28.5245,77.2066,2026-09-19 15:00:00,32.7,45,0.0,5.1,55.9,103.4,11.6,258.0,33.2,585.0
Saket,28.5245,77.2066,2026-09-19 16:00:00,32.3,46,0.0,5.3,56.6,99.0,18.5,240.0,33.3,754.0
Saket,28.5245,77.2066,2026-09-19 17:00:00,31.5,53,0.0,7.1,70.5,125.7,29.8,191.0,32.5,980.0
Saket,28.5245,77.2066,2026-09-19 18:00:00,29.8,60,0.0,4.5,81.5,129.0,53.8,147.0,36.1,1347.0
Saket,28.5245,77.2066,2026-09-19 19:00:00,29.4,63,0.0,3.8,94.5,138.3,86.4,86.0,41.0,1769.0
Saket,28.5245,77.2066,2026-09-19 20:00:00,29.0,65,0.0,4.3,104.5,144.8,107.8,40.0,44.0,1986.0
Saket,28.5245,77.2066,2026-09-19 21:00:00,28.1,69,0.0,5.0,112.2,150.4,107.4,25.0,43.5,1803.0
Saket,28.5245,77.2066,2026-09-19 22:00:00,27.4,76,0.0,3.7,113.4,148.1,95.8,24.0,41.2,1415.0
Saket,28.5245,77.2066,2026-09-19 23:00:00,27.6,79,0.0,1.5,106.6,136.0,84.3,26.0,38.3,1139.0
Saket,28.5245,77.2066,2026-09-20 00:00:00,27.1,80,0.0,0.2,99.2,124.8,75.8,26.0,34.9,1118.0
Saket,28.5245,77.2066,2026-09-20 01:00:00,26.6,80,0.0,0.8,94.8,117.6,67.5,28.0,30.9,1210.0
Saket,28.5245,77.2066,2026-09-20 02:00:00,26.1,83,0.0,2.0,92.2,113.2,62.4,28.0,28.1,1304.0
Saket,28.5245,77.2066,2026-09-20 03:00:00,25.7,85,0.0,1.8,92.7,113.4,63.6,21.0,27.2,1385.0
Saket,28.5245,77.2066,2026-09-20 04:00:00,25.3,85,0.0,2.5,95.9,116.4,68.0,12.0,27.4,1468.0
Saket,28.5245,77.2066,2026-09-20 05:00:00,26.0,87,0.0,0.6,92.0,107.1,69.6,5.0,25.6,1486.0
Saket,28.5245,77.2066,2026-09-20 06:00:00,25.5,90,0.0,1.4,94.1,108.5,60.3,28.0,27.5,1399.0
Saket,28.5245,77.2066,2026-09-20 07:00:00,26.8,86,0.0,2.3,92.7,104.5,47.1,61.0,30.2,1247.0
Saket,28.5245,77.2066,2026-09-20 08:00:00,28.7,77,0.0,2.2,72.6,92.2,34.8,97.0,32.2,1078.0
Saket,28.5245,77.2066,2026-09-20 09:00:00,30.7,62,0.0,3.3,62.4,99.2,24.3,138.0,33.0,884.0
Saket,28.5245,77.2066,2026-09-20 10:00:00,31.9,53,0.0,4.1,56.2,97.1,14.7,181.0,33.1,673.0
Saket,28.5245,77.2066,2026-09-20 11:00:00,33.1,46,0.0,3.9,55.1,104.5,7.8,215.0,32.5,516.0
Saket,28.5245,77.2066,2026-09-20 12:00:00,33.5,46,0.0,3.3,55.5,99.0,4.6,234.0,30.9,450.0
Saket,28.5245,77.2066,2026-09-20 13:00:00,33.7,45,0.0,3.1,56.5,99.0,4.2,242.0,28.6,439.0
Saket,28.5245,77.2066,2026-09-20 14:00:00,33.8,45,0.0,2.3,56.9,103.8,5.6,242.0,26.9,447.0
Saket,28.5245,77.2066,2026-09-20 15:00:00,33.6,45,0.0,1.7,57.2,98.3,8.2,233.0,25.9,452.0
Saket,28.5245,77.2066,2026-09-20 16:00:00,33.1,46,0.0,1.1,57.4,93.6,12.7,216.0,25.4,477.0
Saket,28.5245,77.2066,2026-09-20 17:00:00,32.5,50,0.0,4.4,64.5,99.4,19.3,178.0,23.7,552.0
Saket,28.5245,77.2066,2026-09-20 18:00:00,30.8,59,0.0,4.0,71.5,103.8,26.9,150.0,24.8,694.0
Saket,28.5245,77.2066,2026-09-20 19:00:00,30.0,61,0.0,4.5,76.6,106.4,37.7,110.0,26.4,887.0
Saket,28.5245,77.2066,2026-09-20 20:00:00,29.5,65,0.0,3.4,78.9,104.8,47.5,77.0,27.9,1112.0
Saket,28.5245,77.2066,2026-09-20 21:00:00,29.3,66,0.0,2.4,81.7,106.2,54.9,56.0,29.2,1405.0
Saket,28.5245,77.2066,2026-09-20 22:00:00,29.0,66,0.0,1.9,89.2,113.9,61.4,41.0,30.5,1729.0
Saket,28.5245,77.2066,2026-09-20 23:00:00,28.8,70,0.0,3.7,97.6,122.9,67.0,29.0,31.7,1956.0
Saket,28.5245,77.2066,2026-09-21 00:00:00,27.9,72,0.0,3.8,103.6,130.4,72.0,21.0,32.7,2032.0
Saket,28.5245,77.2066,2026-09-21 01:00:00,27.2,76,0.0,3.7,109.0,136.4,76.1,16.0,33.7,2010.0
Saket,28.5245,77.2066,2026-09-21 02:00:00,26.6,78,0.0,3.7,112.7,140.6,79.2,13.0,35.0,1925.0
Saket,28.5245,77.2066,2026-09-21 03:00:00,26.2,78,0.0,4.0,115.0,143.0,82.2,6.0,36.7,1748.0
Saket,28.5245,77.2066,2026-09-21 04:00:00,25.8,79,0.0,3.8,117.3,144.8,84.0,0.0,38.6,1507.0
Saket,28.5245,77.2066,2026-09-21 05:00:00,26.5,81,0.0,1.5,57.3,72.4,30.8,44.0,25.0,1324.0
Saket,28.5245,77.2066,2026-09-21 06:00:00,26.2,82,0.0,2.7,60.5,75.2,35.1,53.0,27.3,1280.0
Saket,28.5245,77.2066,2026-09-21 07:00:00,27.5,76,0.0,3.3,65.7,77.3,40.7,67.0,30.7,1294.0
Saket,28.5245,77.2066,2026-09-21 08:00:00,29.0,70,0.0,2.0,63.1,75.9,41.8,92.0,34.8,1237.0
Saket,28.5245,77.2066,2026-09-21 09:00:00,30.7,60,0.0,3.0,58.1,79.2,34.3,139.0,41.1,1018.0
Saket,28.5245,77.2066,2026-09-21 10:00:00,31.9,52,0.0,4.2,58.8,92.7,22.3,198.0,48.1,728.0
Saket,28.5245,77.2066,2026-09-21 11:00:00,32.8,47,0.0,5.4,64.3,108.5,12.9,244.0,51.6,515.0
Saket,28.5245,77.2066,2026-09-21 12:00:00,33.2,45,0.0,4.2,66.4,116.9,8.2,270.0,48.6,446.0
Saket,28.5245,77.2066,2026-09-21 13:00:00,33.5,43,0.0,3.9,67.1,119.7,6.1,284.0,42.1,455.0
Saket,28.5245,77.2066,2026-09-21 14:00:00,33.7,44,0.0,4.2,66.8,114.6,7.2,285.0,36.8,489.0
Saket,28.5245,77.2066,2026-09-21 15:00:00,33.3,44,0.0,6.0,67.1,113.9,12.8,270.0,34.2,528.0
Saket,28.5245,77.2066,2026-09-21 16:00:00,32.5,48,0.0,7.0,69.2,109.4,21.6,243.0,32.8,592.0
Saket,28.5245,77.2066,2026-09-21 17:00:00,32.4,50,0.0,6.5,76.1,110.1,27.4,239.0,38.0,691.0
Saket,28.5245,77.2066,2026-09-21 18:00:00,31.1,54,0.0,6.1,89.2,119.2,41.7,198.0,41.5,849.0
Saket,28.5245,77.2066,2026-09-21 19:00:00,30.4,57,0.0,5.6,99.0,128.1,61.7,141.0,46.4,1041.0
Saket,28.5245,77.2066,2026-09-21 20:00:00,29.5,63,0.0,4.0,102.9,130.4,79.0,92.0,50.9,1206.0
Saket,28.5245,77.2066,2026-09-21 21:00:00,28.8,67,0.0,3.6,108.5,134.6,91.0,62.0,54.5,1338.0
Saket,28.5245,77.2066,2026-09-21 22:00:00,28.5,68,0.0,3.4,121.5,148.5,100.3,41.0,57.6,1443.0
Saket,28.5245,77.2066,2026-09-21 23:00:00,28.8,70,0.0,2.8,131.8,160.7,106.8,25.0,59.4,1474.0
Saket,28.5245,77.2066,2026-09-22 00:00:00,28.0,72,0.0,1.5,136.4,167.2,109.7,15.0,59.1,1385.0
Saket,28.5245,77.2066,2026-09-22 01:00:00,27.6,73,0.0,2.1,137.8,170.0,109.7,10.0,57.5,1223.0
Saket,28.5245,77.2066,2026-09-22 02:00:00,27.0,75,0.0,2.7,137.8,170.0,108.6,7.0,56.2,1081.0
Saket,28.5245,77.2066,2026-09-22 03:00:00,26.7,77,0.0,2.4,136.9,169.0,108.0,0.0,55.7,980.0
Saket,28.5245,77.2066,2026-09-22 04:00:00,26.3,78,0.0,2.4,136.0,168.1,106.3,0.0,55.5,898.0
Saket,28.5245,77.2066,2026-09-22 05:00:00,26.0,83,0.0,1.3,126.7,157.4,95.8,2.0,48.6,870.0
Saket,28.5245,77.2066,2026-09-22 06:00:00,26.0,82,0.0,0.8,114.8,144.4,86.9,30.0,48.6,954.0
Saket,28.5245,77.2066,2026-09-22 07:00:00,27.3,76,0.0,1.6,108.0,139.2,74.0,72.0,48.5,1091.0
Saket,28.5245,77.2066,2026-09-22 08:00:00,29.5,65,0.0,1.4,89.6,148.1,59.7,116.0,48.6,1136.0
Saket,28.5245,77.2066,2026-09-22 09:00:00,31.5,54,0.0,0.0,70.8,148.5,42.6,166.0,49.3,992.0
Saket,28.5245,77.2066,2026-09-22 10:00:00,32.8,48,0.0,3.1,67.1,136.0,24.1,219.0,50.1,755.0
Saket,28.5245,77.2066,2026-09-22 11:00:00,34.3,44,0.0,5.0,64.3,120.6,10.7,260.0,49.4,572.0
Saket,28.5245,77.2066,2026-09-22 12:00:00,34.5,43,0.0,5.6,62.9,116.4,5.3,283.0,45.9,503.0
Saket,28.5245,77.2066,2026-09-22 13:00:00,35.2,39,0.0,6.6,61.0,110.4,5.0,292.0,41.0,488.0
Saket,28.5245,77.2066,2026-09-22 14:00:00,35.5,37,0.0,8.1,58.4,105.2,7.5,289.0,36.5,485.0
Saket,28.5245,77.2066,2026-09-22 15:00:00,35.4,36,0.0,9.3,57.3,121.1,12.8,268.0,33.0,471.0
Saket,28.5245,77.2066,2026-09-22 16:00:00,34.8,38,0.0,10.2,55.6,119.0,20.8,235.0,30.0,470.0
Saket,28.5245,77.2066,2026-09-22 17:00:00,34.0,45,0.0,9.8,55.4,101.7,25.5,219.0,31.5,512.0
Saket,28.5245,77.2066,2026-09-22 18:00:00,32.5,51,0.0,7.8,60.3,108.7,36.8,184.0,33.5,624.0
Saket,28.5245,77.2066,2026-09-22 19:00:00,31.8,56,0.0,5.6,65.4,114.8,52.7,135.0,36.3,779.0
Saket,28.5245,77.2066,2026-09-22 20:00:00,31.2,59,0.0,3.3,68.7,118.3,66.4,94.0,38.9,921.0
Saket,28.5245,77.2066,2026-09-22 21:00:00,30.8,62,0.0,2.4,72.6,120.1,75.4,69.0,41.1,1042.0
Saket,28.5245,77.2066,2026-09-22 22:00:00,30.4,64,0.0,0.9,77.1,124.3,82.3,51.0,43.1,1150.0
Saket,28.5245,77.2066,2026-09-22 23:00:00,30.3,68,0.0,3.0,83.6,132.2,88.1,37.0,44.6,1213.0
Saket,28.5245,77.2066,2026-09-23 00:00:00,29.2,72,0.0,3.1,89.6,141.1,93.7,26.0,45.6,1207.0
Saket,28.5245,77.2066,2026-09-23 01:00:00,28.4,76,0.0,3.8,96.9,150.4,98.2,19.0,46.1,1156.0
Saket,28.5245,77.2066,2026-09-23 02:00:00,27.9,79,0.0,4.0,102.2,155.5,100.0,14.0,46.4,1105.0
Saket,28.5245,77.2066,2026-09-23 03:00:00,27.4,82,0.0,3.9,105.2,156.9,99.0,7.0,46.2,1068.0
Saket,28.5245,77.2066,2026-09-23 04:00:00,26.7,85,0.0,3.5,107.3,158.3,95.4,2.0,45.8,1030.0
Saket,28.5245,77.2066,2026-09-23 05:00:00,27.0,81,0.0,3.2,72.9,122.9,51.5,39.0,41.4,996.0
Saket,28.5245,77.2066,2026-09-23 06:00:00,26.4,84,0.0,3.1,80.3,131.8,48.6,59.0,43.0,978.0
Saket,28.5245,77.2066,2026-09-23 07:00:00,27.8,77,0.0,2.3,82.9,127.6,44.2,87.0,45.1,964.0
Saket,28.5245,77.2066,2026-09-23 08:00:00,29.8,64,0.0,2.8,65.2,117.3,38.3,120.0,46.5,920.0
Saket,28.5245,77.2066,2026-09-23 09:00:00,31.4,56,0.0,1.8,58.0,119.7,29.5,161.0,46.8,815.0
Saket,28.5245,77.2066,2026-09-23 10:00:00,32.7,52,0.0,1.6,55.5,114.1,19.1,206.0,46.2,680.0
Saket,28.5245,77.2066,2026-09-23 11:00:00,34.6,48,0.0,4.1,53.6,105.7,11.3,241.0,44.4,575.0
Saket,28.5245,77.2066,2026-09-23 12:00:00,35.4,41,0.0,5.0,52.5,99.2,7.4,259.0,40.1,522.0
Saket,28.5245,77.2066,2026-09-23 13:00:00,36.1,36,0.0,6.1,50.8,90.3,6.1,267.0,34.6,498.0
Saket,28.5245,77.2066,2026-09-23 14:00:00,36.2,35,0.0,7.2,50.1,84.3,7.8,269.0,30.6,498.0
Saket,28.5245,77.2066,2026-09-23 15:00:00,36.1,35,0.0,8.0,51.2,82.7,11.5,269.0,29.4,515.0
Saket,28.5245,77.2066,2026-09-23 16:00:00,35.7,35,0.0,8.3,52.9,82.2,18.2,264.0,29.8,555.0
Saket,28.5245,77.2066,2026-09-23 17:00:00,34.7,38,0.0,6.8,56.7,79.6,30.3,227.0,30.5,636.0
Saket,28.5245,77.2066,2026-09-23 18:00:00,32.7,44,0.0,7.7,71.9,94.1,50.6,183.0,34.6,795.0
Saket,28.5245,77.2066,2026-09-23 19:00:00,31.9,47,0.0,6.4,88.2,111.5,78.0,123.0,40.0,994.0
Saket,28.5245,77.2066,2026-09-23 20:00:00,31.3,49,0.0,6.1,98.5,122.5,94.2,77.0,43.1,1134.0
Saket,28.5245,77.2066,2026-09-23 21:00:00,30.8,51,0.0,6.4,101.0,129.0,89.3,60.0,41.8,1178.0
Saket,28.5245,77.2066,2026-09-23 22:00:00,30.2,55,0.0,5.6,97.3,131.3,73.3,58.0,38.1,1163.0
Saket,28.5245,77.2066,2026-09-23 23:00:00,30.4,56,0.0,6.8,90.3,130.9,57.8,58.0,34.0,1105.0
Saket,28.5245,77.2066,2026-09-24 00:00:00,28.4,68,0.0,5.5,83.1,132.2,46.0,59.0,29.5,985.0
Saket,28.5245,77.2066,2026-09-24 01:00:00,27.7,74,0.0,4.4,79.6,170.9,34.8,62.0,24.6,822.0
Saket,28.5245,77.2066,2026-09-24 02:00:00,27.2,75,0.0,6.8,77.5,202.1,26.6,64.0,20.8,693.0
Saket,28.5245,77.2066,2026-09-24 03:00:00,26.5,78,0.0,8.2,68.2,171.8,23.3,60.0,18.7,627.0
Saket,28.5245,77.2066,2026-09-24 04:00:00,25.9,82,0.0,6.9,59.4,136.0,23.0,53.0,17.8,594.0
Saket,28.5245,77.2066,2026-09-24 05:00:00,26.2,84,0.0,4.1,53.8,119.7,22.8,51.0,17.3,582.0
Saket,28.5245,77.2066,2026-09-24 06:00:00,25.8,87,0.0,3.7,51.0,110.6,21.9,55.0,17.3,602.0
Saket,28.5245,77.2066,2026-09-24 07:00:00,26.7,85,0.0,10.3,46.2,139.7,21.1,64.0,17.9,642.0
Saket,28.5245,77.2066,2026-09-24 08:00:00,28.1,80,0.0,10.4,33.5,71.5,19.3,80.0,18.4,652.0
Saket,28.5245,77.2066,2026-09-24 09:00:00,29.2,74,0.0,11.5,28.1,49.8,15.6,110.0,18.8,600.0
Saket,28.5245,77.2066,2026-09-24 10:00:00,30.5,68,0.0,8.8,28.6,41.6,11.0,147.0,19.2,517.0
Saket,28.5245,77.2066,2026-09-24 11:00:00,32.0,58,0.0,7.4,33.1,47.3,7.6,178.0,19.5,448.0
Saket,28.5245,77.2066,2026-09-24 12:00:00,32.9,50,0.0,7.0,38.0,69.8,5.7,197.0,19.5,408.0
Saket,28.5245,77.2066,2026-09-24 13:00:00,33.7,46,0.0,4.4,40.2,82.4,5.1,210.0,19.5,383.0
Saket,28.5245,77.2066,2026-09-24 14:00:00,34.2,42,0.0,3.8,40.7,84.8,6.6,213.0,19.7,372.0
Saket,28.5245,77.2066,2026-09-24 15:00:00,34.0,41,0.0,4.2,41.2,84.8,11.8,204.0,20.5,373.0
Saket,28.5245,77.2066,2026-09-24 16:00:00,33.7,41,0.0,4.4,41.8,83.4,19.3,187.0,21.5,389.0
Saket,28.5245,77.2066,2026-09-24 17:00:00,32.8,43,0.0,7.2,46.1,99.4,25.5,166.0,22.3,426.0
Saket,28.5245,77.2066,2026-09-24 18:00:00,31.2,53,0.0,12.0,54.5,140.6,29.7,141.0,22.8,512.0
Saket,28.5245,77.2066,2026-09-24 19:00:00,30.0,61,0.0,10.8,62.2,213.7,32.7,114.0,23.2,620.0
Saket,28.5245,77.2066,2026-09-24 20:00:00,29.3,65,0.0,9.5,64.5,258.0,33.6,93.0,23.2,677.0
Saket,28.5245,77.2066,2026-09-24 21:00:00,28.6,68,0.0,9.0,64.0,265.4,31.3,86.0,22.6,643.0
Saket,28.5245,77.2066,2026-09-24 22:00:00,28.0,71,0.0,7.6,63.3,272.9,27.0,86.0,21.6,559.0
Saket,28.5245,77.2066,2026-09-24 23:00:00,27.3,74,0.0,7.0,65.2,309.2,23.3,84.0,21.1,476.0
Saket,28.5245,77.2066,2026-09-25 00:00:00,26.7,78,0.0,7.9,62.2,302.7,21.0,76.0,21.4,404.0
Saket,28.5245,77.2066,2026-09-25 01:00:00,26.2,81,0.0,7.6,55.3,268.2,19.3,67.0,22.2,333.0
Saket,28.5245,77.2066,2026-09-25 02:00:00,25.6,84,0.0,6.3,48.1,230.5,18.9,57.0,22.9,285.0
Saket,28.5245,77.2066,2026-09-25 03:00:00,25.2,86,0.0,4.3,39.5,172.8,20.9,46.0,23.1,271.0
Saket,28.5245,77.2066,2026-09-25 04:00:00,24.8,88,0.0,4.3,31.4,106.4,24.3,36.0,23.3,279.0
Saket,28.5245,77.2066,2026-09-25 05:00:00,24.5,90,0.0,2.1,29.7,86.4,26.2,31.0,23.8,300.0
Saket,28.5245,77.2066,2026-09-25 06:00:00,24.4,91,0.0,1.0,31.3,74.7,25.5,34.0,25.6,342.0
Saket,28.5245,77.2066,2026-09-25 07:00:00,25.4,85,0.0,2.8,27.9,58.3,23.4,41.0,27.9,396.0
Saket,28.5245,77.2066,2026-09-25 08:00:00,27.0,74,0.0,4.3,21.1,43.8,20.5,54.0,28.3,426.0
Saket,28.5245,77.2066,2026-09-25 09:00:00,28.6,65,0.0,6.3,15.9,30.0,16.2,74.0,25.1,403.0
Saket,28.5245,77.2066,2026-09-25 10:00:00,30.0,59,0.0,5.0,20.7,88.0,11.0,98.0,20.1,356.0
Saket,28.5245,77.2066,2026-09-25 11:00:00,31.4,53,0.0,4.6,19.4,64.0,7.2,118.0,16.2,329.0
Saket,28.5245,77.2066,2026-09-25 12:00:00,32.4,49,0.0,5.2,16.8,43.2,5.4,132.0,14.6,342.0
Saket,28.5245,77.2066,2026-09-25 13:00:00,32.7,47,0.0,6.2,16.2,39.1,4.9,143.0,14.2,377.0
Saket,28.5245,77.2066,2026-09-25 14:00:00,32.8,47,0.0,5.2,16.6,38.9,6.0,148.0,14.4,421.0
Saket,28.5245,77.2066,2026-09-25 15:00:00,33.1,43,0.0,3.1,17.2,38.2,9.4,147.0,15.3,490.0
Saket,28.5245,77.2066,2026-09-25 16:00:00,33.1,42,0.0,2.7,18.1,37.6,14.3,141.0,16.9,570.0
Saket,28.5245,77.2066,2026-09-25 17:00:00,32.5,45,0.0,2.9,20.3,35.2,19.0,130.0,18.4,605.0
Saket,28.5245,77.2066,2026-09-25 18:00:00,31.2,48,0.0,3.6,22.8,36.6,23.2,111.0,19.6,556.0
Saket,28.5245,77.2066,2026-09-25 19:00:00,30.2,55,0.0,4.4,23.1,38.0,27.2,86.0,20.7,462.0
Saket,28.5245,77.2066,2026-09-25 20:00:00,29.5,61,0.0,7.3,21.7,42.3,29.8,66.0,21.2,392.0
Saket,28.5245,77.2066,2026-09-25 21:00:00,28.6,65,0.0,11.0,21.1,47.1,30.2,54.0,20.7,379.0
Saket,28.5245,77.2066,2026-09-25 22:00:00,27.1,72,0.0,9.7,20.6,45.3,29.3,46.0,19.5,389.0
Saket,28.5245,77.2066,2026-09-25 23:00:00,26.5,75,0.0,5.9,22.4,68.0,28.4,40.0,18.6,388.0
Saket,28.5245,77.2066,2026-09-26 00:00:00,26.2,77,0.0,0.8,21.8,68.5,27.8,36.0,17.9,358.0
Saket,28.5245,77.2066,2026-09-26 01:00:00,25.9,78,0.0,1.2,18.7,39.1,27.3,35.0,17.4,318.0
Saket,28.5245,77.2066,2026-09-26 02:00:00,25.4,79,0.0,5.5,18.2,29.7,27.8,34.0,18.2,289.0
Saket,28.5245,77.2066,2026-09-26 03:00:00,24.8,81,0.0,5.2,19.7,38.3,30.1,32.0,21.2,274.0
Saket,28.5245,77.2066,2026-09-26 04:00:00,24.3,83,0.0,6.8,23.7,60.5,33.3,30.0,25.4,269.0
Saket,28.5245,77.2066,2026-09-26 05:00:00,23.9,86,0.0,1.8,26.1,62.6,36.1,29.0,29.1,286.0
Saket,28.5245,77.2066,2026-09-26 06:00:00,23.7,86,0.0,5.4,30.2,72.4,38.6,29.0,31.9,350.0
Saket,28.5245,77.2066,2026-09-26 07:00:00,24.9,81,0.0,4.0,32.4,70.1,40.6,31.0,34.1,437.0
Saket,28.5245,77.2066,2026-09-26 08:00:00,26.8,71,0.0,6.9,27.6,41.8,40.1,38.0,34.7,480.0
Saket,28.5245,77.2066,2026-09-26 09:00:00,29.0,63,0.0,6.4,20.5,29.7,35.0,52.0,32.4,436.0
Saket,28.5245,77.2066,2026-09-26 10:00:00,30.7,56,0.0,7.8,17.4,29.4,27.4,71.0,28.5,349.0
Saket,28.5245,77.2066,2026-09-26 11:00:00,31.2,51,0.0,11.5,16.8,32.9,21.4,88.0,25.8,286.0
Saket,28.5245,77.2066,2026-09-26 12:00:00,29.3,58,0.1,12.0,18.0,36.4,18.4,104.0,25.8,276.0
Saket,28.5245,77.2066,2026-09-26 13:00:00,25.1,89,1.4,16.0,19.7,35.0,17.1,120.0,27.1,291.0
Saket,28.5245,77.2066,2026-09-26 14:00:00,24.4,89,1.5,12.3,20.1,41.4,17.2,127.0,27.8,313.0
Saket,28.5245,77.2066,2026-09-26 15:00:00,24.1,89,1.3,13.3,37.0,204.0,18.9,122.0,27.1,345.0
Saket,28.5245,77.2066,2026-09-26 16:00:00,24.7,80,0.1,13.0,43.2,253.3,22.0,110.0,25.8,384.0
Saket,28.5245,77.2066,2026-09-26 17:00:00,25.0,71,0.0,12.2,49.2,281.3,25.9,97.0,25.4,409.0
Saket,28.5245,77.2066,2026-09-26 18:00:00,25.0,70,0.0,9.9,51.8,259.8,32.0,82.0,26.4,410.0
Saket,28.5245,77.2066,2026-09-26 19:00:00,24.8,72,0.0,6.5,57.6,279.4,38.9,66.0,28.2,397.0
Saket,28.5245,77.2066,2026-09-26 20:00:00,24.5,74,0.0,6.7,66.6,341.8,42.3,58.0,30.0,378.0
Saket,28.5245,77.2066,2026-09-26 21:00:00,24.3,77,0.0,6.7,71.9,380.0,39.7,61.0,32.0,353.0
Saket,28.5245,77.2066,2026-09-26 22:00:00,23.8,79,0.0,6.1,78.0,415.4,33.5,72.0,34.0,322.0
Saket,28.5245,77.2066,2026-09-26 23:00:00,23.5,80,0.0,6.7,90.6,499.2,27.4,85.0,34.9,294.0
Saket,28.5245,77.2066,2026-09-27 00:00:00,23.1,83,0.0,3.8,107.3,610.9,21.9,101.0,33.7,265.0
Saket,28.5245,77.2066,2026-09-27 01:00:00,23.1,82,0.0,6.3,115.0,646.3,16.3,120.0,31.3,239.0
Saket,28.5245,77.2066,2026-09-27 02:00:00,22.7,82,0.0,7.0,114.6,622.1,12.5,132.0,29.4,236.0
Saket,28.5245,77.2066,2026-09-27 03:00:00,22.4,82,0.0,7.9,103.1,514.1,11.1,134.0,28.5,270.0
Saket,28.5245,77.2066,2026-09-27 04:00:00,22.1,85,0.0,4.6,93.1,423.8,11.4,130.0,28.1,328.0
Saket,28.5245,77.2066,2026-09-27 05:00:00,21.7,88,0.0,2.8,70.8,215.1,13.0,125.0,27.9,388.0
Saket,28.5245,77.2066,2026-09-27 06:00:00,21.9,88,0.0,2.9,68.7,184.9,17.1,116.0,28.1,457.0
Saket,28.5245,77.2066,2026-09-27 07:00:00,23.3,83,0.0,2.8,70.8,176.0,22.4,107.0,28.5,528.0
Saket,28.5245,77.2066,2026-09-27 08:00:00,25.5,74,0.0,2.4,72.4,187.2,24.6,111.0,28.6,559.0
Saket,28.5245,77.2066,2026-09-27 09:00:00,27.7,65,0.0,4.0,71.2,195.1,20.4,141.0,27.8,518.0
Saket,28.5245,77.2066,2026-09-27 10:00:00,29.2,62,0.0,3.6,70.8,196.0,13.0,186.0,26.6,436.0
Saket,28.5245,77.2066,2026-09-27 11:00:00,30.6,57,0.0,5.8,84.5,313.9,7.5,222.0,26.0,369.0
Saket,28.5245,77.2066,2026-09-27 12:00:00,31.4,54,0.1,7.1,84.3,314.8,5.5,244.0,26.2,326.0
Saket,28.5245,77.2066,2026-09-27 13:00:00,32.1,51,0.0,6.9,71.5,205.4,5.4,258.0,27.0,298.0
Saket,28.5245,77.2066,2026-09-27 14:00:00,32.3,49,0.0,7.0,79.6,262.6,6.8,262.0,28.1,304.0
Saket,28.5245,77.2066,2026-09-27 15:00:00,32.2,49,0.0,6.0,69.8,185.3,10.5,254.0,30.1,364.0
Saket,28.5245,77.2066,2026-09-27 16:00:00,31.9,51,0.0,3.7,68.7,167.6,15.7,237.0,32.6,459.0
Saket,28.5245,77.2066,2026-09-27 17:00:00,30.8,60,0.0,4.1,73.1,229.1,19.8,211.0,33.4,552.0
Saket,28.5245,77.2066,2026-09-27 18:00:00,29.0,64,0.0,10.9,75.0,291.5,21.8,172.0,31.5,649.0
Saket,28.5245,77.2066,2026-09-27 19:00:00,27.0,74,0.0,8.7,71.0,339.0,22.7,125.0,28.1,744.0
Saket,28.5245,77.2066,2026-09-27 20:00:00,26.5,80,0.1,7.8,61.7,319.4,23.3,87.0,24.7,785.0
Saket,28.5245,77.2066,2026-09-27 21:00:00,25.8,84,0.0,7.1,53.3,285.0,23.6,66.0,21.6,734.0
Saket,28.5245,77.2066,2026-09-27 22:00:00,25.3,86,0.0,7.4,43.8,226.3,23.5,54.0,18.6,629.0
Saket,28.5245,77.2066,2026-09-27 23:00:00,24.8,89,0.0,7.0,37.1,184.9,23.3,46.0,16.3,534.0
Saket,28.5245,77.2066,2026-09-28 00:00:00,24.4,91,0.0,5.2,33.2,160.7,22.7,41.0,15.0,466.0
Saket,28.5245,77.2066,2026-09-28 01:00:00,24.0,91,0.0,2.2,29.9,134.6,22.0,40.0,14.4,408.0
Saket,28.5245,77.2066,2026-09-28 02:00:00,23.7,92,0.0,1.2,25.8,94.3,22.2,38.0,14.4,369.0
Saket,28.5245,77.2066,2026-09-28 03:00:00,23.4,94,0.0,1.9,22.5,56.6,24.0,32.0,14.9,360.0
Saket,28.5245,77.2066,2026-09-28 04:00:00,23.1,97,0.0,4.1,21.5,39.9,26.6,25.0,16.1,371.0
Saket,28.5245,77.2066,2026-09-28 05:00:00,23.1,98,0.0,5.6,21.9,32.4,28.7,23.0,18.2,379.5
Saket,28.5245,77.2066,2026-09-28 06:00:00,23.5,95,0.0,5.6,26.1,33.4,30.2,24.0,21.5,408.5
Saket,28.5245,77.2066,2026-09-28 07:00:00,24.2,90,0.0,4.6,28.7,36.1,31.2,30.0,25.7,476.0
Saket,28.5245,77.2066,2026-09-28 08:00:00,25.2,84,0.0,3.5,31.4,49.1,30.5,48.0,30.0,552.0
Saket,28.5245,77.2066,2026-09-28 09:00:00,26.7,78,0.0,2.4,33.4,69.4,27.0,86.0,34.5,541.0
Saket,28.5245,77.2066,2026-09-28 10:00:00,28.5,71,0.0,2.1,38.3,98.7,21.9,136.0,39.0,501.0
Saket,28.5245,77.2066,2026-09-28 11:00:00,30.0,65,0.0,2.6,45.5,131.8,17.4,181.0,42.1,470.0
Saket,28.5245,77.2066,2026-09-28 12:00:00,31.5,57,0.0,4.6,51.1,152.3,13.7,217.0,42.9,460.0
Saket,28.5245,77.2066,2026-09-28 13:00:00,32.8,50,0.0,6.8,52.7,151.3,10.5,248.0,42.3,460.0
Saket,28.5245,77.2066,2026-09-28 14:00:00,32.9,48,0.0,7.7,53.8,140.2,10.1,263.0,41.4,471.0
Saket,28.5245,77.2066,2026-09-28 15:00:00,30.9,55,0.6,5.4,53.9,125.7,14.5,251.0,40.5,503.0
Saket,28.5245,77.2066,2026-09-28 16:00:00,27.7,70,0.6,2.8,52.6,117.6,21.5,222.0,39.4,548.0
Saket,28.5245,77.2066,2026-09-28 17:00:00,25.3,85,0.6,3.9,52.0,113.2,26.7,201.0,38.6,580.0
Saket,28.5245,77.2066,2026-09-28 18:00:00,24.5,91,0.1,5.4,64.32494004796163,163.75721822541968,34.71918465227818,96.20911270983214,27.67671462829736,719.0801318944845
Saket,28.5245,77.2066,2026-09-28 19:00:00,24.4,93,0.1,6.5,64.32494004796163,163.75721822541968,34.71918465227818,96.20911270983214,27.67671462829736,719.0801318944845
Saket,28.5245,77.2066,2026-09-28 20:00:00,24.4,94,0.1,6.8,64.32494004796163,163.75721822541968,34.71918465227818,96.20911270983214,27.67671462829736,719.0801318944845
Saket,28.5245,77.2066,2026-09-28 21:00:00,24.1,94,0.0,6.9,64.32494004796163,163.75721822541968,34.71918465227818,96.20911270983214,27.67671462829736,719.0801318944845
Saket,28.5245,77.2066,2026-09-28 22:00:00,23.8,94,0.0,7.6,64.32494004796163,163.75721822541968,34.71918465227818,96.20911270983214,27.67671462829736,719.0801318944845
Saket,28.5245,77.2066,2026-09-28 23:00:00,23.6,94,0.0,8.8,64.32494004796163,163.75721822541968,34.71918465227818,96.20911270983214,27.67671462829736,719.0801318944845
Lajpat Nagar,28.5677,77.2433,2026-08-25 00:00:00,28.3,91,0.0,2.0,113.6,142.0,98.8,10.0,64.3,1014.0
Lajpat Nagar,28.5677,77.2433,2026-08-25 01:00:00,28.1,92,0.0,1.6,117.6,146.7,101.8,4.0,62.7,859.0
Lajpat Nagar,28.5677,77.2433,2026-08-25 02:00:00,28.0,93,0.0,2.0,118.7,146.7,99.7,3.0,59.2,766.0
Lajpat Nagar,28.5677,77.2433,2026-08-25 03:00:00,27.8,94,0.0,2.2,115.3,142.0,88.2,8.0,52.1,710.0
Lajpat Nagar,28.5677,77.2433,2026-08-25 04:00:00,27.8,94,0.0,1.3,96.6,117.8,71.5,19.0,43.0,717.0
Lajpat Nagar,28.5677,77.2433,2026-08-25 05:00:00,26.2,97,0.0,2.4,66.6,82.0,41.8,44.0,35.3,775.0
Lajpat Nagar,28.5677,77.2433,2026-08-25 06:00:00,26.2,97,2.1,5.4,63.6,77.3,43.3,43.0,35.5,929.0
Lajpat Nagar,28.5677,77.2433,2026-08-25 07:00:00,26.5,97,1.4,3.8,59.6,75.4,45.1,45.0,36.1,1136.0
Lajpat Nagar,28.5677,77.2433,2026-08-25 08:00:00,27.3,94,0.6,2.7,61.0,77.5,44.6,60.0,38.5,1254.0
Lajpat Nagar,28.5677,77.2433,2026-08-25 09:00:00,28.8,87,0.1,1.7,58.7,76.8,40.0,100.0,45.1,1203.0
Lajpat Nagar,28.5677,77.2433,2026-08-25 10:00:00,30.1,80,0.0,3.8,55.9,75.0,33.2,155.0,53.6,1064.0
Lajpat Nagar,28.5677,77.2433,2026-08-25 11:00:00,31.3,67,0.0,3.8,58.7,80.6,26.7,204.0,58.5,933.0
Lajpat Nagar,28.5677,77.2433,2026-08-25 12:00:00,31.6,65,0.0,4.6,62.6,84.5,20.6,243.0,56.4,832.0
Lajpat Nagar,28.5677,77.2433,2026-08-25 13:00:00,32.4,63,0.0,3.1,65.9,87.8,14.9,277.0,50.7,740.0
Lajpat Nagar,28.5677,77.2433,2026-08-25 14:00:00,32.5,62,0.1,3.0,68.9,92.7,12.1,296.0,46.1,690.0
Lajpat Nagar,28.5677,77.2433,2026-08-25 15:00:00,32.6,63,0.0,3.1,71.5,96.6,10.1,301.0,43.7,640.0
Lajpat Nagar,28.5677,77.2433,2026-08-25 16:00:00,32.4,63,0.0,1.8,73.6,102.9,11.0,291.0,42.3,634.0
Lajpat Nagar,28.5677,77.2433,2026-08-25 17:00:00,28.8,91,0.0,4.2,65.4,74.7,35.4,216.0,56.0,832.0
Lajpat Nagar,28.5677,77.2433,2026-08-25 18:00:00,28.8,90,0.6,4.0,68.9,75.0,41.6,183.0,54.5,1471.0
Lajpat Nagar,28.5677,77.2433,2026-08-25 19:00:00,28.5,92,0.1,3.8,75.9,79.9,50.2,137.0,52.5,2316.0
Lajpat Nagar,28.5677,77.2433,2026-08-25 20:00:00,28.4,94,0.0,2.7,84.1,86.8,57.8,99.0,51.7,2819.0
Lajpat Nagar,28.5677,77.2433,2026-08-25 21:00:00,28.1,95,0.0,3.1,91.7,93.8,63.6,77.0,53.4,2684.0
Lajpat Nagar,28.5677,77.2433,2026-08-25 22:00:00,27.7,94,0.0,6.3,101.3,103.1,68.4,63.0,56.3,2208.0
Lajpat Nagar,28.5677,77.2433,2026-08-25 23:00:00,28.1,92,0.0,4.4,111.5,113.2,70.8,51.0,57.8,1736.0
Lajpat Nagar,28.5677,77.2433,2026-08-26 00:00:00,27.8,92,0.0,3.6,115.3,116.6,69.1,41.0,56.1,1350.0
Lajpat Nagar,28.5677,77.2433,2026-08-26 01:00:00,27.4,93,0.0,4.3,122.9,124.3,65.1,33.0,53.1,968.0
Lajpat Nagar,28.5677,77.2433,2026-08-26 02:00:00,27.3,93,0.0,4.0,126.7,128.1,63.0,26.0,51.1,690.0
Lajpat Nagar,28.5677,77.2433,2026-08-26 03:00:00,27.1,94,0.0,3.5,130.4,131.8,66.7,14.0,51.1,564.0
Lajpat Nagar,28.5677,77.2433,2026-08-26 04:00:00,26.9,94,0.0,2.4,136.4,138.3,72.4,3.0,52.3,541.0
Lajpat Nagar,28.5677,77.2433,2026-08-26 05:00:00,27.6,95,0.0,2.7,108.3,108.3,52.3,37.0,57.9,574.0
Lajpat Nagar,28.5677,77.2433,2026-08-26 06:00:00,26.4,97,1.7,6.2,117.6,117.6,50.1,60.0,61.5,691.0
Lajpat Nagar,28.5677,77.2433,2026-08-26 07:00:00,26.2,97,5.8,5.8,104.5,104.8,46.8,93.0,66.3,864.0
Lajpat Nagar,28.5677,77.2433,2026-08-26 08:00:00,26.8,96,1.1,0.3,88.0,90.3,41.7,133.0,69.1,964.0
Lajpat Nagar,28.5677,77.2433,2026-08-26 09:00:00,28.3,88,0.4,4.6,73.6,79.6,33.3,183.0,68.3,912.0
Lajpat Nagar,28.5677,77.2433,2026-08-26 10:00:00,29.2,83,0.2,3.9,70.5,79.6,23.0,239.0,65.5,786.0
Lajpat Nagar,28.5677,77.2433,2026-08-26 11:00:00,29.7,82,0.0,2.9,72.9,83.8,15.1,284.0,61.6,698.0
Lajpat Nagar,28.5677,77.2433,2026-08-26 12:00:00,31.2,77,0.0,3.5,77.8,89.6,10.8,316.0,56.8,694.0
Lajpat Nagar,28.5677,77.2433,2026-08-26 13:00:00,31.8,77,0.0,2.6,81.5,94.5,8.8,338.0,50.9,727.0
Lajpat Nagar,28.5677,77.2433,2026-08-26 14:00:00,32.1,73,0.0,2.5,82.0,95.5,8.9,342.0,45.1,764.0
Lajpat Nagar,28.5677,77.2433,2026-08-26 15:00:00,32.4,68,0.1,3.1,79.2,93.8,9.4,325.0,38.8,736.0
Lajpat Nagar,28.5677,77.2433,2026-08-26 16:00:00,32.2,67,0.0,4.9,76.1,96.6,12.0,290.0,32.6,712.0
Lajpat Nagar,28.5677,77.2433,2026-08-26 17:00:00,29.4,86,0.1,5.2,73.6,99.9,30.9,155.0,24.1,860.0
Lajpat Nagar,28.5677,77.2433,2026-08-26 18:00:00,28.8,92,1.3,3.8,72.9,87.5,43.2,122.0,25.1,1389.0
Lajpat Nagar,28.5677,77.2433,2026-08-26 19:00:00,28.3,95,0.4,6.9,82.7,93.1,59.7,78.0,26.4,2090.0
Lajpat Nagar,28.5677,77.2433,2026-08-26 20:00:00,28.1,95,0.2,8.3,84.5,93.1,69.2,45.0,26.6,2509.0
Lajpat Nagar,28.5677,77.2433,2026-08-26 21:00:00,27.9,95,0.0,8.0,85.2,102.2,65.2,36.0,25.0,2391.0
Lajpat Nagar,28.5677,77.2433,2026-08-26 22:00:00,27.8,94,0.0,7.4,80.6,119.0,54.1,40.0,22.4,1991.0
Lajpat Nagar,28.5677,77.2433,2026-08-26 23:00:00,28.9,92,0.0,7.5,71.5,117.1,44.2,44.0,19.9,1620.0
Lajpat Nagar,28.5677,77.2433,2026-08-27 00:00:00,28.4,93,0.0,7.4,66.4,108.5,37.9,45.0,17.7,1374.0
Lajpat Nagar,28.5677,77.2433,2026-08-27 01:00:00,28.2,92,0.0,7.4,61.9,95.5,32.8,46.0,15.7,1157.0
Lajpat Nagar,28.5677,77.2433,2026-08-27 02:00:00,28.0,92,0.0,7.0,58.8,90.1,29.4,46.0,14.2,989.0
Lajpat Nagar,28.5677,77.2433,2026-08-27 03:00:00,27.8,92,0.0,6.3,55.9,84.5,28.7,41.0,13.5,877.0
Lajpat Nagar,28.5677,77.2433,2026-08-27 04:00:00,27.6,91,0.0,5.6,52.7,74.0,29.7,34.0,13.5,815.0
Lajpat Nagar,28.5677,77.2433,2026-08-27 05:00:00,28.6,89,0.0,5.6,53.0,67.1,27.7,37.0,14.5,800.0
Lajpat Nagar,28.5677,77.2433,2026-08-27 06:00:00,28.4,89,0.0,8.2,61.7,72.2,28.4,42.0,16.5,866.0
Lajpat Nagar,28.5677,77.2433,2026-08-27 07:00:00,29.2,87,0.0,2.7,59.4,75.2,29.1,51.0,19.3,980.0
Lajpat Nagar,28.5677,77.2433,2026-08-27 08:00:00,29.7,85,0.0,2.6,53.9,68.9,28.6,67.0,22.1,1038.0
Lajpat Nagar,28.5677,77.2433,2026-08-27 09:00:00,29.9,85,0.0,4.8,50.4,65.9,25.7,96.0,25.0,975.0
Lajpat Nagar,28.5677,77.2433,2026-08-27 10:00:00,31.6,78,0.0,3.0,50.5,68.0,21.5,132.0,27.8,855.0
Lajpat Nagar,28.5677,77.2433,2026-08-27 11:00:00,32.9,59,0.0,0.5,51.1,68.9,17.9,162.0,29.3,774.0
Lajpat Nagar,28.5677,77.2433,2026-08-27 12:00:00,33.3,56,0.0,3.9,50.4,68.2,15.0,181.0,28.6,781.0
Lajpat Nagar,28.5677,77.2433,2026-08-27 13:00:00,30.5,73,0.2,9.9,54.0,71.9,12.6,193.0,26.7,825.0
Lajpat Nagar,28.5677,77.2433,2026-08-27 14:00:00,30.8,73,0.0,7.2,54.0,78.7,12.3,199.0,24.7,852.0
Lajpat Nagar,28.5677,77.2433,2026-08-27 15:00:00,31.1,72,0.0,6.2,55.6,88.9,12.7,201.0,22.5,759.0
Lajpat Nagar,28.5677,77.2433,2026-08-27 16:00:00,31.8,70,0.0,4.2,56.6,103.1,15.2,196.0,20.3,648.0
Lajpat Nagar,28.5677,77.2433,2026-08-27 17:00:00,30.7,76,0.0,5.7,56.9,108.0,24.8,177.0,19.9,771.0
Lajpat Nagar,28.5677,77.2433,2026-08-27 18:00:00,30.3,80,0.0,2.3,64.3,98.7,48.7,131.0,22.9,1386.0
Lajpat Nagar,28.5677,77.2433,2026-08-27 19:00:00,29.7,84,0.0,4.5,83.8,113.4,79.7,71.0,27.8,2234.0
Lajpat Nagar,28.5677,77.2433,2026-08-27 20:00:00,29.3,85,0.0,4.2,93.6,119.2,101.8,26.0,31.7,2792.0
Lajpat Nagar,28.5677,77.2433,2026-08-27 21:00:00,29.1,85,0.0,5.1,96.6,127.1,107.7,10.0,33.9,2811.0
Lajpat Nagar,28.5677,77.2433,2026-08-27 22:00:00,28.8,86,0.0,6.7,107.3,139.7,104.6,8.0,35.2,2539.0
Lajpat Nagar,28.5677,77.2433,2026-08-27 23:00:00,29.2,86,0.0,7.4,111.8,144.8,98.5,9.0,34.9,2194.0
Lajpat Nagar,28.5677,77.2433,2026-08-28 00:00:00,28.5,88,0.0,7.8,105.7,143.0,90.5,9.0,32.1,1800.0
Lajpat Nagar,28.5677,77.2433,2026-08-28 01:00:00,28.1,88,0.0,6.6,101.5,140.2,79.4,13.0,27.7,1332.0
Lajpat Nagar,28.5677,77.2433,2026-08-28 02:00:00,27.8,89,0.0,4.8,94.1,131.8,68.1,16.0,23.8,933.0
Lajpat Nagar,28.5677,77.2433,2026-08-28 03:00:00,27.8,88,0.0,6.1,82.2,122.5,56.7,18.0,21.2,632.0
Lajpat Nagar,28.5677,77.2433,2026-08-28 04:00:00,28.3,81,0.0,9.4,71.2,139.7,45.0,20.0,19.0,400.0
Lajpat Nagar,28.5677,77.2433,2026-08-28 05:00:00,26.6,90,0.0,14.6,46.9,102.0,25.4,46.0,16.6,290.0
Lajpat Nagar,28.5677,77.2433,2026-08-28 06:00:00,26.6,92,0.7,8.3,43.4,89.9,24.8,48.0,15.4,393.0
Lajpat Nagar,28.5677,77.2433,2026-08-28 07:00:00,27.7,92,0.0,6.1,43.2,89.2,23.7,51.0,13.7,618.0
Lajpat Nagar,28.5677,77.2433,2026-08-28 08:00:00,29.5,81,0.0,6.6,51.3,141.6,21.4,62.0,12.5,740.0
Lajpat Nagar,28.5677,77.2433,2026-08-28 09:00:00,30.9,71,0.0,10.1,75.7,338.1,16.7,88.0,12.5,632.0
Lajpat Nagar,28.5677,77.2433,2026-08-28 10:00:00,32.0,66,0.0,9.1,198.4,1452.9,10.7,123.0,13.0,421.0
Lajpat Nagar,28.5677,77.2433,2026-08-28 11:00:00,32.9,60,0.0,11.2,222.6,1598.1,6.3,148.0,13.3,262.0
Lajpat Nagar,28.5677,77.2433,2026-08-28 12:00:00,33.6,57,0.0,10.8,217.5,1534.8,4.2,158.0,13.2,215.0
Lajpat Nagar,28.5677,77.2433,2026-08-28 13:00:00,34.1,54,0.0,10.6,206.3,1438.0,3.7,159.0,12.9,221.0
Lajpat Nagar,28.5677,77.2433,2026-08-28 14:00:00,34.5,51,0.0,10.6,205.4,1452.9,5.4,155.0,12.7,255.0
Lajpat Nagar,28.5677,77.2433,2026-08-28 15:00:00,34.4,51,0.0,11.1,206.3,1464.0,9.4,146.0,12.5,277.0
Lajpat Nagar,28.5677,77.2433,2026-08-28 16:00:00,34.0,53,0.0,11.0,220.3,1508.7,15.7,131.0,12.4,327.0
Lajpat Nagar,28.5677,77.2433,2026-08-28 17:00:00,33.8,56,0.0,9.7,170.4,1043.1,23.1,108.0,13.2,509.0
Lajpat Nagar,28.5677,77.2433,2026-08-28 18:00:00,32.2,66,0.0,4.4,144.8,698.5,46.6,78.0,19.1,982.0
Lajpat Nagar,28.5677,77.2433,2026-08-28 19:00:00,31.5,70,0.0,3.4,149.0,637.0,78.7,37.0,27.1,1585.0
Lajpat Nagar,28.5677,77.2433,2026-08-28 20:00:00,30.9,73,0.0,2.7,158.8,592.3,99.8,7.0,32.4,1942.0
Lajpat Nagar,28.5677,77.2433,2026-08-28 21:00:00,30.1,76,0.0,4.1,157.9,499.2,100.4,0.0,32.7,1846.0
Lajpat Nagar,28.5677,77.2433,2026-08-28 22:00:00,29.5,79,0.0,3.8,143.9,386.5,90.1,0.0,30.3,1503.0
Lajpat Nagar,28.5677,77.2433,2026-08-28 23:00:00,29.7,77,0.0,5.3,122.5,285.9,78.3,2.0,27.1,1156.0
Lajpat Nagar,28.5677,77.2433,2026-08-29 00:00:00,28.9,79,0.0,5.2,101.5,238.0,67.0,6.0,23.0,858.0
Lajpat Nagar,28.5677,77.2433,2026-08-29 01:00:00,28.6,79,0.0,6.3,93.1,284.1,54.2,13.0,18.1,556.0
Lajpat Nagar,28.5677,77.2433,2026-08-29 02:00:00,28.4,79,0.0,7.6,105.5,486.2,42.8,20.0,14.1,336.0
Lajpat Nagar,28.5677,77.2433,2026-08-29 03:00:00,28.2,78,0.0,8.8,143.9,871.7,33.6,26.0,11.9,247.0
Lajpat Nagar,28.5677,77.2433,2026-08-29 04:00:00,28.0,78,0.0,10.3,183.0,1214.4,25.8,32.0,10.7,240.0
Lajpat Nagar,28.5677,77.2433,2026-08-29 05:00:00,28.5,77,0.0,12.5,293.4,2048.9,13.8,51.0,8.0,259.0
Lajpat Nagar,28.5677,77.2433,2026-08-29 06:00:00,28.2,77,0.0,12.4,299.0,2063.8,14.7,53.0,8.6,305.0
Lajpat Nagar,28.5677,77.2433,2026-08-29 07:00:00,28.8,75,0.0,11.7,299.0,2071.3,15.9,58.0,9.5,376.0
Lajpat Nagar,28.5677,77.2433,2026-08-29 08:00:00,29.8,70,0.0,12.6,244.9,1676.4,15.7,68.0,10.3,412.0
Lajpat Nagar,28.5677,77.2433,2026-08-29 09:00:00,30.9,66,0.0,12.4,244.9,1799.3,12.8,91.0,10.8,374.0
Lajpat Nagar,28.5677,77.2433,2026-08-29 10:00:00,32.2,61,0.0,11.7,246.8,1829.1,8.6,120.0,11.2,300.0
Lajpat Nagar,28.5677,77.2433,2026-08-29 11:00:00,33.7,55,0.0,11.0,224.0,1628.0,5.5,141.0,11.5,244.0
Lajpat Nagar,28.5677,77.2433,2026-08-29 12:00:00,34.6,51,0.0,10.2,192.3,1363.5,3.7,150.0,11.7,225.0
Lajpat Nagar,28.5677,77.2433,2026-08-29 13:00:00,35.3,48,0.0,9.5,170.4,1180.9,3.0,152.0,11.8,224.0
Lajpat Nagar,28.5677,77.2433,2026-08-29 14:00:00,35.5,47,0.0,9.6,154.6,1043.1,4.9,147.0,11.9,241.0
Lajpat Nagar,28.5677,77.2433,2026-08-29 15:00:00,35.4,46,0.0,10.1,143.4,946.2,10.3,135.0,11.8,257.0
Lajpat Nagar,28.5677,77.2433,2026-08-29 16:00:00,35.0,48,0.0,10.4,139.2,892.2,18.2,117.0,11.7,291.0
Lajpat Nagar,28.5677,77.2433,2026-08-29 17:00:00,34.4,50,0.0,8.9,113.2,655.7,21.6,98.0,9.4,398.0
Lajpat Nagar,28.5677,77.2433,2026-08-29 18:00:00,33.0,59,0.0,4.3,103.4,444.2,42.2,71.0,13.7,674.0
Lajpat Nagar,28.5677,77.2433,2026-08-29 19:00:00,32.2,67,0.0,1.4,109.4,402.3,70.0,33.0,19.5,1022.0
Lajpat Nagar,28.5677,77.2433,2026-08-29 20:00:00,31.4,72,0.0,2.9,109.7,330.6,87.0,7.0,23.2,1213.0
Lajpat Nagar,28.5677,77.2433,2026-08-29 21:00:00,30.7,75,0.0,5.1,99.2,245.9,83.4,2.0,23.2,1105.0
Lajpat Nagar,28.5677,77.2433,2026-08-29 22:00:00,30.3,76,0.0,4.3,88.5,196.5,69.0,9.0,21.1,839.0
Lajpat Nagar,28.5677,77.2433,2026-08-29 23:00:00,30.5,75,0.0,4.3,85.9,266.4,55.0,17.0,18.5,605.0
Lajpat Nagar,28.5677,77.2433,2026-08-30 00:00:00,29.7,76,0.0,4.2,113.2,599.8,44.5,24.0,15.5,467.0
Lajpat Nagar,28.5677,77.2433,2026-08-30 01:00:00,29.5,75,0.0,8.0,146.7,920.1,34.3,33.0,12.1,361.0
Lajpat Nagar,28.5677,77.2433,2026-08-30 02:00:00,29.3,74,0.0,8.5,172.8,1132.5,26.4,39.0,9.5,285.0
Lajpat Nagar,28.5677,77.2433,2026-08-30 03:00:00,28.8,73,0.0,8.3,182.5,1180.9,21.8,40.0,8.4,245.0
Lajpat Nagar,28.5677,77.2433,2026-08-30 04:00:00,28.4,73,0.0,8.5,177.4,1099.0,19.5,39.0,8.3,235.0
Lajpat Nagar,28.5677,77.2433,2026-08-30 05:00:00,28.8,71,0.0,11.7,247.7,1713.6,11.8,55.0,7.5,239.0
Lajpat Nagar,28.5677,77.2433,2026-08-30 06:00:00,28.5,72,0.0,10.3,238.4,1598.1,12.1,58.0,8.3,262.0
Lajpat Nagar,28.5677,77.2433,2026-08-30 07:00:00,29.1,70,0.0,9.4,248.7,1668.9,12.3,62.0,9.5,299.0
Lajpat Nagar,28.5677,77.2433,2026-08-30 08:00:00,30.3,65,0.0,10.8,207.2,1397.0,11.8,72.0,10.5,315.0
Lajpat Nagar,28.5677,77.2433,2026-08-30 09:00:00,31.3,62,0.0,9.7,211.9,1519.9,9.6,92.0,11.1,289.0
Lajpat Nagar,28.5677,77.2433,2026-08-30 10:00:00,32.8,58,0.0,9.6,211.4,1519.9,6.6,116.0,11.5,242.0
Lajpat Nagar,28.5677,77.2433,2026-08-30 11:00:00,33.9,52,0.0,9.3,196.5,1385.8,4.4,135.0,11.7,206.0
Lajpat Nagar,28.5677,77.2433,2026-08-30 12:00:00,34.6,48,0.1,7.7,158.3,1065.4,3.3,143.0,11.6,193.0
Lajpat Nagar,28.5677,77.2433,2026-08-30 13:00:00,34.1,49,0.1,7.4,120.1,733.9,2.9,145.0,11.4,192.0
Lajpat Nagar,28.5677,77.2433,2026-08-30 14:00:00,33.6,52,0.0,6.2,90.6,462.9,3.9,142.0,11.1,197.0
Lajpat Nagar,28.5677,77.2433,2026-08-30 15:00:00,34.2,50,0.0,6.1,73.8,330.6,5.8,133.0,10.5,193.0
Lajpat Nagar,28.5677,77.2433,2026-08-30 16:00:00,34.2,49,0.1,8.0,62.4,239.3,9.0,118.0,9.8,197.0
Lajpat Nagar,28.5677,77.2433,2026-08-30 17:00:00,33.9,51,0.0,6.0,62.4,216.1,16.2,96.0,10.2,251.0
Lajpat Nagar,28.5677,77.2433,2026-08-30 18:00:00,32.5,60,0.3,4.6,68.9,170.4,31.8,72.0,13.9,421.0
Lajpat Nagar,28.5677,77.2433,2026-08-30 19:00:00,31.6,68,0.0,3.4,77.5,166.7,53.0,40.0,19.0,641.0
Lajpat Nagar,28.5677,77.2433,2026-08-30 20:00:00,31.1,71,0.0,4.2,78.9,146.2,66.1,17.0,22.2,762.0
Lajpat Nagar,28.5677,77.2433,2026-08-30 21:00:00,30.5,72,0.0,4.8,70.1,114.3,64.1,13.0,21.8,691.0
Lajpat Nagar,28.5677,77.2433,2026-08-30 22:00:00,30.0,75,0.0,4.7,59.8,88.0,54.0,18.0,19.5,521.0
Lajpat Nagar,28.5677,77.2433,2026-08-30 23:00:00,30.4,74,0.0,5.2,51.2,72.9,44.0,24.0,17.1,378.0
Lajpat Nagar,28.5677,77.2433,2026-08-31 00:00:00,29.6,76,0.0,5.5,43.9,73.3,36.0,30.0,14.8,310.0
Lajpat Nagar,28.5677,77.2433,2026-08-31 01:00:00,29.3,75,0.0,6.0,40.6,89.2,28.1,36.0,12.4,270.0
Lajpat Nagar,28.5677,77.2433,2026-08-31 02:00:00,29.1,72,0.0,7.8,41.4,124.3,21.9,41.0,10.5,241.0
Lajpat Nagar,28.5677,77.2433,2026-08-31 03:00:00,28.6,70,0.0,8.6,56.1,240.3,18.3,42.0,9.5,213.0
Lajpat Nagar,28.5677,77.2433,2026-08-31 04:00:00,28.1,70,0.0,8.8,71.5,329.7,16.4,41.0,9.1,196.0
Lajpat Nagar,28.5677,77.2433,2026-08-31 05:00:00,28.6,68,0.0,13.0,172.3,1177.2,11.3,49.0,7.6,200.0
Lajpat Nagar,28.5677,77.2433,2026-08-31 06:00:00,28.2,70,0.0,11.9,136.9,746.9,12.9,48.0,8.8,248.0
Lajpat Nagar,28.5677,77.2433,2026-08-31 07:00:00,28.5,68,0.0,11.2,113.4,542.0,15.1,49.0,10.4,317.0
Lajpat Nagar,28.5677,77.2433,2026-08-31 08:00:00,29.3,65,0.0,11.5,103.6,504.8,15.7,57.0,11.8,356.0
Lajpat Nagar,28.5677,77.2433,2026-08-31 09:00:00,29.8,64,0.0,10.4,145.3,957.4,13.3,81.0,12.7,333.0
Lajpat Nagar,28.5677,77.2433,2026-08-31 10:00:00,31.9,57,0.0,10.4,170.4,1154.8,9.5,113.0,13.4,279.0
Lajpat Nagar,28.5677,77.2433,2026-08-31 11:00:00,33.6,50,0.0,11.0,172.3,1136.2,6.5,138.0,13.8,238.0
Lajpat Nagar,28.5677,77.2433,2026-08-31 12:00:00,34.1,48,0.2,8.4,152.7,938.8,4.9,151.0,13.9,226.0
Lajpat Nagar,28.5677,77.2433,2026-08-31 13:00:00,34.8,46,0.2,6.4,125.7,707.8,4.3,157.0,13.7,226.0
Lajpat Nagar,28.5677,77.2433,2026-08-31 14:00:00,34.7,46,0.3,6.7,100.6,502.9,5.4,155.0,13.3,233.0
Lajpat Nagar,28.5677,77.2433,2026-08-31 15:00:00,34.7,46,0.3,8.3,87.5,411.6,7.7,145.0,12.3,221.0
Lajpat Nagar,28.5677,77.2433,2026-08-31 16:00:00,34.1,48,0.6,9.7,75.9,304.5,11.8,127.0,11.1,216.0
Lajpat Nagar,28.5677,77.2433,2026-08-31 17:00:00,33.6,52,0.8,7.8,64.3,253.3,16.4,98.0,9.1,289.0
Lajpat Nagar,28.5677,77.2433,2026-08-31 18:00:00,32.4,59,0.0,4.5,72.6,237.0,38.8,70.0,13.5,476.0
Lajpat Nagar,28.5677,77.2433,2026-08-31 19:00:00,31.5,68,0.0,2.7,83.8,225.8,69.5,31.0,19.5,741.0
Lajpat Nagar,28.5677,77.2433,2026-08-31 20:00:00,31.2,71,0.0,0.6,96.2,228.6,90.6,3.0,24.7,1042.0
Lajpat Nagar,28.5677,77.2433,2026-08-31 21:00:00,30.4,75,0.0,2.3,106.9,225.4,93.7,0.0,28.4,1472.0
Lajpat Nagar,28.5677,77.2433,2026-08-31 22:00:00,29.9,78,0.0,3.4,110.4,209.1,87.2,0.0,31.1,1939.0
Lajpat Nagar,28.5677,77.2433,2026-08-31 23:00:00,30.3,77,0.0,5.0,105.5,189.1,79.1,0.0,31.9,2126.0
Lajpat Nagar,28.5677,77.2433,2026-09-01 00:00:00,29.4,80,0.0,5.4,91.5,156.9,70.9,3.0,29.6,1794.0
Lajpat Nagar,28.5677,77.2433,2026-09-01 01:00:00,29.0,80,0.0,5.5,74.7,126.2,61.0,8.0,25.4,1182.0
Lajpat Nagar,28.5677,77.2433,2026-09-01 02:00:00,28.7,78,0.0,5.6,61.7,105.2,52.7,12.0,22.1,687.0
Lajpat Nagar,28.5677,77.2433,2026-09-01 03:00:00,28.3,76,0.0,6.2,52.0,91.0,47.5,14.0,21.0,460.0
Lajpat Nagar,28.5677,77.2433,2026-09-01 04:00:00,27.9,76,0.0,5.6,46.1,95.2,43.8,15.0,20.8,348.0
Lajpat Nagar,28.5677,77.2433,2026-09-01 05:00:00,28.4,71,0.0,10.1,75.2,358.6,14.8,45.0,8.6,296.0
Lajpat Nagar,28.5677,77.2433,2026-09-01 06:00:00,27.9,74,0.0,9.2,78.0,352.0,15.9,45.0,9.7,314.0
Lajpat Nagar,28.5677,77.2433,2026-09-01 07:00:00,28.6,73,0.0,8.4,81.0,353.9,17.2,47.0,11.4,390.0
Lajpat Nagar,28.5677,77.2433,2026-09-01 08:00:00,29.7,68,0.0,10.1,130.4,873.6,17.1,57.0,12.7,432.0
Lajpat Nagar,28.5677,77.2433,2026-09-01 09:00:00,31.0,64,0.0,9.7,148.1,1039.4,14.2,83.0,13.6,390.0
Lajpat Nagar,28.5677,77.2433,2026-09-01 10:00:00,32.3,59,0.0,7.5,149.0,1028.2,9.9,117.0,14.2,313.0
Lajpat Nagar,28.5677,77.2433,2026-09-01 11:00:00,32.7,55,0.1,6.4,120.6,780.4,6.6,144.0,14.5,259.0
Lajpat Nagar,28.5677,77.2433,2026-09-01 12:00:00,33.6,51,0.0,4.5,79.6,405.1,5.1,159.0,14.4,244.0
Lajpat Nagar,28.5677,77.2433,2026-09-01 13:00:00,34.3,49,0.1,3.9,68.0,311.1,4.6,166.0,14.0,252.0
Lajpat Nagar,28.5677,77.2433,2026-09-01 14:00:00,31.4,64,0.9,11.2,63.6,272.9,5.6,167.0,13.7,290.0
Lajpat Nagar,28.5677,77.2433,2026-09-01 15:00:00,31.5,65,0.4,5.5,62.6,261.7,8.6,158.0,13.3,366.0
Lajpat Nagar,28.5677,77.2433,2026-09-01 16:00:00,31.1,62,0.3,8.9,57.6,217.5,13.1,143.0,13.0,471.0
Lajpat Nagar,28.5677,77.2433,2026-09-01 17:00:00,31.8,67,0.5,2.5,65.0,184.9,20.2,175.0,23.4,589.0
Lajpat Nagar,28.5677,77.2433,2026-09-01 18:00:00,31.2,66,0.0,6.6,71.0,173.7,29.4,147.0,24.7,729.0
Lajpat Nagar,28.5677,77.2433,2026-09-01 19:00:00,29.8,74,0.0,8.6,76.4,154.6,41.9,109.0,26.6,881.0
Lajpat Nagar,28.5677,77.2433,2026-09-01 20:00:00,29.4,77,0.0,3.5,74.7,136.9,49.9,79.0,27.9,1000.0
Lajpat Nagar,28.5677,77.2433,2026-09-01 21:00:00,29.2,79,0.0,2.0,68.9,117.8,49.1,68.0,28.5,1082.0
Lajpat Nagar,28.5677,77.2433,2026-09-01 22:00:00,28.9,82,0.0,1.7,64.3,101.5,43.8,65.0,28.7,1131.0
Lajpat Nagar,28.5677,77.2433,2026-09-01 23:00:00,26.9,90,0.0,6.3,60.5,89.9,39.1,62.0,28.1,1118.0
Lajpat Nagar,28.5677,77.2433,2026-09-02 00:00:00,26.6,89,0.0,4.8,57.7,81.7,36.2,56.0,26.3,999.0
Lajpat Nagar,28.5677,77.2433,2026-09-02 01:00:00,25.9,93,0.0,5.7,56.5,75.9,34.0,49.0,23.8,817.0
Lajpat Nagar,28.5677,77.2433,2026-09-02 02:00:00,25.9,92,0.0,0.8,56.0,71.9,33.3,42.0,22.1,672.0
Lajpat Nagar,28.5677,77.2433,2026-09-02 03:00:00,25.9,92,0.0,1.7,56.3,70.3,36.0,30.0,21.4,593.0
Lajpat Nagar,28.5677,77.2433,2026-09-02 04:00:00,25.9,92,0.0,2.9,57.6,70.5,40.4,18.0,21.6,550.0
Lajpat Nagar,28.5677,77.2433,2026-09-02 05:00:00,25.5,94,0.0,4.8,55.9,85.4,37.3,43.0,29.2,559.0
Lajpat Nagar,28.5677,77.2433,2026-09-02 06:00:00,25.4,94,0.6,4.8,56.6,81.7,38.3,52.0,35.4,669.0
Lajpat Nagar,28.5677,77.2433,2026-09-02 07:00:00,26.2,88,0.1,2.3,52.2,93.4,39.4,66.0,43.8,831.0
Lajpat Nagar,28.5677,77.2433,2026-09-02 08:00:00,27.9,78,0.0,4.0,54.8,113.6,37.6,88.0,48.8,909.0
Lajpat Nagar,28.5677,77.2433,2026-09-02 09:00:00,29.6,71,0.0,3.2,57.6,133.2,30.4,125.0,47.4,822.0
Lajpat Nagar,28.5677,77.2433,2026-09-02 10:00:00,31.2,64,0.0,2.6,59.4,141.1,20.3,169.0,42.5,652.0
Lajpat Nagar,28.5677,77.2433,2026-09-02 11:00:00,29.2,80,0.1,9.9,58.7,139.7,12.6,203.0,37.9,509.0
Lajpat Nagar,28.5677,77.2433,2026-09-02 12:00:00,26.9,92,5.9,3.8,57.5,138.3,8.9,219.0,34.6,427.0
Lajpat Nagar,28.5677,77.2433,2026-09-02 13:00:00,27.1,87,2.2,5.5,54.8,133.2,7.5,224.0,31.6,371.0
Lajpat Nagar,28.5677,77.2433,2026-09-02 14:00:00,28.8,82,0.8,4.4,61.9,150.9,8.7,219.0,29.0,356.0
Lajpat Nagar,28.5677,77.2433,2026-09-02 15:00:00,28.8,80,0.1,4.8,51.3,112.2,12.9,200.0,26.4,395.0
Lajpat Nagar,28.5677,77.2433,2026-09-02 16:00:00,29.1,78,0.0,5.2,44.5,87.1,19.6,169.0,24.3,473.0
Lajpat Nagar,28.5677,77.2433,2026-09-02 17:00:00,30.8,63,0.0,9.9,44.7,97.1,26.6,127.0,24.2,559.0
Lajpat Nagar,28.5677,77.2433,2026-09-02 18:00:00,29.3,70,0.0,8.6,45.9,92.9,39.3,103.0,28.5,658.0
Lajpat Nagar,28.5677,77.2433,2026-09-02 19:00:00,28.7,74,0.1,6.7,54.9,90.6,56.6,69.0,34.3,764.0
Lajpat Nagar,28.5677,77.2433,2026-09-02 20:00:00,28.1,79,0.1,5.7,56.9,84.8,68.1,43.0,38.0,827.0
Lajpat Nagar,28.5677,77.2433,2026-09-02 21:00:00,27.7,83,0.0,5.1,56.9,78.0,68.8,32.0,38.0,814.0
Lajpat Nagar,28.5677,77.2433,2026-09-02 22:00:00,27.4,86,0.0,4.5,55.1,69.6,63.6,29.0,35.9,758.0
Lajpat Nagar,28.5677,77.2433,2026-09-02 23:00:00,27.6,87,0.0,4.8,48.2,56.8,57.2,29.0,33.4,706.0
Lajpat Nagar,28.5677,77.2433,2026-09-03 00:00:00,26.6,90,0.2,8.2,43.5,48.3,49.9,32.0,30.6,671.0
Lajpat Nagar,28.5677,77.2433,2026-09-03 01:00:00,26.2,90,0.3,7.0,38.2,40.2,41.3,38.0,27.4,639.0
Lajpat Nagar,28.5677,77.2433,2026-09-03 02:00:00,25.9,92,0.2,5.1,33.2,34.0,34.5,43.0,24.7,617.0
Lajpat Nagar,28.5677,77.2433,2026-09-03 03:00:00,25.7,94,0.3,4.3,29.5,29.8,30.9,44.0,23.0,604.0
Lajpat Nagar,28.5677,77.2433,2026-09-03 04:00:00,25.6,94,0.2,4.1,27.9,27.9,29.2,44.0,22.0,601.0
Lajpat Nagar,28.5677,77.2433,2026-09-03 05:00:00,25.7,97,0.0,2.3,10.3,10.3,18.9,66.0,17.2,609.0
Lajpat Nagar,28.5677,77.2433,2026-09-03 06:00:00,25.8,98,0.2,3.1,10.0,10.0,20.2,66.0,18.5,647.0
Lajpat Nagar,28.5677,77.2433,2026-09-03 07:00:00,26.6,94,0.1,4.4,10.0,10.0,21.9,68.0,20.3,697.0
Lajpat Nagar,28.5677,77.2433,2026-09-03 08:00:00,27.9,87,0.0,6.0,10.9,10.9,22.1,74.0,21.7,706.0
Lajpat Nagar,28.5677,77.2433,2026-09-03 09:00:00,29.0,83,0.1,6.0,12.8,12.9,19.6,89.0,22.5,635.0
Lajpat Nagar,28.5677,77.2433,2026-09-03 10:00:00,30.1,78,0.1,6.5,15.7,20.4,15.7,110.0,23.0,523.0
Lajpat Nagar,28.5677,77.2433,2026-09-03 11:00:00,31.1,70,0.1,7.0,17.2,24.6,12.6,125.0,22.8,433.0
Lajpat Nagar,28.5677,77.2433,2026-09-03 12:00:00,31.1,67,0.9,9.2,17.5,21.5,10.9,131.0,21.3,379.0
Lajpat Nagar,28.5677,77.2433,2026-09-03 13:00:00,31.1,65,0.5,9.6,18.9,21.5,9.9,132.0,19.3,347.0
Lajpat Nagar,28.5677,77.2433,2026-09-03 14:00:00,31.6,64,0.2,8.0,19.0,20.7,10.2,132.0,18.3,357.0
Lajpat Nagar,28.5677,77.2433,2026-09-03 15:00:00,31.8,62,0.0,7.2,20.4,23.9,10.3,138.0,19.0,434.0
Lajpat Nagar,28.5677,77.2433,2026-09-03 16:00:00,31.8,62,0.0,7.0,21.9,24.2,11.6,143.0,20.8,552.0
Lajpat Nagar,28.5677,77.2433,2026-09-03 17:00:00,28.1,85,0.5,8.1,26.8,27.2,33.9,85.0,26.9,660.0
Lajpat Nagar,28.5677,77.2433,2026-09-03 18:00:00,27.5,89,0.4,3.9,30.7,31.1,47.9,66.0,29.9,730.0
Lajpat Nagar,28.5677,77.2433,2026-09-03 19:00:00,27.3,92,0.1,3.4,40.5,40.9,67.4,39.0,34.0,790.0
Lajpat Nagar,28.5677,77.2433,2026-09-03 20:00:00,27.2,93,0.0,4.7,52.2,52.6,82.7,18.0,37.3,865.0
Lajpat Nagar,28.5677,77.2433,2026-09-03 21:00:00,27.1,93,0.0,4.1,67.5,68.0,90.8,8.0,39.1,985.0
Lajpat Nagar,28.5677,77.2433,2026-09-03 22:00:00,27.1,94,0.0,3.4,71.7,72.2,94.8,3.0,40.1,1122.0
Lajpat Nagar,28.5677,77.2433,2026-09-03 23:00:00,28.6,91,0.0,2.3,70.3,71.0,94.7,2.0,39.9,1215.0
Lajpat Nagar,28.5677,77.2433,2026-09-04 00:00:00,27.9,92,0.4,1.5,68.0,68.5,89.2,4.0,37.8,1235.0
Lajpat Nagar,28.5677,77.2433,2026-09-04 01:00:00,27.3,96,0.1,2.2,65.2,65.7,79.7,8.0,34.6,1211.0
Lajpat Nagar,28.5677,77.2433,2026-09-04 02:00:00,27.0,95,0.0,6.5,61.7,62.2,70.1,13.0,31.8,1174.0
Lajpat Nagar,28.5677,77.2433,2026-09-04 03:00:00,26.6,95,0.0,5.4,57.5,58.0,61.4,15.0,30.0,1139.0
Lajpat Nagar,28.5677,77.2433,2026-09-04 04:00:00,26.4,95,0.0,5.8,52.9,53.2,52.8,17.0,28.6,1092.0
Lajpat Nagar,28.5677,77.2433,2026-09-04 05:00:00,25.9,99,0.0,9.9,53.1,53.4,54.3,20.0,29.9,1019.0
Lajpat Nagar,28.5677,77.2433,2026-09-04 06:00:00,25.3,98,2.3,7.2,49.4,49.7,55.8,17.0,30.9,902.0
Lajpat Nagar,28.5677,77.2433,2026-09-04 07:00:00,25.7,96,0.9,7.9,51.3,51.6,57.5,13.0,32.2,760.0
Lajpat Nagar,28.5677,77.2433,2026-09-04 08:00:00,26.8,90,0.3,7.2,55.1,55.3,55.9,20.0,33.0,637.0
Lajpat Nagar,28.5677,77.2433,2026-09-04 09:00:00,28.4,82,0.1,8.0,45.4,45.8,47.8,47.0,32.8,544.0
Lajpat Nagar,28.5677,77.2433,2026-09-04 10:00:00,29.5,79,0.0,7.4,40.4,40.6,36.3,84.0,32.1,471.0
Lajpat Nagar,28.5677,77.2433,2026-09-04 11:00:00,28.8,82,0.0,7.8,34.7,34.9,27.8,112.0,31.9,427.0
Lajpat Nagar,28.5677,77.2433,2026-09-04 12:00:00,29.3,81,1.1,2.8,33.8,34.2,24.5,124.0,32.2,415.0
Lajpat Nagar,28.5677,77.2433,2026-09-04 13:00:00,28.9,81,0.9,8.0,34.2,34.7,24.2,126.0,32.9,432.0
Lajpat Nagar,28.5677,77.2433,2026-09-04 14:00:00,28.9,82,1.4,6.3,35.0,35.5,26.1,125.0,34.6,482.0
Lajpat Nagar,28.5677,77.2433,2026-09-04 15:00:00,29.5,79,0.1,5.6,35.4,35.9,29.4,122.0,37.8,588.0
Lajpat Nagar,28.5677,77.2433,2026-09-04 16:00:00,29.2,80,0.0,5.6,36.7,37.1,34.8,115.0,42.0,725.0
Lajpat Nagar,28.5677,77.2433,2026-09-04 17:00:00,28.5,80,0.0,5.2,79.2,269.2,35.1,98.0,30.9,828.0
Lajpat Nagar,28.5677,77.2433,2026-09-04 18:00:00,27.8,85,0.1,4.3,74.3,176.0,44.4,79.0,31.5,865.0
Lajpat Nagar,28.5677,77.2433,2026-09-04 19:00:00,27.4,89,0.4,6.0,65.2,101.5,57.0,54.0,32.2,866.0
Lajpat Nagar,28.5677,77.2433,2026-09-04 20:00:00,27.1,92,0.6,6.3,61.0,76.4,63.9,36.0,31.8,856.0
Lajpat Nagar,28.5677,77.2433,2026-09-04 21:00:00,27.0,95,0.7,6.2,56.2,62.4,60.4,33.0,29.6,843.0
Lajpat Nagar,28.5677,77.2433,2026-09-04 22:00:00,26.5,95,2.0,4.4,48.1,49.9,51.4,37.0,26.4,817.0
Lajpat Nagar,28.5677,77.2433,2026-09-04 23:00:00,26.9,94,3.3,7.8,41.4,42.0,42.3,43.0,23.2,777.0
Lajpat Nagar,28.5677,77.2433,2026-09-05 00:00:00,26.6,96,0.5,7.4,31.8,31.9,34.4,50.0,20.3,714.0
Lajpat Nagar,28.5677,77.2433,2026-09-05 01:00:00,26.4,97,0.3,7.3,24.9,25.0,26.5,60.0,17.6,636.0
Lajpat Nagar,28.5677,77.2433,2026-09-05 02:00:00,25.9,95,1.6,9.7,19.4,19.6,20.6,66.0,15.5,564.0
Lajpat Nagar,28.5677,77.2433,2026-09-05 03:00:00,25.7,97,2.1,7.3,14.2,14.3,17.6,67.0,14.4,490.0
Lajpat Nagar,28.5677,77.2433,2026-09-05 04:00:00,25.6,98,1.7,6.9,11.6,11.7,16.7,66.0,14.0,422.0
Lajpat Nagar,28.5677,77.2433,2026-09-05 05:00:00,25.3,97,0.7,14.3,13.4,13.5,19.2,61.0,15.7,405.0
Lajpat Nagar,28.5677,77.2433,2026-09-05 06:00:00,25.0,97,2.1,8.3,15.8,15.9,23.4,58.0,16.5,488.0
Lajpat Nagar,28.5677,77.2433,2026-09-05 07:00:00,25.4,96,0.5,3.4,19.5,19.6,29.0,54.0,17.6,623.0
Lajpat Nagar,28.5677,77.2433,2026-09-05 08:00:00,25.7,95,2.0,6.8,20.5,20.7,32.3,54.0,19.0,706.0
Lajpat Nagar,28.5677,77.2433,2026-09-05 09:00:00,26.8,90,0.4,2.8,18.7,18.9,31.2,61.0,20.7,677.0
Lajpat Nagar,28.5677,77.2433,2026-09-05 10:00:00,27.7,87,0.6,4.7,16.9,17.1,27.8,72.0,22.7,597.0
Lajpat Nagar,28.5677,77.2433,2026-09-05 11:00:00,28.5,85,0.7,6.5,17.3,17.5,24.8,86.0,24.6,547.0
Lajpat Nagar,28.5677,77.2433,2026-09-05 12:00:00,27.6,88,3.7,7.6,19.4,19.6,22.5,106.0,26.4,566.0
Lajpat Nagar,28.5677,77.2433,2026-09-05 13:00:00,26.2,91,5.6,6.7,22.3,22.6,20.7,128.0,28.2,614.0
Lajpat Nagar,28.5677,77.2433,2026-09-05 14:00:00,26.2,94,1.6,6.7,24.7,25.0,21.3,141.0,30.1,655.0
Lajpat Nagar,28.5677,77.2433,2026-09-05 15:00:00,27.1,92,0.7,7.3,28.2,28.6,24.6,141.0,31.9,613.0
Lajpat Nagar,28.5677,77.2433,2026-09-05 16:00:00,27.2,92,0.4,6.8,33.6,34.0,30.5,132.0,33.8,564.0
Lajpat Nagar,28.5677,77.2433,2026-09-05 17:00:00,27.3,91,0.3,5.2,40.2,41.9,35.9,102.0,32.7,700.0
Lajpat Nagar,28.5677,77.2433,2026-09-05 18:00:00,27.1,92,0.1,4.9,47.7,48.9,47.4,79.0,33.3,1229.0
Lajpat Nagar,28.5677,77.2433,2026-09-05 19:00:00,27.1,92,0.0,6.2,53.8,54.7,62.9,46.0,34.1,1943.0
Lajpat Nagar,28.5677,77.2433,2026-09-05 20:00:00,27.0,92,0.0,6.0,56.8,57.6,72.6,23.0,34.1,2408.0
Lajpat Nagar,28.5677,77.2433,2026-09-05 21:00:00,26.8,91,0.0,5.3,55.5,56.2,71.2,17.0,32.7,2405.0
Lajpat Nagar,28.5677,77.2433,2026-09-05 22:00:00,26.5,91,0.0,4.0,55.8,56.3,63.9,20.0,30.5,2153.0
Lajpat Nagar,28.5677,77.2433,2026-09-05 23:00:00,26.7,89,0.0,4.0,56.1,56.6,57.0,23.0,28.5,1872.0
Lajpat Nagar,28.5677,77.2433,2026-09-06 00:00:00,26.2,91,0.1,4.4,54.7,55.2,52.4,23.0,26.8,1614.0
Lajpat Nagar,28.5677,77.2433,2026-09-06 01:00:00,26.1,91,0.0,5.5,52.7,53.2,48.2,23.0,25.2,1326.0
Lajpat Nagar,28.5677,77.2433,2026-09-06 02:00:00,25.8,93,0.0,6.3,53.2,53.6,44.4,24.0,24.0,1071.0
Lajpat Nagar,28.5677,77.2433,2026-09-06 03:00:00,25.3,95,0.0,7.8,52.7,53.1,41.5,24.0,23.5,862.0
Lajpat Nagar,28.5677,77.2433,2026-09-06 04:00:00,25.0,96,0.0,6.7,51.2,51.6,39.1,25.0,23.5,686.0
Lajpat Nagar,28.5677,77.2433,2026-09-06 05:00:00,25.0,99,0.0,5.1,44.6,44.9,35.4,34.0,25.5,561.0
Lajpat Nagar,28.5677,77.2433,2026-09-06 06:00:00,24.6,96,0.3,1.6,46.6,46.8,33.6,42.0,27.5,508.0
Lajpat Nagar,28.5677,77.2433,2026-09-06 07:00:00,24.6,97,1.8,9.3,41.7,41.9,31.0,54.0,30.3,505.0
Lajpat Nagar,28.5677,77.2433,2026-09-06 08:00:00,25.1,94,0.6,7.5,33.4,33.6,27.7,73.0,32.9,509.0
Lajpat Nagar,28.5677,77.2433,2026-09-06 09:00:00,25.6,92,0.2,6.2,27.8,28.1,23.0,105.0,35.4,510.0
Lajpat Nagar,28.5677,77.2433,2026-09-06 10:00:00,26.7,87,0.5,5.8,27.6,27.8,17.6,145.0,37.7,517.0
Lajpat Nagar,28.5677,77.2433,2026-09-06 11:00:00,26.0,94,0.4,7.6,29.7,29.9,13.5,176.0,39.0,511.0
Lajpat Nagar,28.5677,77.2433,2026-09-06 12:00:00,25.6,95,3.7,12.7,30.7,30.9,11.2,193.0,38.6,467.0
Lajpat Nagar,28.5677,77.2433,2026-09-06 13:00:00,25.8,93,1.5,12.3,32.0,32.1,10.1,202.0,37.1,410.0
Lajpat Nagar,28.5677,77.2433,2026-09-06 14:00:00,26.0,89,0.6,9.8,34.7,34.8,10.5,204.0,36.4,393.0
Lajpat Nagar,28.5677,77.2433,2026-09-06 15:00:00,25.6,90,0.5,7.6,33.4,33.9,11.1,202.0,36.7,404.0
Lajpat Nagar,28.5677,77.2433,2026-09-06 16:00:00,26.2,84,0.0,4.0,33.5,33.9,13.3,193.0,37.6,455.0
Lajpat Nagar,28.5677,77.2433,2026-09-06 17:00:00,27.5,83,0.0,6.1,21.3,21.4,19.8,102.0,23.7,630.0
Lajpat Nagar,28.5677,77.2433,2026-09-06 18:00:00,26.9,88,0.0,3.8,26.3,26.8,35.2,79.0,27.9,1056.0
Lajpat Nagar,28.5677,77.2433,2026-09-06 19:00:00,26.4,89,0.0,2.2,37.6,37.8,56.7,48.0,33.8,1607.0
Lajpat Nagar,28.5677,77.2433,2026-09-06 20:00:00,26.2,91,0.0,2.3,55.6,55.8,74.0,23.0,39.0,1991.0
Lajpat Nagar,28.5677,77.2433,2026-09-06 21:00:00,26.1,91,0.0,1.3,67.5,67.5,83.0,11.0,42.8,2065.0
Lajpat Nagar,28.5677,77.2433,2026-09-06 22:00:00,25.7,93,0.0,0.9,72.9,72.9,87.8,5.0,46.0,1971.0
Lajpat Nagar,28.5677,77.2433,2026-09-06 23:00:00,26.0,93,0.0,0.5,81.7,81.7,90.9,2.0,48.2,1846.0
Lajpat Nagar,28.5677,77.2433,2026-09-07 00:00:00,25.4,94,0.0,0.6,87.1,87.3,92.4,0.0,49.0,1710.0
Lajpat Nagar,28.5677,77.2433,2026-09-07 01:00:00,25.1,95,0.0,1.2,88.9,89.6,92.2,1.0,48.8,1542.0
Lajpat Nagar,28.5677,77.2433,2026-09-07 02:00:00,25.0,94,0.0,3.7,89.4,90.3,91.7,2.0,49.0,1416.0
Lajpat Nagar,28.5677,77.2433,2026-09-07 03:00:00,24.7,95,0.0,2.6,87.8,88.9,92.8,0.0,50.3,1378.0
Lajpat Nagar,28.5677,77.2433,2026-09-07 04:00:00,24.5,96,0.0,4.2,86.1,87.1,93.6,0.0,51.9,1382.0
Lajpat Nagar,28.5677,77.2433,2026-09-07 05:00:00,25.5,95,0.0,4.2,72.9,72.9,77.6,5.0,62.5,1364.0
Lajpat Nagar,28.5677,77.2433,2026-09-07 06:00:00,25.2,96,0.0,6.1,76.8,77.1,70.0,18.0,61.7,1306.0
Lajpat Nagar,28.5677,77.2433,2026-09-07 07:00:00,26.3,92,0.0,5.0,68.0,68.5,59.2,38.0,60.5,1226.0
Lajpat Nagar,28.5677,77.2433,2026-09-07 08:00:00,27.9,86,0.0,4.2,52.7,54.8,48.1,68.0,58.8,1112.0
Lajpat Nagar,28.5677,77.2433,2026-09-07 09:00:00,29.2,78,0.0,5.4,41.6,50.4,36.8,115.0,56.5,936.0
Lajpat Nagar,28.5677,77.2433,2026-09-07 10:00:00,30.4,72,0.0,3.9,45.9,59.4,25.2,172.0,53.6,727.0
Lajpat Nagar,28.5677,77.2433,2026-09-07 11:00:00,31.4,64,0.1,3.6,56.5,124.8,16.3,218.0,50.1,560.0
Lajpat Nagar,28.5677,77.2433,2026-09-07 12:00:00,31.9,62,0.0,3.4,66.4,127.1,10.7,248.0,45.4,455.0
Lajpat Nagar,28.5677,77.2433,2026-09-07 13:00:00,32.4,59,0.0,3.5,69.2,113.4,7.8,267.0,40.0,394.0
Lajpat Nagar,28.5677,77.2433,2026-09-07 14:00:00,32.4,58,0.0,7.0,66.8,101.5,8.0,271.0,35.5,393.0
Lajpat Nagar,28.5677,77.2433,2026-09-07 15:00:00,30.9,61,0.5,6.4,63.6,92.4,10.1,255.0,31.5,419.0
Lajpat Nagar,28.5677,77.2433,2026-09-07 16:00:00,31.1,61,0.0,5.2,59.0,84.1,15.3,223.0,28.4,506.0
Lajpat Nagar,28.5677,77.2433,2026-09-07 17:00:00,31.7,61,0.0,5.6,72.9,92.9,31.2,197.0,33.4,778.0
Lajpat Nagar,28.5677,77.2433,2026-09-07 18:00:00,30.5,70,0.0,2.8,87.8,104.3,55.5,153.0,38.3,1465.0
Lajpat Nagar,28.5677,77.2433,2026-09-07 19:00:00,30.1,69,0.0,0.7,105.0,119.2,88.4,93.0,45.1,2337.0
Lajpat Nagar,28.5677,77.2433,2026-09-07 20:00:00,29.1,74,0.0,1.3,115.7,126.7,109.2,49.0,49.7,2824.0
Lajpat Nagar,28.5677,77.2433,2026-09-07 21:00:00,28.0,80,0.0,3.4,118.5,126.7,106.8,38.0,50.4,2567.0
Lajpat Nagar,28.5677,77.2433,2026-09-07 22:00:00,27.5,84,0.0,3.2,119.0,126.7,92.2,44.0,49.0,1925.0
Lajpat Nagar,28.5677,77.2433,2026-09-07 23:00:00,27.5,87,0.0,2.5,104.1,114.6,77.9,49.0,46.6,1412.0
Lajpat Nagar,28.5677,77.2433,2026-09-08 00:00:00,26.9,85,0.0,4.9,97.6,108.7,67.5,48.0,43.2,1251.0
Lajpat Nagar,28.5677,77.2433,2026-09-08 01:00:00,26.5,83,0.0,6.3,98.5,109.9,57.3,46.0,38.7,1217.0
Lajpat Nagar,28.5677,77.2433,2026-09-08 02:00:00,26.0,83,0.0,6.3,96.4,107.8,48.6,46.0,34.6,1155.0
Lajpat Nagar,28.5677,77.2433,2026-09-08 03:00:00,25.6,85,0.0,5.8,88.2,100.8,41.8,48.0,31.3,974.0
Lajpat Nagar,28.5677,77.2433,2026-09-08 04:00:00,25.4,86,0.0,6.1,78.0,92.7,36.3,51.0,28.3,763.0
Lajpat Nagar,28.5677,77.2433,2026-09-08 05:00:00,26.1,79,0.0,6.3,135.5,147.1,85.7,12.0,47.6,635.0
Lajpat Nagar,28.5677,77.2433,2026-09-08 06:00:00,25.9,79,0.0,5.2,112.5,125.3,72.1,34.0,43.2,683.0
Lajpat Nagar,28.5677,77.2433,2026-09-08 07:00:00,26.5,81,0.0,8.9,95.5,108.0,52.9,66.0,37.0,813.0
Lajpat Nagar,28.5677,77.2433,2026-09-08 08:00:00,28.1,76,0.0,7.5,66.6,87.1,36.0,97.0,31.1,855.0
Lajpat Nagar,28.5677,77.2433,2026-09-08 09:00:00,29.5,69,0.0,9.8,47.7,75.9,23.7,129.0,25.8,701.0
Lajpat Nagar,28.5677,77.2433,2026-09-08 10:00:00,30.1,67,0.0,10.5,73.1,358.6,13.7,161.0,20.9,458.0
Lajpat Nagar,28.5677,77.2433,2026-09-08 11:00:00,31.8,62,0.0,10.2,57.4,215.1,6.8,182.0,17.0,277.0
Lajpat Nagar,28.5677,77.2433,2026-09-08 12:00:00,32.4,57,0.0,11.4,48.8,152.3,3.5,187.0,14.7,217.0
Lajpat Nagar,28.5677,77.2433,2026-09-08 13:00:00,31.9,62,1.9,11.4,44.6,123.9,3.4,182.0,13.6,219.0
Lajpat Nagar,28.5677,77.2433,2026-09-08 14:00:00,32.4,62,0.0,10.1,41.2,105.2,5.3,172.0,13.0,259.0
Lajpat Nagar,28.5677,77.2433,2026-09-08 15:00:00,32.6,60,0.0,10.2,45.6,146.7,8.6,158.0,12.5,335.0
Lajpat Nagar,28.5677,77.2433,2026-09-08 16:00:00,32.2,60,0.0,9.6,49.0,153.2,14.0,140.0,12.5,449.0
Lajpat Nagar,28.5677,77.2433,2026-09-08 17:00:00,31.8,64,0.0,6.5,57.7,192.8,24.2,114.0,14.5,581.0
Lajpat Nagar,28.5677,77.2433,2026-09-08 18:00:00,30.8,71,0.0,3.0,64.7,183.9,40.5,89.0,18.5,746.0
Lajpat Nagar,28.5677,77.2433,2026-09-08 19:00:00,30.4,71,0.0,3.1,72.2,181.1,63.0,53.0,24.1,929.0
Lajpat Nagar,28.5677,77.2433,2026-09-08 20:00:00,29.7,74,0.0,4.0,79.9,185.3,79.9,25.0,28.5,1067.0
Lajpat Nagar,28.5677,77.2433,2026-09-08 21:00:00,29.4,77,0.0,3.8,89.2,197.0,86.3,11.0,30.9,1152.0
Lajpat Nagar,28.5677,77.2433,2026-09-08 22:00:00,28.7,80,0.0,4.7,96.9,201.6,87.2,5.0,32.0,1192.0
Lajpat Nagar,28.5677,77.2433,2026-09-08 23:00:00,28.9,81,0.0,7.0,96.9,190.9,84.8,1.0,31.4,1146.0
Lajpat Nagar,28.5677,77.2433,2026-09-09 00:00:00,28.1,81,0.0,6.0,89.9,172.3,79.3,0.0,28.2,951.0
Lajpat Nagar,28.5677,77.2433,2026-09-09 01:00:00,27.5,80,0.0,4.9,81.3,155.1,70.6,2.0,23.2,669.0
Lajpat Nagar,28.5677,77.2433,2026-09-09 02:00:00,27.2,80,0.0,6.2,76.1,187.7,61.3,5.0,18.9,447.0
Lajpat Nagar,28.5677,77.2433,2026-09-09 03:00:00,26.8,81,0.0,6.0,78.0,278.5,51.2,9.0,15.9,340.0
Lajpat Nagar,28.5677,77.2433,2026-09-09 04:00:00,26.4,79,0.0,7.9,84.3,391.2,40.5,14.0,13.5,294.0
Lajpat Nagar,28.5677,77.2433,2026-09-09 05:00:00,27.7,78,0.0,10.0,110.8,713.4,15.6,45.0,8.8,286.0
Lajpat Nagar,28.5677,77.2433,2026-09-09 06:00:00,27.4,74,0.0,10.5,110.1,668.7,17.6,46.0,9.7,339.0
Lajpat Nagar,28.5677,77.2433,2026-09-09 07:00:00,28.1,73,0.0,12.2,116.2,702.2,20.2,49.0,10.9,432.0
Lajpat Nagar,28.5677,77.2433,2026-09-09 08:00:00,29.0,72,0.0,10.4,114.3,644.5,20.6,59.0,11.8,479.0
Lajpat Nagar,28.5677,77.2433,2026-09-09 09:00:00,30.0,68,0.0,12.3,111.8,689.2,16.9,85.0,12.3,431.0
Lajpat Nagar,28.5677,77.2433,2026-09-09 10:00:00,31.1,65,0.0,11.2,118.5,741.3,11.0,119.0,12.5,338.0
Lajpat Nagar,28.5677,77.2433,2026-09-09 11:00:00,32.8,54,0.0,13.5,121.1,746.9,6.6,144.0,12.5,266.0
Lajpat Nagar,28.5677,77.2433,2026-09-09 12:00:00,33.2,53,0.0,11.8,116.9,705.9,4.5,153.0,12.3,228.0
Lajpat Nagar,28.5677,77.2433,2026-09-09 13:00:00,33.6,52,0.0,11.2,109.0,648.2,3.7,154.0,11.8,211.0
Lajpat Nagar,28.5677,77.2433,2026-09-09 14:00:00,33.7,51,0.0,11.4,103.8,614.7,5.4,148.0,11.5,243.0
Lajpat Nagar,28.5677,77.2433,2026-09-09 15:00:00,33.6,50,0.0,11.4,102.4,605.4,9.5,137.0,11.0,332.0
Lajpat Nagar,28.5677,77.2433,2026-09-09 16:00:00,33.0,54,0.0,9.4,108.5,618.4,15.9,121.0,10.7,469.0
Lajpat Nagar,28.5677,77.2433,2026-09-09 17:00:00,33.0,57,0.0,7.0,83.6,402.3,24.8,98.0,11.4,664.0
Lajpat Nagar,28.5677,77.2433,2026-09-09 18:00:00,31.4,64,0.0,4.8,79.6,294.3,43.6,71.0,15.2,993.0
Lajpat Nagar,28.5677,77.2433,2026-09-09 19:00:00,30.6,69,0.0,4.0,85.0,256.1,69.3,34.0,20.6,1378.0
Lajpat Nagar,28.5677,77.2433,2026-09-09 20:00:00,30.0,72,0.0,3.6,93.8,246.8,87.1,7.0,25.5,1595.0
Lajpat Nagar,28.5677,77.2433,2026-09-09 21:00:00,29.1,76,0.0,4.6,103.8,246.8,89.7,0.0,30.0,1513.0
Lajpat Nagar,28.5677,77.2433,2026-09-09 22:00:00,28.6,79,0.0,4.2,110.1,234.2,84.4,0.0,34.0,1264.0
Lajpat Nagar,28.5677,77.2433,2026-09-09 23:00:00,28.9,79,0.0,4.2,109.9,216.1,78.4,0.0,35.8,1012.0
Lajpat Nagar,28.5677,77.2433,2026-09-10 00:00:00,28.2,80,0.0,4.4,107.3,198.4,74.2,0.0,33.8,795.0
Lajpat Nagar,28.5677,77.2433,2026-09-10 01:00:00,27.8,82,0.0,6.1,99.7,170.0,69.3,0.0,29.6,575.0
Lajpat Nagar,28.5677,77.2433,2026-09-10 02:00:00,27.4,82,0.0,5.1,83.1,136.9,63.6,0.0,25.6,411.0
Lajpat Nagar,28.5677,77.2433,2026-09-10 03:00:00,27.2,83,0.0,5.3,74.0,183.5,56.2,3.0,22.4,319.0
Lajpat Nagar,28.5677,77.2433,2026-09-10 04:00:00,26.8,84,0.0,4.9,74.0,263.6,47.9,9.0,19.4,282.0
Lajpat Nagar,28.5677,77.2433,2026-09-10 05:00:00,27.6,79,0.0,6.7,79.2,328.8,40.3,20.0,15.4,308.0
Lajpat Nagar,28.5677,77.2433,2026-09-10 06:00:00,27.1,81,0.0,7.9,81.7,375.3,36.9,28.0,15.1,456.0
Lajpat Nagar,28.5677,77.2433,2026-09-10 07:00:00,27.8,80,0.0,7.7,84.8,407.0,32.0,40.0,14.8,667.0
Lajpat Nagar,28.5677,77.2433,2026-09-10 08:00:00,29.4,73,0.0,8.7,79.9,377.2,26.5,59.0,14.7,771.0
Lajpat Nagar,28.5677,77.2433,2026-09-10 09:00:00,30.7,66,0.0,10.7,80.1,421.9,19.8,91.0,15.1,658.0
Lajpat Nagar,28.5677,77.2433,2026-09-10 10:00:00,31.9,62,0.0,9.8,89.2,493.6,12.6,130.0,15.8,439.0
Lajpat Nagar,28.5677,77.2433,2026-09-10 11:00:00,33.8,52,0.0,10.9,91.5,504.8,7.3,159.0,16.4,273.0
Lajpat Nagar,28.5677,77.2433,2026-09-10 12:00:00,34.2,49,0.0,11.2,67.1,271.9,4.6,172.0,16.6,219.0
Lajpat Nagar,28.5677,77.2433,2026-09-10 13:00:00,34.5,47,0.0,11.0,78.2,386.5,4.0,175.0,16.7,217.0
Lajpat Nagar,28.5677,77.2433,2026-09-10 14:00:00,34.6,46,0.0,10.8,77.3,381.8,6.1,171.0,16.8,254.0
Lajpat Nagar,28.5677,77.2433,2026-09-10 15:00:00,34.2,47,0.0,10.8,76.8,376.3,10.9,159.0,16.4,307.0
Lajpat Nagar,28.5677,77.2433,2026-09-10 16:00:00,33.6,50,0.0,9.5,78.5,361.4,18.4,139.0,16.1,399.0
Lajpat Nagar,28.5677,77.2433,2026-09-10 17:00:00,33.3,51,0.0,9.8,80.3,413.5,23.5,110.0,14.4,574.0
Lajpat Nagar,28.5677,77.2433,2026-09-10 18:00:00,31.5,60,0.0,5.7,84.3,383.7,34.2,91.0,18.7,918.0
Lajpat Nagar,28.5677,77.2433,2026-09-10 19:00:00,30.6,64,0.0,5.0,85.4,317.6,49.2,64.0,24.7,1347.0
Lajpat Nagar,28.5677,77.2433,2026-09-10 20:00:00,30.0,68,0.0,5.1,91.5,334.3,61.3,42.0,29.8,1653.0
Lajpat Nagar,28.5677,77.2433,2026-09-10 21:00:00,29.3,71,0.0,4.7,91.7,287.8,68.7,29.0,33.6,1734.0
Lajpat Nagar,28.5677,77.2433,2026-09-10 22:00:00,29.0,72,0.0,4.4,98.0,278.5,73.3,21.0,36.5,1693.0
Lajpat Nagar,28.5677,77.2433,2026-09-10 23:00:00,29.1,74,0.0,4.2,95.5,245.9,74.1,17.0,37.4,1629.0
Lajpat Nagar,28.5677,77.2433,2026-09-11 00:00:00,28.7,73,0.0,3.4,87.8,202.6,68.7,18.0,34.9,1581.0
Lajpat Nagar,28.5677,77.2433,2026-09-11 01:00:00,27.7,77,0.0,4.9,82.4,176.5,59.5,23.0,30.4,1511.0
Lajpat Nagar,28.5677,77.2433,2026-09-11 02:00:00,26.7,87,0.0,3.1,78.5,157.9,53.0,27.0,27.1,1401.0
Lajpat Nagar,28.5677,77.2433,2026-09-11 03:00:00,26.4,90,0.0,2.3,77.3,147.1,53.0,23.0,26.5,1199.0
Lajpat Nagar,28.5677,77.2433,2026-09-11 04:00:00,26.2,92,0.0,1.4,77.5,139.2,55.7,18.0,27.2,957.0
Lajpat Nagar,28.5677,77.2433,2026-09-11 05:00:00,27.6,87,0.0,1.8,85.2,150.4,67.9,10.0,35.8,817.0
Lajpat Nagar,28.5677,77.2433,2026-09-11 06:00:00,27.3,88,0.0,2.4,88.7,147.6,61.3,31.0,36.9,896.0
Lajpat Nagar,28.5677,77.2433,2026-09-11 07:00:00,28.3,88,0.0,4.0,88.7,128.1,51.8,63.0,38.2,1077.0
Lajpat Nagar,28.5677,77.2433,2026-09-11 08:00:00,29.6,87,0.0,4.2,78.7,126.2,41.6,98.0,38.7,1152.0
Lajpat Nagar,28.5677,77.2433,2026-09-11 09:00:00,30.8,80,0.1,6.9,68.7,135.5,30.0,144.0,37.9,996.0
Lajpat Nagar,28.5677,77.2433,2026-09-11 10:00:00,29.5,78,2.2,8.5,60.3,108.5,17.8,194.0,36.1,733.0
Lajpat Nagar,28.5677,77.2433,2026-09-11 11:00:00,30.4,70,0.4,10.4,56.2,86.6,9.5,223.0,33.3,535.0
Lajpat Nagar,28.5677,77.2433,2026-09-11 12:00:00,31.7,67,0.1,5.2,52.3,71.5,7.5,213.0,28.3,457.0
Lajpat Nagar,28.5677,77.2433,2026-09-11 13:00:00,28.7,80,2.6,14.1,42.0,49.2,9.4,182.0,22.1,444.0
Lajpat Nagar,28.5677,77.2433,2026-09-11 14:00:00,29.3,81,0.7,6.9,33.6,35.6,12.4,154.0,18.4,493.0
Lajpat Nagar,28.5677,77.2433,2026-09-11 15:00:00,30.8,69,0.1,10.3,28.0,28.6,16.0,140.0,19.1,638.0
Lajpat Nagar,28.5677,77.2433,2026-09-11 16:00:00,30.1,71,0.1,8.7,24.4,24.7,20.8,130.0,22.2,846.0
Lajpat Nagar,28.5677,77.2433,2026-09-11 17:00:00,27.5,89,0.0,7.1,18.8,18.8,17.8,120.0,15.8,1016.0
Lajpat Nagar,28.5677,77.2433,2026-09-11 18:00:00,27.1,91,0.3,6.3,22.2,22.2,21.8,107.0,17.1,1120.0
Lajpat Nagar,28.5677,77.2433,2026-09-11 19:00:00,26.9,92,0.0,5.6,22.6,22.6,27.3,89.0,18.9,1186.0
Lajpat Nagar,28.5677,77.2433,2026-09-11 20:00:00,26.9,93,0.0,5.7,21.6,21.6,31.2,74.0,20.2,1196.0
Lajpat Nagar,28.5677,77.2433,2026-09-11 21:00:00,26.9,93,0.0,7.0,20.4,20.4,32.2,65.0,20.6,1124.0
Lajpat Nagar,28.5677,77.2433,2026-09-11 22:00:00,26.6,94,0.0,6.9,20.5,20.5,31.7,60.0,20.6,996.0
Lajpat Nagar,28.5677,77.2433,2026-09-11 23:00:00,27.3,93,0.0,7.8,21.1,21.1,30.6,55.0,20.2,870.0
Lajpat Nagar,28.5677,77.2433,2026-09-12 00:00:00,26.9,93,0.0,7.0,20.5,20.5,28.7,51.0,19.2,760.0
Lajpat Nagar,28.5677,77.2433,2026-09-12 01:00:00,26.9,92,0.0,5.6,19.7,19.8,26.2,49.0,17.9,652.0
Lajpat Nagar,28.5677,77.2433,2026-09-12 02:00:00,26.8,92,0.0,6.7,19.2,19.3,24.4,46.0,17.0,568.0
Lajpat Nagar,28.5677,77.2433,2026-09-12 03:00:00,26.7,92,0.0,4.4,18.9,19.0,23.9,42.0,16.9,503.0
Lajpat Nagar,28.5677,77.2433,2026-09-12 04:00:00,26.1,95,0.6,4.6,18.1,18.3,24.2,37.0,17.2,463.0
Lajpat Nagar,28.5677,77.2433,2026-09-12 05:00:00,27.2,90,0.2,7.1,16.1,16.3,22.3,44.0,18.6,482.0
Lajpat Nagar,28.5677,77.2433,2026-09-12 06:00:00,27.0,92,0.3,8.5,16.1,16.6,26.1,43.0,19.7,627.0
Lajpat Nagar,28.5677,77.2433,2026-09-12 07:00:00,27.4,90,0.3,6.7,17.6,18.2,31.2,43.0,21.2,831.0
Lajpat Nagar,28.5677,77.2433,2026-09-12 08:00:00,28.8,85,0.0,5.1,20.1,20.7,33.3,49.0,22.1,937.0
Lajpat Nagar,28.5677,77.2433,2026-09-12 09:00:00,29.7,81,0.0,4.8,20.3,20.7,29.8,65.0,22.1,845.0
Lajpat Nagar,28.5677,77.2433,2026-09-12 10:00:00,30.8,71,0.1,9.0,19.0,19.1,23.4,86.0,21.5,654.0
Lajpat Nagar,28.5677,77.2433,2026-09-12 11:00:00,30.3,74,2.8,5.4,18.0,18.2,17.7,108.0,20.6,500.0
Lajpat Nagar,28.5677,77.2433,2026-09-12 12:00:00,30.3,74,0.3,7.7,19.2,19.3,13.0,132.0,19.2,424.0
Lajpat Nagar,28.5677,77.2433,2026-09-12 13:00:00,30.2,75,0.6,9.0,20.1,23.6,9.0,156.0,17.5,386.0
Lajpat Nagar,28.5677,77.2433,2026-09-12 14:00:00,30.8,73,0.2,7.9,19.7,20.9,8.1,168.0,16.5,401.0
Lajpat Nagar,28.5677,77.2433,2026-09-12 15:00:00,31.0,71,0.1,8.1,19.9,23.1,12.1,161.0,16.5,502.0
Lajpat Nagar,28.5677,77.2433,2026-09-12 16:00:00,30.7,71,0.1,8.7,20.4,22.5,19.3,143.0,17.1,658.0
Lajpat Nagar,28.5677,77.2433,2026-09-12 17:00:00,30.2,78,0.1,6.9,19.7,20.1,19.8,118.0,14.1,786.0
Lajpat Nagar,28.5677,77.2433,2026-09-12 18:00:00,29.4,83,0.0,4.8,26.9,27.1,35.2,92.0,17.4,864.0
Lajpat Nagar,28.5677,77.2433,2026-09-12 19:00:00,28.9,86,0.0,4.3,36.3,36.6,56.3,55.0,21.9,915.0
Lajpat Nagar,28.5677,77.2433,2026-09-12 20:00:00,28.7,87,0.0,5.0,42.6,43.0,70.2,29.0,25.1,928.0
Lajpat Nagar,28.5677,77.2433,2026-09-12 21:00:00,28.6,86,0.0,6.0,44.2,44.7,70.8,23.0,25.8,888.0
Lajpat Nagar,28.5677,77.2433,2026-09-12 22:00:00,28.4,86,0.0,6.2,42.5,42.8,64.3,27.0,25.1,810.0
Lajpat Nagar,28.5677,77.2433,2026-09-12 23:00:00,28.9,85,0.0,7.1,39.1,39.3,56.3,32.0,23.8,724.0
Lajpat Nagar,28.5677,77.2433,2026-09-13 00:00:00,28.4,86,0.0,6.1,35.2,35.4,47.3,36.0,21.9,630.0
Lajpat Nagar,28.5677,77.2433,2026-09-13 01:00:00,27.9,88,0.0,6.2,31.5,31.8,36.8,42.0,19.5,528.0
Lajpat Nagar,28.5677,77.2433,2026-09-13 02:00:00,27.6,90,0.0,6.7,28.2,28.4,28.5,46.0,17.5,447.0
Lajpat Nagar,28.5677,77.2433,2026-09-13 03:00:00,27.4,90,0.0,7.3,25.1,25.3,24.1,45.0,16.1,397.0
Lajpat Nagar,28.5677,77.2433,2026-09-13 04:00:00,27.1,91,0.0,6.7,22.8,22.8,21.9,42.0,15.1,368.0
Lajpat Nagar,28.5677,77.2433,2026-09-13 05:00:00,27.4,89,0.0,8.3,20.0,20.1,23.2,43.0,18.1,359.0
Lajpat Nagar,28.5677,77.2433,2026-09-13 06:00:00,27.1,90,0.0,8.9,20.3,20.4,21.0,54.0,18.3,386.0
Lajpat Nagar,28.5677,77.2433,2026-09-13 07:00:00,27.9,88,0.0,7.7,21.8,21.8,17.8,70.0,18.5,433.0
Lajpat Nagar,28.5677,77.2433,2026-09-13 08:00:00,29.1,80,0.0,10.0,20.7,20.9,14.5,89.0,18.4,452.0
Lajpat Nagar,28.5677,77.2433,2026-09-13 09:00:00,30.1,72,0.0,10.1,22.1,24.3,11.0,114.0,17.7,413.0
Lajpat Nagar,28.5677,77.2433,2026-09-13 10:00:00,31.1,67,0.0,10.3,23.6,26.7,7.4,142.0,16.7,347.0
Lajpat Nagar,28.5677,77.2433,2026-09-13 11:00:00,32.2,61,0.0,10.3,24.9,35.6,4.8,163.0,15.8,297.0
Lajpat Nagar,28.5677,77.2433,2026-09-13 12:00:00,32.5,58,0.1,10.5,24.7,29.5,3.6,171.0,15.1,276.0
Lajpat Nagar,28.5677,77.2433,2026-09-13 13:00:00,32.7,57,0.2,10.1,24.4,27.8,3.4,172.0,14.5,272.0
Lajpat Nagar,28.5677,77.2433,2026-09-13 14:00:00,32.8,57,0.3,10.1,24.1,26.4,4.6,168.0,14.4,286.0
Lajpat Nagar,28.5677,77.2433,2026-09-13 15:00:00,32.7,57,0.2,8.8,23.6,25.2,7.7,159.0,15.0,329.0
Lajpat Nagar,28.5677,77.2433,2026-09-13 16:00:00,32.1,61,0.1,9.2,23.6,24.8,12.1,146.0,16.1,391.0
Lajpat Nagar,28.5677,77.2433,2026-09-13 17:00:00,32.0,61,0.0,7.4,22.6,24.0,13.2,124.0,14.3,443.0
Lajpat Nagar,28.5677,77.2433,2026-09-13 18:00:00,30.0,71,0.1,7.0,28.0,29.7,17.9,109.0,16.6,477.0
Lajpat Nagar,28.5677,77.2433,2026-09-13 19:00:00,29.0,78,0.0,6.4,30.6,31.5,24.3,89.0,19.6,501.0
Lajpat Nagar,28.5677,77.2433,2026-09-13 20:00:00,28.5,81,0.0,6.9,29.3,30.7,27.8,75.0,21.3,507.0
Lajpat Nagar,28.5677,77.2433,2026-09-13 21:00:00,28.2,83,0.0,7.9,26.4,28.2,25.8,73.0,20.3,486.0
Lajpat Nagar,28.5677,77.2433,2026-09-13 22:00:00,27.8,85,0.0,7.8,23.6,25.2,21.0,78.0,18.0,446.0
Lajpat Nagar,28.5677,77.2433,2026-09-13 23:00:00,28.3,83,0.0,9.4,21.8,25.6,17.2,80.0,16.2,405.0
Lajpat Nagar,28.5677,77.2433,2026-09-14 00:00:00,27.7,86,0.0,9.2,20.5,26.3,15.8,77.0,15.7,363.0
Lajpat Nagar,28.5677,77.2433,2026-09-14 01:00:00,27.3,88,0.0,8.8,19.7,26.0,15.4,72.0,15.6,320.0
Lajpat Nagar,28.5677,77.2433,2026-09-14 02:00:00,27.0,90,0.0,8.7,23.7,73.3,15.3,66.0,15.8,288.0
Lajpat Nagar,28.5677,77.2433,2026-09-14 03:00:00,26.7,92,0.0,8.8,26.5,96.4,15.5,59.0,16.1,268.0
Lajpat Nagar,28.5677,77.2433,2026-09-14 04:00:00,26.1,93,0.2,8.8,28.1,106.2,16.1,52.0,16.7,260.0
Lajpat Nagar,28.5677,77.2433,2026-09-14 05:00:00,26.6,93,0.3,8.0,18.8,24.7,16.5,53.0,19.4,278.0
Lajpat Nagar,28.5677,77.2433,2026-09-14 06:00:00,26.5,94,0.0,8.2,20.4,26.0,17.1,57.0,20.1,348.0
Lajpat Nagar,28.5677,77.2433,2026-09-14 07:00:00,27.4,89,0.0,9.0,23.0,44.9,17.7,64.0,21.1,445.0
Lajpat Nagar,28.5677,77.2433,2026-09-14 08:00:00,28.3,84,0.2,11.1,23.2,44.7,17.1,78.0,21.5,501.0
Lajpat Nagar,28.5677,77.2433,2026-09-14 09:00:00,29.5,76,0.1,10.1,21.9,29.9,13.9,104.0,21.0,478.0
Lajpat Nagar,28.5677,77.2433,2026-09-14 10:00:00,30.4,72,0.4,10.7,21.0,24.9,9.4,137.0,19.9,415.0
Lajpat Nagar,28.5677,77.2433,2026-09-14 11:00:00,30.3,70,0.1,8.5,21.9,24.0,6.1,162.0,18.8,366.0
Lajpat Nagar,28.5677,77.2433,2026-09-14 12:00:00,31.8,64,0.3,10.0,23.1,24.4,4.5,175.0,17.6,342.0
Lajpat Nagar,28.5677,77.2433,2026-09-14 13:00:00,32.2,63,0.1,10.2,25.4,26.6,4.0,181.0,16.4,331.0
Lajpat Nagar,28.5677,77.2433,2026-09-14 14:00:00,31.7,64,0.2,9.4,25.8,29.2,5.2,181.0,16.0,352.0
Lajpat Nagar,28.5677,77.2433,2026-09-14 15:00:00,31.3,67,0.3,8.3,28.3,31.8,8.4,175.0,17.0,427.0
Lajpat Nagar,28.5677,77.2433,2026-09-14 16:00:00,31.1,68,0.1,7.7,28.9,30.7,13.3,162.0,18.7,534.0
Lajpat Nagar,28.5677,77.2433,2026-09-14 17:00:00,31.4,63,0.1,6.5,41.7,43.2,17.4,140.0,18.5,629.0
Lajpat Nagar,28.5677,77.2433,2026-09-14 18:00:00,30.8,66,0.1,4.4,46.8,48.1,27.1,116.0,20.8,707.0
Lajpat Nagar,28.5677,77.2433,2026-09-14 19:00:00,30.0,71,0.0,5.9,54.0,55.1,40.3,84.0,23.8,773.0
Lajpat Nagar,28.5677,77.2433,2026-09-14 20:00:00,29.3,76,0.0,7.4,57.5,58.4,48.3,61.0,25.9,792.0
Lajpat Nagar,28.5677,77.2433,2026-09-14 21:00:00,28.6,78,0.0,7.8,55.9,56.8,46.4,56.0,26.1,734.0
Lajpat Nagar,28.5677,77.2433,2026-09-14 22:00:00,26.1,89,1.3,11.3,53.8,54.7,39.4,61.0,25.2,628.0
Lajpat Nagar,28.5677,77.2433,2026-09-14 23:00:00,27.7,83,0.8,8.8,49.8,50.6,33.0,65.0,24.0,532.0
Lajpat Nagar,28.5677,77.2433,2026-09-15 00:00:00,26.8,86,0.0,7.9,46.4,47.3,28.8,65.0,22.5,460.0
Lajpat Nagar,28.5677,77.2433,2026-09-15 01:00:00,26.4,88,0.0,7.5,44.4,45.1,25.2,64.0,20.7,397.0
Lajpat Nagar,28.5677,77.2433,2026-09-15 02:00:00,26.1,90,0.0,7.1,42.7,43.4,22.6,63.0,19.3,356.0
Lajpat Nagar,28.5677,77.2433,2026-09-15 03:00:00,26.0,90,0.0,6.9,41.2,41.9,21.5,60.0,18.8,337.0
Lajpat Nagar,28.5677,77.2433,2026-09-15 04:00:00,25.8,91,0.0,6.4,40.7,41.3,21.4,56.0,18.7,341.0
Lajpat Nagar,28.5677,77.2433,2026-09-15 05:00:00,26.0,90,0.0,6.0,36.9,37.5,19.9,62.0,19.3,378.0
Lajpat Nagar,28.5677,77.2433,2026-09-15 06:00:00,25.9,90,0.0,4.3,41.4,42.0,21.3,66.0,20.7,489.0
Lajpat Nagar,28.5677,77.2433,2026-09-15 07:00:00,27.0,85,0.0,3.1,42.4,43.0,23.1,74.0,22.7,634.0
Lajpat Nagar,28.5677,77.2433,2026-09-15 08:00:00,28.8,77,0.0,5.2,38.9,39.7,22.8,87.0,23.7,704.0
Lajpat Nagar,28.5677,77.2433,2026-09-15 09:00:00,30.5,69,0.0,6.3,33.9,34.8,18.5,112.0,23.0,626.0
Lajpat Nagar,28.5677,77.2433,2026-09-15 10:00:00,31.7,62,0.2,8.4,29.3,30.3,12.2,144.0,21.4,472.0
Lajpat Nagar,28.5677,77.2433,2026-09-15 11:00:00,32.9,52,0.2,8.4,28.3,29.3,7.4,169.0,19.8,356.0
Lajpat Nagar,28.5677,77.2433,2026-09-15 12:00:00,29.2,65,0.6,9.7,28.6,29.6,5.0,183.0,18.3,319.0
Lajpat Nagar,28.5677,77.2433,2026-09-15 13:00:00,31.5,59,0.1,4.1,29.6,30.7,4.1,190.0,16.8,320.0
Lajpat Nagar,28.5677,77.2433,2026-09-15 14:00:00,32.4,57,0.0,4.6,30.3,31.3,5.4,190.0,16.0,342.0
Lajpat Nagar,28.5677,77.2433,2026-09-15 15:00:00,32.6,57,0.0,3.1,29.3,30.4,9.7,179.0,16.0,372.0
Lajpat Nagar,28.5677,77.2433,2026-09-15 16:00:00,32.5,57,0.0,0.9,29.9,31.0,16.3,161.0,16.6,424.0
Lajpat Nagar,28.5677,77.2433,2026-09-15 17:00:00,32.6,54,0.0,2.4,41.1,43.2,16.6,148.0,17.1,521.0
Lajpat Nagar,28.5677,77.2433,2026-09-15 18:00:00,32.3,54,0.0,2.1,55.4,57.3,23.9,129.0,18.8,723.0
Lajpat Nagar,28.5677,77.2433,2026-09-15 19:00:00,31.3,58,0.0,3.6,59.6,61.2,33.9,102.0,21.1,970.0
Lajpat Nagar,28.5677,77.2433,2026-09-15 20:00:00,30.6,64,0.0,4.9,53.0,54.2,41.1,79.0,22.8,1104.0
Lajpat Nagar,28.5677,77.2433,2026-09-15 21:00:00,30.0,69,0.0,5.0,51.7,52.7,41.8,66.0,23.3,1025.0
Lajpat Nagar,28.5677,77.2433,2026-09-15 22:00:00,29.5,74,0.0,3.8,49.0,49.9,39.6,58.0,23.3,834.0
Lajpat Nagar,28.5677,77.2433,2026-09-15 23:00:00,30.1,72,0.0,5.5,45.1,45.9,39.7,49.0,23.4,672.0
Lajpat Nagar,28.5677,77.2433,2026-09-16 00:00:00,29.2,77,0.0,2.5,45.4,46.1,45.4,37.0,23.9,591.0
Lajpat Nagar,28.5677,77.2433,2026-09-16 01:00:00,28.8,80,0.0,2.3,48.7,49.2,53.4,25.0,24.5,540.0
Lajpat Nagar,28.5677,77.2433,2026-09-16 02:00:00,28.5,82,0.0,1.8,52.4,53.0,59.2,15.0,25.0,506.0
Lajpat Nagar,28.5677,77.2433,2026-09-16 03:00:00,28.3,84,0.0,0.8,54.1,54.7,61.3,7.0,25.1,479.0
Lajpat Nagar,28.5677,77.2433,2026-09-16 04:00:00,28.1,84,0.0,0.3,53.3,53.7,61.1,1.0,25.0,469.0
Lajpat Nagar,28.5677,77.2433,2026-09-16 05:00:00,28.3,87,0.0,1.8,37.0,37.3,45.1,17.0,24.8,498.0
Lajpat Nagar,28.5677,77.2433,2026-09-16 06:00:00,27.9,89,0.0,2.1,44.9,45.5,44.4,26.0,28.1,613.0
Lajpat Nagar,28.5677,77.2433,2026-09-16 07:00:00,28.8,83,0.0,2.2,47.5,48.0,43.1,40.0,32.5,767.0
Lajpat Nagar,28.5677,77.2433,2026-09-16 08:00:00,30.4,73,0.0,2.9,36.3,36.8,39.0,64.0,34.3,838.0
Lajpat Nagar,28.5677,77.2433,2026-09-16 09:00:00,31.9,64,0.0,3.3,29.7,30.2,29.4,107.0,31.3,744.0
Lajpat Nagar,28.5677,77.2433,2026-09-16 10:00:00,33.0,59,0.0,3.1,30.5,31.5,17.0,161.0,25.8,568.0
Lajpat Nagar,28.5677,77.2433,2026-09-16 11:00:00,34.3,49,0.1,4.2,33.3,34.8,7.8,201.0,21.2,436.0
Lajpat Nagar,28.5677,77.2433,2026-09-16 12:00:00,34.5,49,0.2,4.4,34.9,36.8,4.3,219.0,18.8,399.0
Lajpat Nagar,28.5677,77.2433,2026-09-16 13:00:00,35.1,47,0.0,3.9,36.4,38.8,4.0,223.0,17.3,405.0
Lajpat Nagar,28.5677,77.2433,2026-09-16 14:00:00,35.3,46,0.0,4.8,38.1,43.5,5.7,219.0,16.1,426.0
Lajpat Nagar,28.5677,77.2433,2026-09-16 15:00:00,35.3,46,0.0,6.3,38.4,45.8,8.3,206.0,14.7,411.0
Lajpat Nagar,28.5677,77.2433,2026-09-16 16:00:00,34.8,46,0.0,7.8,37.5,42.3,12.9,184.0,13.7,412.0
Lajpat Nagar,28.5677,77.2433,2026-09-16 17:00:00,33.8,49,0.0,3.1,38.4,42.4,25.3,175.0,17.3,554.0
Lajpat Nagar,28.5677,77.2433,2026-09-16 18:00:00,33.2,48,0.0,4.8,49.8,53.2,43.7,137.0,19.8,992.0
Lajpat Nagar,28.5677,77.2433,2026-09-16 19:00:00,32.4,51,0.0,4.2,64.3,67.3,69.0,84.0,23.3,1571.0
Lajpat Nagar,28.5677,77.2433,2026-09-16 20:00:00,31.7,54,0.0,3.2,71.7,74.3,86.7,43.0,26.1,1958.0
Lajpat Nagar,28.5677,77.2433,2026-09-16 21:00:00,31.0,58,0.0,2.1,68.9,71.2,89.8,27.0,27.7,2010.0
Lajpat Nagar,28.5677,77.2433,2026-09-16 22:00:00,30.5,61,0.0,2.7,72.9,75.4,85.3,23.0,28.7,1869.0
Lajpat Nagar,28.5677,77.2433,2026-09-16 23:00:00,30.7,62,0.0,2.7,77.3,80.3,80.4,21.0,28.9,1630.0
Lajpat Nagar,28.5677,77.2433,2026-09-17 00:00:00,29.6,70,0.0,3.6,76.8,80.6,77.0,18.0,27.9,1243.0
Lajpat Nagar,28.5677,77.2433,2026-09-17 01:00:00,29.1,75,0.0,2.5,72.4,76.4,73.2,17.0,26.2,759.0
Lajpat Nagar,28.5677,77.2433,2026-09-17 02:00:00,28.2,79,0.0,1.7,67.5,71.5,69.7,16.0,25.1,420.0
Lajpat Nagar,28.5677,77.2433,2026-09-17 03:00:00,24.5,93,1.5,3.5,65.7,69.4,67.6,12.0,25.0,352.0
Lajpat Nagar,28.5677,77.2433,2026-09-17 04:00:00,24.6,94,0.2,7.9,64.5,68.2,65.9,8.0,25.5,429.0
Lajpat Nagar,28.5677,77.2433,2026-09-17 05:00:00,25.9,94,0.0,11.0,46.0,48.8,26.5,82.0,30.9,523.0
Lajpat Nagar,28.5677,77.2433,2026-09-17 06:00:00,24.5,91,0.0,7.0,48.7,51.0,28.7,86.0,33.2,616.0
Lajpat Nagar,28.5677,77.2433,2026-09-17 07:00:00,25.5,81,0.0,6.3,51.0,53.3,31.5,94.0,36.2,724.0
Lajpat Nagar,28.5677,77.2433,2026-09-17 08:00:00,27.0,75,0.0,7.1,51.8,55.3,31.4,114.0,38.0,771.0
Lajpat Nagar,28.5677,77.2433,2026-09-17 09:00:00,28.3,71,0.0,2.3,51.7,56.3,25.5,156.0,37.6,697.0
Lajpat Nagar,28.5677,77.2433,2026-09-17 10:00:00,30.4,61,0.0,4.9,50.6,58.0,16.7,209.0,36.0,561.0
Lajpat Nagar,28.5677,77.2433,2026-09-17 11:00:00,29.6,66,0.0,13.2,50.8,59.8,9.9,250.0,34.0,460.0
Lajpat Nagar,28.5677,77.2433,2026-09-17 12:00:00,30.4,64,0.2,5.6,51.3,64.5,6.8,272.0,31.8,432.0
Lajpat Nagar,28.5677,77.2433,2026-09-17 13:00:00,32.2,57,0.0,6.6,51.0,59.4,5.8,281.0,29.3,438.0
Lajpat Nagar,28.5677,77.2433,2026-09-17 14:00:00,32.7,55,0.0,1.4,51.2,59.8,7.0,277.0,26.6,460.0
Lajpat Nagar,28.5677,77.2433,2026-09-17 15:00:00,32.4,53,0.2,2.7,50.4,59.4,10.9,253.0,23.3,501.0
Lajpat Nagar,28.5677,77.2433,2026-09-17 16:00:00,32.7,49,0.0,4.7,47.8,56.9,16.9,215.0,19.7,558.0
Lajpat Nagar,28.5677,77.2433,2026-09-17 17:00:00,33.4,46,0.0,5.8,53.0,68.7,22.2,138.0,17.3,603.0
Lajpat Nagar,28.5677,77.2433,2026-09-17 18:00:00,32.6,47,0.0,7.0,53.3,63.8,23.7,131.0,17.8,627.0
Lajpat Nagar,28.5677,77.2433,2026-09-17 19:00:00,32.1,49,0.0,5.6,51.6,59.1,25.7,121.0,18.5,639.0
Lajpat Nagar,28.5677,77.2433,2026-09-17 20:00:00,31.8,52,0.0,4.3,48.7,54.6,26.7,114.0,18.7,636.0
Lajpat Nagar,28.5677,77.2433,2026-09-17 21:00:00,31.2,56,0.0,3.8,44.6,49.9,25.6,112.0,18.1,610.0
Lajpat Nagar,28.5677,77.2433,2026-09-17 22:00:00,30.2,61,0.0,6.2,40.3,43.1,23.5,112.0,17.1,570.0
Lajpat Nagar,28.5677,77.2433,2026-09-17 23:00:00,29.1,64,0.0,11.3,35.6,37.7,21.8,110.0,16.4,541.0
Lajpat Nagar,28.5677,77.2433,2026-09-18 00:00:00,27.5,69,0.0,10.6,32.2,34.6,21.1,103.0,16.2,536.0
Lajpat Nagar,28.5677,77.2433,2026-09-18 01:00:00,26.6,74,0.0,9.9,31.0,34.6,20.9,94.0,16.2,542.0
Lajpat Nagar,28.5677,77.2433,2026-09-18 02:00:00,26.2,77,0.0,7.7,29.9,34.8,21.3,86.0,16.7,545.0
Lajpat Nagar,28.5677,77.2433,2026-09-18 03:00:00,25.8,81,0.0,7.4,29.6,35.0,22.7,77.0,17.6,530.0
Lajpat Nagar,28.5677,77.2433,2026-09-18 04:00:00,25.6,79,0.0,7.6,30.6,36.1,24.8,68.0,18.9,513.0
Lajpat Nagar,28.5677,77.2433,2026-09-18 05:00:00,26.0,77,0.0,8.8,25.1,29.5,17.9,85.0,16.0,522.0
Lajpat Nagar,28.5677,77.2433,2026-09-18 06:00:00,25.6,81,0.0,7.6,26.7,31.1,19.3,89.0,17.4,598.0
Lajpat Nagar,28.5677,77.2433,2026-09-18 07:00:00,26.3,80,0.0,6.5,29.1,33.2,21.0,95.0,19.4,701.0
Lajpat Nagar,28.5677,77.2433,2026-09-18 08:00:00,27.8,76,0.0,7.3,26.1,30.9,20.9,107.0,20.4,741.0
Lajpat Nagar,28.5677,77.2433,2026-09-18 09:00:00,29.6,64,0.0,9.5,25.2,51.9,17.1,132.0,19.7,654.0
Lajpat Nagar,28.5677,77.2433,2026-09-18 10:00:00,31.0,57,0.0,9.2,26.4,66.4,11.4,162.0,18.2,503.0
Lajpat Nagar,28.5677,77.2433,2026-09-18 11:00:00,33.1,44,0.1,9.7,23.5,38.5,7.0,186.0,16.5,393.0
Lajpat Nagar,28.5677,77.2433,2026-09-18 12:00:00,29.1,60,1.5,7.1,22.9,34.3,4.9,198.0,14.9,359.0
Lajpat Nagar,28.5677,77.2433,2026-09-18 13:00:00,31.4,52,0.0,6.4,22.9,32.8,4.0,203.0,13.2,365.0
Lajpat Nagar,28.5677,77.2433,2026-09-18 14:00:00,31.8,52,0.0,7.4,24.7,36.2,5.1,200.0,12.0,407.0
Lajpat Nagar,28.5677,77.2433,2026-09-18 15:00:00,32.0,50,0.0,5.9,23.5,33.2,8.4,186.0,11.4,470.0
Lajpat Nagar,28.5677,77.2433,2026-09-18 16:00:00,31.8,51,0.0,5.1,24.2,34.8,13.5,163.0,11.3,568.0
Lajpat Nagar,28.5677,77.2433,2026-09-18 17:00:00,31.5,59,0.0,4.0,26.4,39.1,17.5,181.0,18.9,739.0
Lajpat Nagar,28.5677,77.2433,2026-09-18 18:00:00,30.7,68,0.0,0.8,38.9,49.7,33.5,143.0,20.7,1047.0
Lajpat Nagar,28.5677,77.2433,2026-09-18 19:00:00,30.1,70,0.0,1.0,50.2,60.8,55.4,90.0,23.2,1427.0
Lajpat Nagar,28.5677,77.2433,2026-09-18 20:00:00,29.6,73,0.0,0.6,51.5,60.3,70.9,50.0,24.8,1726.0
Lajpat Nagar,28.5677,77.2433,2026-09-18 21:00:00,28.8,78,0.0,1.1,53.0,61.7,73.9,34.0,24.8,1888.0
Lajpat Nagar,28.5677,77.2433,2026-09-18 22:00:00,28.2,82,0.0,2.5,53.7,62.9,70.5,30.0,23.9,1969.0
Lajpat Nagar,28.5677,77.2433,2026-09-18 23:00:00,28.9,79,0.0,3.1,51.3,61.9,66.6,28.0,23.1,1981.0
Lajpat Nagar,28.5677,77.2433,2026-09-19 00:00:00,27.8,84,0.0,3.2,49.1,61.7,63.4,26.0,22.7,1897.0
Lajpat Nagar,28.5677,77.2433,2026-09-19 01:00:00,27.2,88,0.0,3.2,49.8,63.6,59.7,27.0,22.5,1744.0
Lajpat Nagar,28.5677,77.2433,2026-09-19 02:00:00,27.0,88,0.0,1.4,51.9,66.6,57.5,26.0,22.5,1616.0
Lajpat Nagar,28.5677,77.2433,2026-09-19 03:00:00,26.4,89,0.0,2.0,54.4,69.8,58.8,19.0,22.7,1558.0
Lajpat Nagar,28.5677,77.2433,2026-09-19 04:00:00,25.9,91,0.0,3.3,56.8,73.3,61.5,10.0,23.2,1525.0
Lajpat Nagar,28.5677,77.2433,2026-09-19 05:00:00,25.6,90,0.0,2.5,73.3,102.9,79.9,11.0,43.0,1470.0
Lajpat Nagar,28.5677,77.2433,2026-09-19 06:00:00,25.4,89,0.0,3.4,83.6,114.1,71.2,31.0,45.5,1379.0
Lajpat Nagar,28.5677,77.2433,2026-09-19 07:00:00,26.5,85,0.0,3.4,86.8,115.9,58.9,60.0,48.7,1267.0
Lajpat Nagar,28.5677,77.2433,2026-09-19 08:00:00,28.4,75,0.0,2.8,66.8,110.4,46.4,94.0,50.2,1129.0
Lajpat Nagar,28.5677,77.2433,2026-09-19 09:00:00,29.9,64,0.0,3.9,48.8,100.4,33.9,135.0,48.4,937.0
Lajpat Nagar,28.5677,77.2433,2026-09-19 10:00:00,30.9,57,0.0,4.3,45.5,90.8,21.3,180.0,44.8,719.0
Lajpat Nagar,28.5677,77.2433,2026-09-19 11:00:00,32.2,53,0.0,5.4,48.7,100.1,12.0,217.0,41.4,561.0
Lajpat Nagar,28.5677,77.2433,2026-09-19 12:00:00,32.6,50,0.0,5.9,51.8,104.3,7.3,242.0,38.5,493.0
Lajpat Nagar,28.5677,77.2433,2026-09-19 13:00:00,33.0,46,0.0,5.4,54.7,108.0,6.0,259.0,35.8,485.0
Lajpat Nagar,28.5677,77.2433,2026-09-19 14:00:00,33.2,43,0.0,5.4,55.4,105.9,7.8,265.0,34.0,527.0
Lajpat Nagar,28.5677,77.2433,2026-09-19 15:00:00,33.2,43,0.0,4.9,55.9,103.4,11.6,258.0,33.2,641.0
Lajpat Nagar,28.5677,77.2433,2026-09-19 16:00:00,32.7,45,0.0,4.9,56.6,99.0,18.5,240.0,33.3,806.0
Lajpat Nagar,28.5677,77.2433,2026-09-19 17:00:00,32.4,46,0.0,3.8,70.5,125.7,29.8,191.0,32.5,950.0
Lajpat Nagar,28.5677,77.2433,2026-09-19 18:00:00,31.0,58,0.0,2.4,81.5,129.0,53.8,147.0,36.1,1027.0
Lajpat Nagar,28.5677,77.2433,2026-09-19 19:00:00,30.3,62,0.0,1.5,94.5,138.3,86.4,86.0,41.0,1083.0
Lajpat Nagar,28.5677,77.2433,2026-09-19 20:00:00,29.3,67,0.0,3.5,104.5,144.8,107.8,40.0,44.0,1181.0
Lajpat Nagar,28.5677,77.2433,2026-09-19 21:00:00,28.3,73,0.0,3.2,112.2,150.4,107.4,25.0,43.5,1377.0
Lajpat Nagar,28.5677,77.2433,2026-09-19 22:00:00,27.6,77,0.0,3.3,113.4,148.1,95.8,24.0,41.2,1614.0
Lajpat Nagar,28.5677,77.2433,2026-09-19 23:00:00,27.6,82,0.0,2.3,106.6,136.0,84.3,26.0,38.3,1787.0
Lajpat Nagar,28.5677,77.2433,2026-09-20 00:00:00,27.0,83,0.0,2.0,99.2,124.8,75.8,26.0,34.9,1840.0
Lajpat Nagar,28.5677,77.2433,2026-09-20 01:00:00,26.5,85,0.0,1.7,94.8,117.6,67.5,28.0,30.9,1828.0
Lajpat Nagar,28.5677,77.2433,2026-09-20 02:00:00,26.0,88,0.0,1.7,92.2,113.2,62.4,28.0,28.1,1816.0
Lajpat Nagar,28.5677,77.2433,2026-09-20 03:00:00,25.6,90,0.0,1.2,92.7,113.4,63.6,21.0,27.2,1839.0
Lajpat Nagar,28.5677,77.2433,2026-09-20 04:00:00,25.2,93,0.0,1.3,95.9,116.4,68.0,12.0,27.4,1862.0
Lajpat Nagar,28.5677,77.2433,2026-09-20 05:00:00,26.0,92,0.0,1.5,92.0,107.1,69.6,5.0,25.6,1841.0
Lajpat Nagar,28.5677,77.2433,2026-09-20 06:00:00,25.7,93,0.0,1.5,94.1,108.5,60.3,28.0,27.5,1767.0
Lajpat Nagar,28.5677,77.2433,2026-09-20 07:00:00,26.7,88,0.0,1.8,92.7,104.5,47.1,61.0,30.2,1649.0
Lajpat Nagar,28.5677,77.2433,2026-09-20 08:00:00,28.5,79,0.0,1.8,72.6,92.2,34.8,97.0,32.2,1474.0
Lajpat Nagar,28.5677,77.2433,2026-09-20 09:00:00,30.5,67,0.0,2.5,62.4,99.2,24.3,138.0,33.0,1187.0
Lajpat Nagar,28.5677,77.2433,2026-09-20 10:00:00,31.9,55,0.0,3.3,56.2,97.1,14.7,181.0,33.1,843.0
Lajpat Nagar,28.5677,77.2433,2026-09-20 11:00:00,33.1,47,0.0,3.3,55.1,104.5,7.8,215.0,32.5,587.0
Lajpat Nagar,28.5677,77.2433,2026-09-20 12:00:00,33.6,45,0.0,2.9,55.5,99.0,4.6,234.0,30.9,499.0
Lajpat Nagar,28.5677,77.2433,2026-09-20 13:00:00,34.0,43,0.0,2.5,56.5,99.0,4.2,242.0,28.6,499.0
Lajpat Nagar,28.5677,77.2433,2026-09-20 14:00:00,34.2,42,0.0,2.0,56.9,103.8,5.6,242.0,26.9,502.0
Lajpat Nagar,28.5677,77.2433,2026-09-20 15:00:00,34.0,42,0.0,3.2,57.2,98.3,8.2,233.0,25.9,461.0
Lajpat Nagar,28.5677,77.2433,2026-09-20 16:00:00,33.5,44,0.0,4.3,57.4,93.6,12.7,216.0,25.4,422.0
Lajpat Nagar,28.5677,77.2433,2026-09-20 17:00:00,32.9,47,0.1,5.3,64.5,99.4,19.3,178.0,23.7,434.0
Lajpat Nagar,28.5677,77.2433,2026-09-20 18:00:00,31.3,57,0.0,3.2,71.5,103.8,26.9,150.0,24.8,511.0
Lajpat Nagar,28.5677,77.2433,2026-09-20 19:00:00,30.5,60,0.0,3.3,76.6,106.4,37.7,110.0,26.4,639.0
Lajpat Nagar,28.5677,77.2433,2026-09-20 20:00:00,30.1,64,0.0,2.4,78.9,104.8,47.5,77.0,27.9,820.0
Lajpat Nagar,28.5677,77.2433,2026-09-20 21:00:00,29.7,65,0.0,1.6,81.7,106.2,54.9,56.0,29.2,1102.0
Lajpat Nagar,28.5677,77.2433,2026-09-20 22:00:00,29.2,68,0.0,1.4,89.2,113.9,61.4,41.0,30.5,1436.0
Lajpat Nagar,28.5677,77.2433,2026-09-20 23:00:00,29.0,70,0.0,2.8,97.6,122.9,67.0,29.0,31.7,1682.0
Lajpat Nagar,28.5677,77.2433,2026-09-21 00:00:00,27.9,73,0.0,3.2,103.6,130.4,72.0,21.0,32.7,1787.0
Lajpat Nagar,28.5677,77.2433,2026-09-21 01:00:00,27.2,76,0.0,3.0,109.0,136.4,76.1,16.0,33.7,1803.0
Lajpat Nagar,28.5677,77.2433,2026-09-21 02:00:00,26.7,78,0.0,2.3,112.7,140.6,79.2,13.0,35.0,1742.0
Lajpat Nagar,28.5677,77.2433,2026-09-21 03:00:00,26.4,78,0.0,1.9,115.0,143.0,82.2,6.0,36.7,1550.0
Lajpat Nagar,28.5677,77.2433,2026-09-21 04:00:00,26.0,79,0.0,2.0,117.3,144.8,84.0,0.0,38.6,1280.0
Lajpat Nagar,28.5677,77.2433,2026-09-21 05:00:00,26.6,83,0.0,1.7,57.3,72.4,30.8,44.0,25.0,1105.0
Lajpat Nagar,28.5677,77.2433,2026-09-21 06:00:00,26.2,84,0.0,1.7,60.5,75.2,35.1,53.0,27.3,1151.0
Lajpat Nagar,28.5677,77.2433,2026-09-21 07:00:00,27.0,81,0.0,2.1,65.7,77.3,40.7,67.0,30.7,1291.0
Lajpat Nagar,28.5677,77.2433,2026-09-21 08:00:00,28.8,71,0.0,1.5,63.1,75.9,41.8,92.0,34.8,1316.0
Lajpat Nagar,28.5677,77.2433,2026-09-21 09:00:00,30.9,59,0.0,2.0,58.1,79.2,34.3,139.0,41.1,1090.0
Lajpat Nagar,28.5677,77.2433,2026-09-21 10:00:00,32.2,50,0.0,3.8,58.8,92.7,22.3,198.0,48.1,749.0
Lajpat Nagar,28.5677,77.2433,2026-09-21 11:00:00,33.1,46,0.0,4.8,64.3,108.5,12.9,244.0,51.6,497.0
Lajpat Nagar,28.5677,77.2433,2026-09-21 12:00:00,33.4,45,0.0,4.1,66.4,116.9,8.2,270.0,48.6,425.0
Lajpat Nagar,28.5677,77.2433,2026-09-21 13:00:00,33.8,43,0.0,3.9,67.1,119.7,6.1,284.0,42.1,441.0
Lajpat Nagar,28.5677,77.2433,2026-09-21 14:00:00,33.9,43,0.0,4.5,66.8,114.6,7.2,285.0,36.8,470.0
Lajpat Nagar,28.5677,77.2433,2026-09-21 15:00:00,33.5,44,0.0,6.2,67.1,113.9,12.8,270.0,34.2,470.0
Lajpat Nagar,28.5677,77.2433,2026-09-21 16:00:00,32.9,46,0.0,6.5,69.2,109.4,21.6,243.0,32.8,483.0
Lajpat Nagar,28.5677,77.2433,2026-09-21 17:00:00,32.7,47,0.0,8.1,76.1,110.1,27.4,239.0,38.0,563.0
Lajpat Nagar,28.5677,77.2433,2026-09-21 18:00:00,31.8,50,0.0,7.0,89.2,119.2,41.7,198.0,41.5,771.0
Lajpat Nagar,28.5677,77.2433,2026-09-21 19:00:00,31.1,54,0.0,6.5,99.0,128.1,61.7,141.0,46.4,1046.0
Lajpat Nagar,28.5677,77.2433,2026-09-21 20:00:00,30.1,60,0.0,3.8,102.9,130.4,79.0,92.0,50.9,1261.0
Lajpat Nagar,28.5677,77.2433,2026-09-21 21:00:00,29.5,64,0.0,3.1,108.5,134.6,91.0,62.0,54.5,1375.0
Lajpat Nagar,28.5677,77.2433,2026-09-21 22:00:00,29.0,66,0.0,2.6,121.5,148.5,100.3,41.0,57.6,1428.0
Lajpat Nagar,28.5677,77.2433,2026-09-21 23:00:00,29.1,70,0.0,1.3,131.8,160.7,106.8,25.0,59.4,1419.0
Lajpat Nagar,28.5677,77.2433,2026-09-22 00:00:00,28.4,69,0.0,0.8,136.4,167.2,109.7,15.0,59.1,1316.0
Lajpat Nagar,28.5677,77.2433,2026-09-22 01:00:00,27.7,73,0.0,1.4,137.8,170.0,109.7,10.0,57.5,1150.0
Lajpat Nagar,28.5677,77.2433,2026-09-22 02:00:00,27.2,75,0.0,1.8,137.8,170.0,108.6,7.0,56.2,1008.0
Lajpat Nagar,28.5677,77.2433,2026-09-22 03:00:00,26.6,78,0.0,2.8,136.9,169.0,108.0,0.0,55.7,907.0
Lajpat Nagar,28.5677,77.2433,2026-09-22 04:00:00,26.3,80,0.0,0.9,136.0,168.1,106.3,0.0,55.5,829.0
Lajpat Nagar,28.5677,77.2433,2026-09-22 05:00:00,26.3,82,0.0,1.7,126.7,157.4,95.8,2.0,48.6,815.0
Lajpat Nagar,28.5677,77.2433,2026-09-22 06:00:00,26.1,83,0.0,1.4,114.8,144.4,86.9,30.0,48.6,933.0
Lajpat Nagar,28.5677,77.2433,2026-09-22 07:00:00,27.4,76,0.0,1.4,108.0,139.2,74.0,72.0,48.5,1113.0
Lajpat Nagar,28.5677,77.2433,2026-09-22 08:00:00,29.8,64,0.0,1.4,89.6,148.1,59.7,116.0,48.6,1188.0
Lajpat Nagar,28.5677,77.2433,2026-09-22 09:00:00,32.1,51,0.0,0.4,70.8,148.5,42.6,166.0,49.3,1050.0
Lajpat Nagar,28.5677,77.2433,2026-09-22 10:00:00,33.5,44,0.0,1.5,67.1,136.0,24.1,219.0,50.1,806.0
Lajpat Nagar,28.5677,77.2433,2026-09-22 11:00:00,34.8,41,0.0,2.2,64.3,120.6,10.7,260.0,49.4,609.0
Lajpat Nagar,28.5677,77.2433,2026-09-22 12:00:00,35.4,39,0.0,3.8,62.9,116.4,5.3,283.0,45.9,520.0
Lajpat Nagar,28.5677,77.2433,2026-09-22 13:00:00,36.0,36,0.0,5.9,61.0,110.4,5.0,292.0,41.0,479.0
Lajpat Nagar,28.5677,77.2433,2026-09-22 14:00:00,36.3,34,0.0,8.3,58.4,105.2,7.5,289.0,36.5,458.0
Lajpat Nagar,28.5677,77.2433,2026-09-22 15:00:00,36.0,34,0.0,9.5,57.3,121.1,12.8,268.0,33.0,446.0
Lajpat Nagar,28.5677,77.2433,2026-09-22 16:00:00,35.2,38,0.0,10.4,55.6,119.0,20.8,235.0,30.0,454.0
Lajpat Nagar,28.5677,77.2433,2026-09-22 17:00:00,34.2,46,0.0,9.9,55.4,101.7,25.5,219.0,31.5,484.0
Lajpat Nagar,28.5677,77.2433,2026-09-22 18:00:00,33.1,51,0.0,6.1,60.3,108.7,36.8,184.0,33.5,546.0
Lajpat Nagar,28.5677,77.2433,2026-09-22 19:00:00,32.4,55,0.0,4.3,65.4,114.8,52.7,135.0,36.3,631.0
Lajpat Nagar,28.5677,77.2433,2026-09-22 20:00:00,31.6,60,0.0,3.1,68.7,118.3,66.4,94.0,38.9,716.0
Lajpat Nagar,28.5677,77.2433,2026-09-22 21:00:00,31.0,66,0.0,2.4,72.6,120.1,75.4,69.0,41.1,802.0
Lajpat Nagar,28.5677,77.2433,2026-09-22 22:00:00,30.6,68,0.0,0.7,77.1,124.3,82.3,51.0,43.1,888.0
Lajpat Nagar,28.5677,77.2433,2026-09-22 23:00:00,30.7,70,0.0,2.6,83.6,132.2,88.1,37.0,44.6,948.0
Lajpat Nagar,28.5677,77.2433,2026-09-23 00:00:00,29.9,72,0.0,2.2,89.6,141.1,93.7,26.0,45.6,967.0
Lajpat Nagar,28.5677,77.2433,2026-09-23 01:00:00,29.1,75,0.0,3.1,96.9,150.4,98.2,19.0,46.1,960.0
Lajpat Nagar,28.5677,77.2433,2026-09-23 02:00:00,28.2,79,0.0,3.5,102.2,155.5,100.0,14.0,46.4,950.0
Lajpat Nagar,28.5677,77.2433,2026-09-23 03:00:00,27.3,83,0.0,3.2,105.2,156.9,99.0,7.0,46.2,941.0
Lajpat Nagar,28.5677,77.2433,2026-09-23 04:00:00,26.7,86,0.0,2.4,107.3,158.3,95.4,2.0,45.8,928.0
Lajpat Nagar,28.5677,77.2433,2026-09-23 05:00:00,26.8,86,0.0,1.8,72.9,122.9,51.5,39.0,41.4,923.0
Lajpat Nagar,28.5677,77.2433,2026-09-23 06:00:00,26.4,87,0.0,1.3,80.3,131.8,48.6,59.0,43.0,944.0
Lajpat Nagar,28.5677,77.2433,2026-09-23 07:00:00,27.7,79,0.0,0.9,82.9,127.6,44.2,87.0,45.1,972.0
Lajpat Nagar,28.5677,77.2433,2026-09-23 08:00:00,29.9,65,0.0,1.7,65.2,117.3,38.3,120.0,46.5,961.0
Lajpat Nagar,28.5677,77.2433,2026-09-23 09:00:00,31.7,54,0.0,1.1,58.0,119.7,29.5,161.0,46.8,874.0
Lajpat Nagar,28.5677,77.2433,2026-09-23 10:00:00,33.1,48,0.0,1.3,55.5,114.1,19.1,206.0,46.2,749.0
Lajpat Nagar,28.5677,77.2433,2026-09-23 11:00:00,34.8,45,0.0,1.2,53.6,105.7,11.3,241.0,44.4,650.0
Lajpat Nagar,28.5677,77.2433,2026-09-23 12:00:00,36.3,37,0.0,1.1,52.5,99.2,7.4,259.0,40.1,604.0
Lajpat Nagar,28.5677,77.2433,2026-09-23 13:00:00,37.1,31,0.0,1.0,50.8,90.3,6.1,267.0,34.6,584.0
Lajpat Nagar,28.5677,77.2433,2026-09-23 14:00:00,37.2,30,0.0,2.9,50.1,84.3,7.8,269.0,30.6,576.0
Lajpat Nagar,28.5677,77.2433,2026-09-23 15:00:00,36.9,30,0.0,5.4,51.2,82.7,11.5,269.0,29.4,579.0
Lajpat Nagar,28.5677,77.2433,2026-09-23 16:00:00,35.9,33,0.0,9.3,52.9,82.2,18.2,264.0,29.8,593.0
Lajpat Nagar,28.5677,77.2433,2026-09-23 17:00:00,34.9,38,0.0,9.8,56.7,79.6,30.3,227.0,30.5,609.0
Lajpat Nagar,28.5677,77.2433,2026-09-23 18:00:00,33.1,42,0.0,8.6,71.9,94.1,50.6,183.0,34.6,606.0
Lajpat Nagar,28.5677,77.2433,2026-09-23 19:00:00,32.2,47,0.0,3.6,88.2,111.5,78.0,123.0,40.0,604.0
Lajpat Nagar,28.5677,77.2433,2026-09-23 20:00:00,31.5,51,0.0,3.7,98.5,122.5,94.2,77.0,43.1,651.0
Lajpat Nagar,28.5677,77.2433,2026-09-23 21:00:00,30.8,55,0.0,4.0,101.0,129.0,89.3,60.0,41.8,811.0
Lajpat Nagar,28.5677,77.2433,2026-09-23 22:00:00,29.9,60,0.0,4.2,97.3,131.3,73.3,58.0,38.1,1020.0
Lajpat Nagar,28.5677,77.2433,2026-09-23 23:00:00,29.8,64,0.0,5.8,90.3,130.9,57.8,58.0,34.0,1134.0
Lajpat Nagar,28.5677,77.2433,2026-09-24 00:00:00,28.3,73,0.0,3.7,83.1,132.2,46.0,59.0,29.5,1065.0
Lajpat Nagar,28.5677,77.2433,2026-09-24 01:00:00,27.8,76,0.0,3.5,79.6,170.9,34.8,62.0,24.6,900.0
Lajpat Nagar,28.5677,77.2433,2026-09-24 02:00:00,27.2,77,0.0,5.0,77.5,202.1,26.6,64.0,20.8,759.0
Lajpat Nagar,28.5677,77.2433,2026-09-24 03:00:00,26.5,79,0.0,6.9,68.2,171.8,23.3,60.0,18.7,676.0
Lajpat Nagar,28.5677,77.2433,2026-09-24 04:00:00,26.0,83,0.0,5.6,59.4,136.0,23.0,53.0,17.8,616.0
Lajpat Nagar,28.5677,77.2433,2026-09-24 05:00:00,26.8,83,0.0,3.2,53.8,119.7,22.8,51.0,17.3,593.0
Lajpat Nagar,28.5677,77.2433,2026-09-24 06:00:00,26.1,86,0.0,6.2,51.0,110.6,21.9,55.0,17.3,641.0
Lajpat Nagar,28.5677,77.2433,2026-09-24 07:00:00,26.6,86,0.0,7.4,46.2,139.7,21.1,64.0,17.9,726.0
Lajpat Nagar,28.5677,77.2433,2026-09-24 08:00:00,27.9,81,0.0,9.5,33.5,71.5,19.3,80.0,18.4,762.0
Lajpat Nagar,28.5677,77.2433,2026-09-24 09:00:00,29.3,73,0.0,9.8,28.1,49.8,15.6,110.0,18.8,694.0
Lajpat Nagar,28.5677,77.2433,2026-09-24 10:00:00,30.6,66,0.0,7.7,28.6,41.6,11.0,147.0,19.2,577.0
Lajpat Nagar,28.5677,77.2433,2026-09-24 11:00:00,32.1,58,0.0,6.6,33.1,47.3,7.6,178.0,19.5,484.0
Lajpat Nagar,28.5677,77.2433,2026-09-24 12:00:00,33.1,50,0.0,6.3,38.0,69.8,5.7,197.0,19.5,445.0
Lajpat Nagar,28.5677,77.2433,2026-09-24 13:00:00,33.9,46,0.0,4.5,40.2,82.4,5.1,210.0,19.5,430.0
Lajpat Nagar,28.5677,77.2433,2026-09-24 14:00:00,34.4,41,0.0,4.7,40.7,84.8,6.6,213.0,19.7,427.0
Lajpat Nagar,28.5677,77.2433,2026-09-24 15:00:00,34.3,40,0.0,5.8,41.2,84.8,11.8,204.0,20.5,433.0
Lajpat Nagar,28.5677,77.2433,2026-09-24 16:00:00,33.8,43,0.0,6.9,41.8,83.4,19.3,187.0,21.5,450.0
Lajpat Nagar,28.5677,77.2433,2026-09-24 17:00:00,32.6,49,0.0,9.6,46.1,99.4,25.5,166.0,22.3,476.0
Lajpat Nagar,28.5677,77.2433,2026-09-24 18:00:00,31.1,56,0.0,10.8,54.5,140.6,29.7,141.0,22.8,518.0
Lajpat Nagar,28.5677,77.2433,2026-09-24 19:00:00,30.2,62,0.0,8.8,62.2,213.7,32.7,114.0,23.2,569.0
Lajpat Nagar,28.5677,77.2433,2026-09-24 20:00:00,29.4,66,0.0,8.0,64.5,258.0,33.6,93.0,23.2,600.0
Lajpat Nagar,28.5677,77.2433,2026-09-24 21:00:00,28.7,70,0.0,8.1,64.0,265.4,31.3,86.0,22.6,603.0
Lajpat Nagar,28.5677,77.2433,2026-09-24 22:00:00,28.1,72,0.0,7.1,63.3,272.9,27.0,86.0,21.6,588.0
Lajpat Nagar,28.5677,77.2433,2026-09-24 23:00:00,27.5,75,0.0,6.6,65.2,309.2,23.3,84.0,21.1,553.0
Lajpat Nagar,28.5677,77.2433,2026-09-25 00:00:00,26.9,78,0.0,6.9,62.2,302.7,21.0,76.0,21.4,485.0
Lajpat Nagar,28.5677,77.2433,2026-09-25 01:00:00,26.3,81,0.0,6.2,55.3,268.2,19.3,67.0,22.2,398.0
Lajpat Nagar,28.5677,77.2433,2026-09-25 02:00:00,25.8,84,0.0,4.2,48.1,230.5,18.9,57.0,22.9,335.0
Lajpat Nagar,28.5677,77.2433,2026-09-25 03:00:00,25.4,87,0.0,2.6,39.5,172.8,20.9,46.0,23.1,311.0
Lajpat Nagar,28.5677,77.2433,2026-09-25 04:00:00,25.1,88,0.0,2.9,31.4,106.4,24.3,36.0,23.3,312.0
Lajpat Nagar,28.5677,77.2433,2026-09-25 05:00:00,24.8,91,0.0,1.3,29.7,86.4,26.2,31.0,23.8,335.0
Lajpat Nagar,28.5677,77.2433,2026-09-25 06:00:00,24.7,90,0.0,1.0,31.3,74.7,25.5,34.0,25.6,400.0
Lajpat Nagar,28.5677,77.2433,2026-09-25 07:00:00,25.6,85,0.0,2.2,27.9,58.3,23.4,41.0,27.9,488.0
Lajpat Nagar,28.5677,77.2433,2026-09-25 08:00:00,27.1,76,0.0,3.9,21.1,43.8,20.5,54.0,28.3,537.0
Lajpat Nagar,28.5677,77.2433,2026-09-25 09:00:00,28.7,65,0.0,5.6,15.9,30.0,16.2,74.0,25.1,506.0
Lajpat Nagar,28.5677,77.2433,2026-09-25 10:00:00,30.2,58,0.0,4.2,20.7,88.0,11.0,98.0,20.1,437.0
Lajpat Nagar,28.5677,77.2433,2026-09-25 11:00:00,31.7,52,0.0,3.8,19.4,64.0,7.2,118.0,16.2,389.0
Lajpat Nagar,28.5677,77.2433,2026-09-25 12:00:00,32.7,48,0.0,5.2,16.8,43.2,5.4,132.0,14.6,390.0
Lajpat Nagar,28.5677,77.2433,2026-09-25 13:00:00,32.9,47,0.0,6.2,16.2,39.1,4.9,143.0,14.2,413.0
Lajpat Nagar,28.5677,77.2433,2026-09-25 14:00:00,33.2,46,0.0,5.1,16.6,38.9,6.0,148.0,14.4,439.0
Lajpat Nagar,28.5677,77.2433,2026-09-25 15:00:00,33.5,40,0.1,3.7,17.2,38.2,9.4,147.0,15.3,471.0
Lajpat Nagar,28.5677,77.2433,2026-09-25 16:00:00,33.4,40,0.0,4.9,18.1,37.6,14.3,141.0,16.9,507.0
Lajpat Nagar,28.5677,77.2433,2026-09-25 17:00:00,32.6,44,0.0,7.3,20.3,35.2,19.0,130.0,18.4,522.0
Lajpat Nagar,28.5677,77.2433,2026-09-25 18:00:00,31.5,50,0.0,6.7,22.8,36.6,23.2,111.0,19.6,497.0
Lajpat Nagar,28.5677,77.2433,2026-09-25 19:00:00,30.5,58,0.0,4.5,23.1,38.0,27.2,86.0,20.7,452.0
Lajpat Nagar,28.5677,77.2433,2026-09-25 20:00:00,29.7,63,0.0,4.0,21.7,42.3,29.8,66.0,21.2,424.0
Lajpat Nagar,28.5677,77.2433,2026-09-25 21:00:00,28.8,66,0.0,8.4,21.1,47.1,30.2,54.0,20.7,440.0
Lajpat Nagar,28.5677,77.2433,2026-09-25 22:00:00,27.4,71,0.0,10.1,20.6,45.3,29.3,46.0,19.5,473.0
Lajpat Nagar,28.5677,77.2433,2026-09-25 23:00:00,26.7,74,0.0,4.9,22.4,68.0,28.4,40.0,18.6,484.0
Lajpat Nagar,28.5677,77.2433,2026-09-26 00:00:00,26.4,76,0.0,0.7,21.8,68.5,27.8,36.0,17.9,448.0
Lajpat Nagar,28.5677,77.2433,2026-09-26 01:00:00,26.0,77,0.0,3.4,18.7,39.1,27.3,35.0,17.4,390.0
Lajpat Nagar,28.5677,77.2433,2026-09-26 02:00:00,25.5,78,0.0,4.9,18.2,29.7,27.8,34.0,18.2,344.0
Lajpat Nagar,28.5677,77.2433,2026-09-26 03:00:00,24.9,81,0.0,5.8,19.7,38.3,30.1,32.0,21.2,315.0
Lajpat Nagar,28.5677,77.2433,2026-09-26 04:00:00,24.3,83,0.0,5.4,23.7,60.5,33.3,30.0,25.4,299.0
Lajpat Nagar,28.5677,77.2433,2026-09-26 05:00:00,24.2,84,0.0,2.3,26.1,62.6,36.1,29.0,29.1,311.0
Lajpat Nagar,28.5677,77.2433,2026-09-26 06:00:00,24.4,83,0.0,5.4,30.2,72.4,38.6,29.0,31.9,385.0
Lajpat Nagar,28.5677,77.2433,2026-09-26 07:00:00,25.6,78,0.0,3.9,32.4,70.1,40.6,31.0,34.1,487.0
Lajpat Nagar,28.5677,77.2433,2026-09-26 08:00:00,27.0,71,0.0,5.4,27.6,41.8,40.1,38.0,34.7,537.0
Lajpat Nagar,28.5677,77.2433,2026-09-26 09:00:00,29.3,62,0.0,3.9,20.5,29.7,35.0,52.0,32.4,479.0
Lajpat Nagar,28.5677,77.2433,2026-09-26 10:00:00,30.9,56,0.0,7.2,17.4,29.4,27.4,71.0,28.5,368.0
Lajpat Nagar,28.5677,77.2433,2026-09-26 11:00:00,31.3,52,0.0,11.8,16.8,32.9,21.4,88.0,25.8,286.0
Lajpat Nagar,28.5677,77.2433,2026-09-26 12:00:00,28.8,61,0.0,11.5,18.0,36.4,18.4,104.0,25.8,266.0
Lajpat Nagar,28.5677,77.2433,2026-09-26 13:00:00,25.7,83,3.4,13.6,19.7,35.0,17.1,120.0,27.1,276.0
Lajpat Nagar,28.5677,77.2433,2026-09-26 14:00:00,24.9,84,1.7,11.2,20.1,41.4,17.2,127.0,27.8,299.0
Lajpat Nagar,28.5677,77.2433,2026-09-26 15:00:00,24.9,83,0.7,11.7,37.0,204.0,18.9,122.0,27.1,344.0
Lajpat Nagar,28.5677,77.2433,2026-09-26 16:00:00,25.2,77,0.0,12.8,43.2,253.3,22.0,110.0,25.8,403.0
Lajpat Nagar,28.5677,77.2433,2026-09-26 17:00:00,25.2,75,0.0,12.2,49.2,281.3,25.9,97.0,25.4,437.0
Lajpat Nagar,28.5677,77.2433,2026-09-26 18:00:00,25.2,72,0.0,8.1,51.8,259.8,32.0,82.0,26.4,424.0
Lajpat Nagar,28.5677,77.2433,2026-09-26 19:00:00,25.0,73,0.0,9.4,57.6,279.4,38.9,66.0,28.2,385.0
Lajpat Nagar,28.5677,77.2433,2026-09-26 20:00:00,24.3,77,0.0,4.8,66.6,341.8,42.3,58.0,30.0,350.0
Lajpat Nagar,28.5677,77.2433,2026-09-26 21:00:00,24.3,78,0.0,4.8,71.9,380.0,39.7,61.0,32.0,327.0
Lajpat Nagar,28.5677,77.2433,2026-09-26 22:00:00,24.0,79,0.0,5.4,78.0,415.4,33.5,72.0,34.0,307.0
Lajpat Nagar,28.5677,77.2433,2026-09-26 23:00:00,23.8,79,0.0,5.1,90.6,499.2,27.4,85.0,34.9,290.0
Lajpat Nagar,28.5677,77.2433,2026-09-27 00:00:00,23.5,81,0.0,3.1,107.3,610.9,21.9,101.0,33.7,271.0
Lajpat Nagar,28.5677,77.2433,2026-09-27 01:00:00,23.2,81,0.0,5.1,115.0,646.3,16.3,120.0,31.3,255.0
Lajpat Nagar,28.5677,77.2433,2026-09-27 02:00:00,22.8,82,0.0,5.4,114.6,622.1,12.5,132.0,29.4,259.0
Lajpat Nagar,28.5677,77.2433,2026-09-27 03:00:00,22.5,83,0.0,4.5,103.1,514.1,11.1,134.0,28.5,293.0
Lajpat Nagar,28.5677,77.2433,2026-09-27 04:00:00,22.4,85,0.0,2.2,93.1,423.8,11.4,130.0,28.1,346.0
Lajpat Nagar,28.5677,77.2433,2026-09-27 05:00:00,22.3,86,0.0,5.1,70.8,215.1,13.0,125.0,27.9,404.0
Lajpat Nagar,28.5677,77.2433,2026-09-27 06:00:00,22.6,86,0.0,3.6,68.7,184.9,17.1,116.0,28.1,479.0
Lajpat Nagar,28.5677,77.2433,2026-09-27 07:00:00,23.6,82,0.0,4.0,70.8,176.0,22.4,107.0,28.5,559.0
Lajpat Nagar,28.5677,77.2433,2026-09-27 08:00:00,25.3,76,0.0,1.8,72.4,187.2,24.6,111.0,28.6,592.0
Lajpat Nagar,28.5677,77.2433,2026-09-27 09:00:00,27.3,69,0.0,2.4,71.2,195.1,20.4,141.0,27.8,539.0
Lajpat Nagar,28.5677,77.2433,2026-09-27 10:00:00,28.6,65,0.0,2.3,70.8,196.0,13.0,186.0,26.6,440.0
Lajpat Nagar,28.5677,77.2433,2026-09-27 11:00:00,30.0,61,0.0,2.2,84.5,313.9,7.5,222.0,26.0,360.0
Lajpat Nagar,28.5677,77.2433,2026-09-27 12:00:00,30.9,58,0.0,4.2,84.3,314.8,5.5,244.0,26.2,317.0
Lajpat Nagar,28.5677,77.2433,2026-09-27 13:00:00,31.8,54,0.0,4.2,71.5,205.4,5.4,258.0,27.0,293.0
Lajpat Nagar,28.5677,77.2433,2026-09-27 14:00:00,32.2,52,0.0,4.5,79.6,262.6,6.8,262.0,28.1,304.0
Lajpat Nagar,28.5677,77.2433,2026-09-27 15:00:00,32.3,51,0.0,4.2,69.8,185.3,10.5,254.0,30.1,363.0
Lajpat Nagar,28.5677,77.2433,2026-09-27 16:00:00,32.3,50,0.0,3.5,68.7,167.6,15.7,237.0,32.6,458.0
Lajpat Nagar,28.5677,77.2433,2026-09-27 17:00:00,31.0,56,0.0,6.0,73.1,229.1,19.8,211.0,33.4,565.0
Lajpat Nagar,28.5677,77.2433,2026-09-27 18:00:00,28.0,70,0.0,11.3,75.0,291.5,21.8,172.0,31.5,708.0
Lajpat Nagar,28.5677,77.2433,2026-09-27 19:00:00,26.9,76,0.1,6.2,71.0,339.0,22.7,125.0,28.1,865.0
Lajpat Nagar,28.5677,77.2433,2026-09-27 20:00:00,26.6,79,0.1,8.5,61.7,319.4,23.3,87.0,24.7,940.0
Lajpat Nagar,28.5677,77.2433,2026-09-27 21:00:00,25.9,82,0.0,6.4,53.3,285.0,23.6,66.0,21.6,870.0
Lajpat Nagar,28.5677,77.2433,2026-09-27 22:00:00,25.3,86,0.0,5.8,43.8,226.3,23.5,54.0,18.6,719.0
Lajpat Nagar,28.5677,77.2433,2026-09-27 23:00:00,25.0,89,0.0,5.0,37.1,184.9,23.3,46.0,16.3,589.0
Lajpat Nagar,28.5677,77.2433,2026-09-28 00:00:00,24.7,91,0.0,3.6,33.2,160.7,22.7,41.0,15.0,513.0
Lajpat Nagar,28.5677,77.2433,2026-09-28 01:00:00,24.4,92,0.0,1.8,29.9,134.6,22.0,40.0,14.4,458.0
Lajpat Nagar,28.5677,77.2433,2026-09-28 02:00:00,24.2,94,0.0,0.0,25.8,94.3,22.2,38.0,14.4,420.0
Lajpat Nagar,28.5677,77.2433,2026-09-28 03:00:00,23.7,96,0.0,1.8,22.5,56.6,24.0,32.0,14.9,403.0
Lajpat Nagar,28.5677,77.2433,2026-09-28 04:00:00,23.2,98,0.0,3.7,21.5,39.9,26.6,25.0,16.1,404.0
Lajpat Nagar,28.5677,77.2433,2026-09-28 05:00:00,23.1,98,0.0,5.1,21.9,32.4,28.7,23.0,18.2,400.5
Lajpat Nagar,28.5677,77.2433,2026-09-28 06:00:00,23.3,96,0.0,5.2,26.1,33.4,30.2,24.0,21.5,421.5
Lajpat Nagar,28.5677,77.2433,2026-09-28 07:00:00,23.8,92,0.0,4.7,28.7,36.1,31.2,30.0,25.7,483.0
Lajpat Nagar,28.5677,77.2433,2026-09-28 08:00:00,24.7,87,0.0,3.8,31.4,49.1,30.5,48.0,30.0,552.0
Lajpat Nagar,28.5677,77.2433,2026-09-28 09:00:00,26.3,80,0.0,2.3,33.4,69.4,27.0,86.0,34.5,541.0
Lajpat Nagar,28.5677,77.2433,2026-09-28 10:00:00,28.2,73,0.0,0.7,38.3,98.7,21.9,136.0,39.0,501.0
Lajpat Nagar,28.5677,77.2433,2026-09-28 11:00:00,29.9,65,0.0,0.7,45.5,131.8,17.4,181.0,42.1,470.0
Lajpat Nagar,28.5677,77.2433,2026-09-28 12:00:00,31.5,56,0.0,2.4,51.1,152.3,13.7,217.0,42.9,460.0
Lajpat Nagar,28.5677,77.2433,2026-09-28 13:00:00,32.9,48,0.0,4.5,52.7,151.3,10.5,248.0,42.3,460.0
Lajpat Nagar,28.5677,77.2433,2026-09-28 14:00:00,33.2,45,0.0,5.4,53.8,140.2,10.1,263.0,41.4,471.0
Lajpat Nagar,28.5677,77.2433,2026-09-28 15:00:00,31.9,49,0.5,3.8,53.9,125.7,14.5,251.0,40.5,503.0
Lajpat Nagar,28.5677,77.2433,2026-09-28 16:00:00,29.5,59,0.5,2.2,52.6,117.6,21.5,222.0,39.4,548.0
Lajpat Nagar,28.5677,77.2433,2026-09-28 17:00:00,27.5,69,0.5,3.6,52.0,113.2,26.7,201.0,38.6,580.0
Lajpat Nagar,28.5677,77.2433,2026-09-28 18:00:00,26.6,76,0.0,4.9,64.32494004796163,163.75721822541968,34.71918465227818,96.20911270983214,27.67671462829736,719.0801318944845
Lajpat Nagar,28.5677,77.2433,2026-09-28 19:00:00,26.1,82,0.0,6.2,64.32494004796163,163.75721822541968,34.71918465227818,96.20911270983214,27.67671462829736,719.0801318944845
Lajpat Nagar,28.5677,77.2433,2026-09-28 20:00:00,25.6,87,0.0,6.8,64.32494004796163,163.75721822541968,34.71918465227818,96.20911270983214,27.67671462829736,719.0801318944845
Lajpat Nagar,28.5677,77.2433,2026-09-28 21:00:00,25.2,89,0.0,6.8,64.32494004796163,163.75721822541968,34.71918465227818,96.20911270983214,27.67671462829736,719.0801318944845
Lajpat Nagar,28.5677,77.2433,2026-09-28 22:00:00,24.8,89,0.0,7.2,64.32494004796163,163.75721822541968,34.71918465227818,96.20911270983214,27.67671462829736,719.0801318944845
Lajpat Nagar,28.5677,77.2433,2026-09-28 23:00:00,24.4,90,0.0,7.8,64.32494004796163,163.75721822541968,34.71918465227818,96.20911270983214,27.67671462829736,719.0801318944845
Karol Bagh,28.6514,77.1907,2026-08-25 00:00:00,28.4,90,0.0,2.3,89.2,98.0,77.8,19.0,47.7,1791.0
Karol Bagh,28.6514,77.1907,2026-08-25 01:00:00,28.2,91,0.0,1.3,89.4,99.2,75.2,22.0,46.4,1401.0
Karol Bagh,28.6514,77.1907,2026-08-25 02:00:00,28.1,92,0.0,2.2,78.9,87.1,70.4,26.0,44.3,1090.0
Karol Bagh,28.6514,77.1907,2026-08-25 03:00:00,28.0,93,0.0,1.5,66.1,74.3,62.7,30.0,40.7,910.0
Karol Bagh,28.6514,77.1907,2026-08-25 04:00:00,27.9,93,0.0,0.9,46.3,52.6,52.9,36.0,36.2,809.0
Karol Bagh,28.6514,77.1907,2026-08-25 05:00:00,26.3,97,0.0,1.5,61.5,74.5,37.1,53.0,31.3,786.0
Karol Bagh,28.6514,77.1907,2026-08-25 06:00:00,26.7,97,0.9,2.0,64.5,76.8,39.8,54.0,34.7,899.0
Karol Bagh,28.6514,77.1907,2026-08-25 07:00:00,26.8,96,0.4,3.6,65.2,79.9,43.3,57.0,39.5,1089.0
Karol Bagh,28.6514,77.1907,2026-08-25 08:00:00,27.5,92,0.1,2.3,67.1,84.1,43.5,74.0,43.5,1181.0
Karol Bagh,28.6514,77.1907,2026-08-25 09:00:00,28.8,86,0.0,0.9,62.6,84.8,37.5,115.0,46.4,1070.0
Karol Bagh,28.6514,77.1907,2026-08-25 10:00:00,29.9,80,0.0,3.3,57.9,84.1,28.3,169.0,48.6,860.0
Karol Bagh,28.6514,77.1907,2026-08-25 11:00:00,31.2,68,0.0,3.6,60.5,93.1,20.6,214.0,49.2,690.0
Karol Bagh,28.6514,77.1907,2026-08-25 12:00:00,31.6,65,0.0,4.6,62.6,94.1,15.7,244.0,47.4,609.0
Karol Bagh,28.6514,77.1907,2026-08-25 13:00:00,32.4,62,0.0,3.1,65.2,95.9,12.3,264.0,44.0,568.0
Karol Bagh,28.6514,77.1907,2026-08-25 14:00:00,32.5,62,0.0,2.0,69.4,102.0,11.2,274.0,41.0,550.0
Karol Bagh,28.6514,77.1907,2026-08-25 15:00:00,32.8,62,0.0,2.2,71.0,103.6,9.4,274.0,38.1,519.0
Karol Bagh,28.6514,77.1907,2026-08-25 16:00:00,32.7,61,0.0,1.5,72.2,105.9,9.8,262.0,35.6,512.0
Karol Bagh,28.6514,77.1907,2026-08-25 17:00:00,28.9,88,0.0,8.1,50.8,60.8,29.9,166.0,38.6,623.0
Karol Bagh,28.6514,77.1907,2026-08-25 18:00:00,28.9,89,0.6,4.3,52.4,60.1,35.6,143.0,40.2,945.0
Karol Bagh,28.6514,77.1907,2026-08-25 19:00:00,28.9,90,0.2,3.2,57.4,63.3,43.7,112.0,42.5,1385.0
Karol Bagh,28.6514,77.1907,2026-08-25 20:00:00,28.8,90,0.0,2.9,67.3,71.9,51.4,84.0,45.5,1765.0
Karol Bagh,28.6514,77.1907,2026-08-25 21:00:00,28.3,93,0.0,4.1,78.0,81.5,58.2,65.0,49.6,2072.0
Karol Bagh,28.6514,77.1907,2026-08-25 22:00:00,28.0,92,0.0,5.6,88.0,91.3,64.6,49.0,54.4,2319.0
Karol Bagh,28.6514,77.1907,2026-08-25 23:00:00,28.2,90,0.0,3.8,97.3,100.4,69.5,37.0,58.3,2358.0
Karol Bagh,28.6514,77.1907,2026-08-26 00:00:00,27.8,91,0.0,2.6,103.6,106.4,72.0,29.0,60.5,2041.0
Karol Bagh,28.6514,77.1907,2026-08-26 01:00:00,27.6,92,0.0,3.3,109.4,112.0,72.9,23.0,61.8,1518.0
Karol Bagh,28.6514,77.1907,2026-08-26 02:00:00,27.4,93,0.0,2.9,115.3,117.8,73.8,19.0,62.9,1089.0
Karol Bagh,28.6514,77.1907,2026-08-26 03:00:00,27.3,93,0.0,3.0,120.1,122.5,76.4,10.0,63.7,863.0
Karol Bagh,28.6514,77.1907,2026-08-26 04:00:00,27.1,94,0.0,2.5,125.3,128.5,78.9,1.0,64.4,731.0
Karol Bagh,28.6514,77.1907,2026-08-26 05:00:00,27.5,96,0.0,2.3,95.9,97.1,52.5,36.0,63.1,673.0
Karol Bagh,28.6514,77.1907,2026-08-26 06:00:00,27.0,96,0.5,2.7,105.2,106.4,49.8,57.0,66.4,724.0
Karol Bagh,28.6514,77.1907,2026-08-26 07:00:00,26.4,96,9.5,4.5,98.5,100.1,45.7,88.0,70.8,848.0
Karol Bagh,28.6514,77.1907,2026-08-26 08:00:00,26.6,97,1.9,2.0,82.9,86.6,40.2,124.0,72.7,916.0
Karol Bagh,28.6514,77.1907,2026-08-26 09:00:00,28.7,89,0.6,4.9,66.1,72.6,32.0,169.0,70.0,854.0
Karol Bagh,28.6514,77.1907,2026-08-26 10:00:00,29.5,84,0.3,4.5,62.9,72.2,22.4,220.0,64.8,737.0
Karol Bagh,28.6514,77.1907,2026-08-26 11:00:00,30.0,83,0.1,1.1,65.9,77.8,14.9,261.0,59.5,653.0
Karol Bagh,28.6514,77.1907,2026-08-26 12:00:00,31.6,73,0.2,2.7,71.5,85.9,10.8,289.0,54.8,646.0
Karol Bagh,28.6514,77.1907,2026-08-26 13:00:00,32.2,70,0.0,1.7,77.3,93.6,8.9,307.0,49.9,673.0
Karol Bagh,28.6514,77.1907,2026-08-26 14:00:00,32.4,67,0.1,2.3,78.5,96.2,9.2,311.0,45.5,697.0
Karol Bagh,28.6514,77.1907,2026-08-26 15:00:00,32.5,66,0.0,4.1,78.9,97.3,10.4,297.0,40.7,658.0
Karol Bagh,28.6514,77.1907,2026-08-26 16:00:00,32.4,65,0.1,4.9,78.7,102.7,13.7,268.0,36.2,615.0
Karol Bagh,28.6514,77.1907,2026-08-26 17:00:00,29.6,88,0.1,3.7,90.8,134.1,36.8,186.0,43.9,715.0
Karol Bagh,28.6514,77.1907,2026-08-26 18:00:00,29.4,88,0.1,2.9,94.8,118.0,54.1,146.0,46.2,1116.0
Karol Bagh,28.6514,77.1907,2026-08-26 19:00:00,28.7,92,0.3,6.1,111.1,129.5,77.6,90.0,49.2,1659.0
Karol Bagh,28.6514,77.1907,2026-08-26 20:00:00,28.4,92,0.1,7.8,119.0,135.5,92.3,49.0,50.8,2010.0
Karol Bagh,28.6514,77.1907,2026-08-26 21:00:00,28.2,93,0.0,7.6,117.1,147.1,89.9,36.0,49.8,1992.0
Karol Bagh,28.6514,77.1907,2026-08-26 22:00:00,28.1,92,0.0,6.3,112.5,176.0,78.7,37.0,47.4,1783.0
Karol Bagh,28.6514,77.1907,2026-08-26 23:00:00,29.1,91,0.0,6.4,106.2,185.3,68.1,39.0,44.2,1579.0
Karol Bagh,28.6514,77.1907,2026-08-27 00:00:00,28.6,92,0.0,6.5,98.7,176.5,61.0,37.0,39.9,1439.0
Karol Bagh,28.6514,77.1907,2026-08-27 01:00:00,28.3,92,0.0,7.1,91.7,156.9,54.5,36.0,34.9,1304.0
Karol Bagh,28.6514,77.1907,2026-08-27 02:00:00,28.0,92,0.0,6.0,85.0,147.1,49.5,34.0,31.1,1196.0
Karol Bagh,28.6514,77.1907,2026-08-27 03:00:00,27.7,92,0.0,5.4,82.2,140.6,46.7,30.0,29.0,1128.0
Karol Bagh,28.6514,77.1907,2026-08-27 04:00:00,27.5,92,0.0,4.9,81.0,122.5,45.4,25.0,28.2,1087.0
Karol Bagh,28.6514,77.1907,2026-08-27 05:00:00,28.4,91,0.0,4.9,72.4,98.7,39.4,33.0,28.2,1055.0
Karol Bagh,28.6514,77.1907,2026-08-27 06:00:00,28.2,90,0.0,6.0,77.3,96.2,39.9,39.0,31.6,1035.0
Karol Bagh,28.6514,77.1907,2026-08-27 07:00:00,29.1,88,0.0,6.2,74.7,103.8,40.4,48.0,36.4,1025.0
Karol Bagh,28.6514,77.1907,2026-08-27 08:00:00,30.1,83,0.0,2.6,69.2,94.3,39.2,67.0,40.4,996.0
Karol Bagh,28.6514,77.1907,2026-08-27 09:00:00,30.9,80,0.0,1.9,61.9,86.1,34.9,102.0,43.2,928.0
Karol Bagh,28.6514,77.1907,2026-08-27 10:00:00,32.2,75,0.0,0.6,60.1,85.2,28.9,147.0,45.3,841.0
Karol Bagh,28.6514,77.1907,2026-08-27 11:00:00,33.8,54,0.1,2.7,61.2,85.9,23.7,185.0,46.0,776.0
Karol Bagh,28.6514,77.1907,2026-08-27 12:00:00,34.3,53,0.0,6.0,60.5,84.3,19.5,213.0,44.9,757.0
Karol Bagh,28.6514,77.1907,2026-08-27 13:00:00,32.0,66,0.1,8.7,64.0,88.2,16.0,233.0,42.5,759.0
Karol Bagh,28.6514,77.1907,2026-08-27 14:00:00,32.1,69,0.0,5.6,65.7,97.6,15.0,244.0,39.8,746.0
Karol Bagh,28.6514,77.1907,2026-08-27 15:00:00,32.3,69,0.0,5.1,66.4,94.3,15.7,243.0,36.2,653.0
Karol Bagh,28.6514,77.1907,2026-08-27 16:00:00,32.6,70,0.0,2.4,63.1,87.8,18.9,232.0,32.3,545.0
Karol Bagh,28.6514,77.1907,2026-08-27 17:00:00,30.2,80,0.0,3.5,60.8,79.6,28.3,209.0,31.1,582.0
Karol Bagh,28.6514,77.1907,2026-08-27 18:00:00,29.9,79,0.0,3.3,70.8,84.5,50.1,166.0,34.9,870.0
Karol Bagh,28.6514,77.1907,2026-08-27 19:00:00,29.6,83,0.0,3.3,86.6,98.7,78.1,112.0,41.5,1302.0
Karol Bagh,28.6514,77.1907,2026-08-27 20:00:00,29.4,85,0.0,3.2,95.9,110.1,97.7,70.0,46.8,1725.0
Karol Bagh,28.6514,77.1907,2026-08-27 21:00:00,29.1,86,0.0,4.9,97.6,111.5,101.1,52.0,49.6,2172.0
Karol Bagh,28.6514,77.1907,2026-08-27 22:00:00,29.0,84,0.0,6.0,102.2,111.5,96.0,46.0,51.2,2608.0
Karol Bagh,28.6514,77.1907,2026-08-27 23:00:00,29.5,84,0.0,6.0,106.4,115.3,90.7,42.0,51.8,2778.0
Karol Bagh,28.6514,77.1907,2026-08-28 00:00:00,28.8,88,0.0,5.9,108.7,119.7,88.2,35.0,51.5,2496.0
Karol Bagh,28.6514,77.1907,2026-08-28 01:00:00,28.3,89,0.0,4.7,112.7,126.2,85.3,29.0,50.3,1946.0
Karol Bagh,28.6514,77.1907,2026-08-28 02:00:00,28.0,90,0.0,3.8,114.8,132.7,81.2,24.0,47.9,1426.0
Karol Bagh,28.6514,77.1907,2026-08-28 03:00:00,28.1,88,0.0,4.9,114.6,140.2,75.5,17.0,44.0,986.0
Karol Bagh,28.6514,77.1907,2026-08-28 04:00:00,28.3,81,0.0,7.6,112.7,149.9,68.4,11.0,39.0,575.0
Karol Bagh,28.6514,77.1907,2026-08-28 05:00:00,26.5,93,0.0,11.9,54.6,116.6,31.1,47.0,26.1,334.0
Karol Bagh,28.6514,77.1907,2026-08-28 06:00:00,27.5,89,0.3,7.3,51.3,109.9,29.1,52.0,23.1,402.0
Karol Bagh,28.6514,77.1907,2026-08-28 07:00:00,28.1,89,0.0,6.0,51.9,105.9,26.1,60.0,19.0,639.0
Karol Bagh,28.6514,77.1907,2026-08-28 08:00:00,29.5,80,0.0,5.4,53.9,136.0,22.3,73.0,15.8,769.0
Karol Bagh,28.6514,77.1907,2026-08-28 09:00:00,31.0,70,0.0,9.9,66.1,246.8,17.0,97.0,14.5,645.0
Karol Bagh,28.6514,77.1907,2026-08-28 10:00:00,32.1,64,0.0,9.4,79.6,330.6,11.0,126.0,14.1,413.0
Karol Bagh,28.6514,77.1907,2026-08-28 11:00:00,32.9,60,0.0,10.5,93.1,408.9,6.6,148.0,13.9,239.0
Karol Bagh,28.6514,77.1907,2026-08-28 12:00:00,33.7,56,0.0,10.3,104.5,489.9,4.4,157.0,13.7,189.0
Karol Bagh,28.6514,77.1907,2026-08-28 13:00:00,34.2,53,0.0,10.6,108.5,514.1,3.8,157.0,13.7,196.0
Karol Bagh,28.6514,77.1907,2026-08-28 14:00:00,34.5,51,0.0,10.9,119.0,609.1,5.4,153.0,13.8,226.0
Karol Bagh,28.6514,77.1907,2026-08-28 15:00:00,34.5,51,0.0,11.3,126.2,666.8,8.9,144.0,13.7,232.0
Karol Bagh,28.6514,77.1907,2026-08-28 16:00:00,34.1,52,0.0,10.9,130.4,687.3,14.5,130.0,13.7,260.0
Karol Bagh,28.6514,77.1907,2026-08-28 17:00:00,33.9,55,0.0,9.3,118.5,577.4,21.5,106.0,14.3,412.0
Karol Bagh,28.6514,77.1907,2026-08-28 18:00:00,32.3,65,0.0,4.2,124.8,517.8,39.3,82.0,20.6,829.0
Karol Bagh,28.6514,77.1907,2026-08-28 19:00:00,31.5,70,0.0,3.4,141.6,564.4,63.9,48.0,29.5,1370.0
Karol Bagh,28.6514,77.1907,2026-08-28 20:00:00,31.0,73,0.0,2.8,160.7,588.6,83.1,21.0,37.2,1719.0
Karol Bagh,28.6514,77.1907,2026-08-28 21:00:00,30.2,76,0.0,4.1,170.9,573.7,92.3,9.0,43.1,1725.0
Karol Bagh,28.6514,77.1907,2026-08-28 22:00:00,29.7,78,0.0,3.6,177.9,556.9,96.1,4.0,47.8,1537.0
Karol Bagh,28.6514,77.1907,2026-08-28 23:00:00,30.0,77,0.0,4.1,177.4,517.8,96.2,1.0,49.3,1292.0
Karol Bagh,28.6514,77.1907,2026-08-29 00:00:00,29.3,78,0.0,4.5,165.3,458.2,92.5,0.0,46.0,981.0
Karol Bagh,28.6514,77.1907,2026-08-29 01:00:00,28.9,78,0.0,5.0,146.7,383.7,85.2,1.0,39.4,612.0
Karol Bagh,28.6514,77.1907,2026-08-29 02:00:00,28.5,79,0.0,6.3,124.8,303.6,75.7,4.0,32.7,340.0
Karol Bagh,28.6514,77.1907,2026-08-29 03:00:00,28.1,80,0.0,7.1,102.7,263.6,63.3,9.0,26.1,242.0
Karol Bagh,28.6514,77.1907,2026-08-29 04:00:00,27.9,79,0.0,9.1,85.0,266.4,48.8,16.0,19.4,240.0
Karol Bagh,28.6514,77.1907,2026-08-29 05:00:00,28.5,77,0.0,11.8,81.5,380.9,21.7,38.0,10.0,258.0
Karol Bagh,28.6514,77.1907,2026-08-29 06:00:00,28.2,77,0.0,11.0,85.4,424.7,20.4,45.0,10.4,286.0
Karol Bagh,28.6514,77.1907,2026-08-29 07:00:00,28.7,74,0.0,10.8,95.2,489.9,18.4,55.0,11.1,335.0
Karol Bagh,28.6514,77.1907,2026-08-29 08:00:00,29.8,70,0.0,11.7,103.8,542.0,15.9,70.0,11.7,357.0
Karol Bagh,28.6514,77.1907,2026-08-29 09:00:00,30.9,65,0.0,11.7,111.5,599.8,12.5,92.0,12.3,324.0
Karol Bagh,28.6514,77.1907,2026-08-29 10:00:00,32.2,61,0.0,11.5,118.7,642.6,8.5,119.0,12.8,265.0
Karol Bagh,28.6514,77.1907,2026-08-29 11:00:00,33.6,56,0.0,10.3,122.9,663.1,5.7,139.0,13.4,221.0
Karol Bagh,28.6514,77.1907,2026-08-29 12:00:00,34.4,53,0.0,9.9,122.0,648.2,4.1,150.0,13.9,206.0
Karol Bagh,28.6514,77.1907,2026-08-29 13:00:00,35.1,50,0.0,9.7,120.1,629.6,3.5,154.0,14.5,206.0
Karol Bagh,28.6514,77.1907,2026-08-29 14:00:00,35.3,48,0.0,10.4,118.5,612.8,5.3,152.0,14.9,214.0
Karol Bagh,28.6514,77.1907,2026-08-29 15:00:00,35.2,48,0.0,10.4,117.1,603.5,9.5,142.0,14.8,211.0
Karol Bagh,28.6514,77.1907,2026-08-29 16:00:00,34.8,49,0.0,10.5,114.6,577.4,16.0,124.0,14.7,216.0
Karol Bagh,28.6514,77.1907,2026-08-29 17:00:00,34.3,51,0.0,9.2,91.0,419.1,20.0,106.0,13.4,284.0
Karol Bagh,28.6514,77.1907,2026-08-29 18:00:00,33.2,58,0.0,4.0,95.7,352.0,36.1,82.0,18.3,491.0
Karol Bagh,28.6514,77.1907,2026-08-29 19:00:00,32.9,62,0.0,0.3,108.7,364.1,58.3,50.0,25.0,761.0
Karol Bagh,28.6514,77.1907,2026-08-29 20:00:00,32.3,65,0.0,0.8,120.1,372.5,75.7,24.0,30.9,919.0
Karol Bagh,28.6514,77.1907,2026-08-29 21:00:00,31.4,69,0.0,3.1,128.1,366.9,84.2,12.0,35.5,864.0
Karol Bagh,28.6514,77.1907,2026-08-29 22:00:00,30.9,72,0.0,2.8,136.0,357.6,87.9,6.0,39.1,696.0
Karol Bagh,28.6514,77.1907,2026-08-29 23:00:00,30.9,74,0.0,2.6,136.9,341.8,87.6,4.0,39.9,541.0
Karol Bagh,28.6514,77.1907,2026-08-30 00:00:00,30.1,75,0.0,3.7,130.4,320.4,83.0,4.0,36.0,434.0
Karol Bagh,28.6514,77.1907,2026-08-30 01:00:00,29.6,75,0.0,6.1,117.6,297.1,74.3,7.0,29.2,340.0
Karol Bagh,28.6514,77.1907,2026-08-30 02:00:00,29.2,74,0.0,7.0,98.7,295.2,63.7,12.0,22.9,272.0
Karol Bagh,28.6514,77.1907,2026-08-30 03:00:00,28.8,72,0.0,7.2,82.7,303.6,49.7,19.0,17.9,243.0
Karol Bagh,28.6514,77.1907,2026-08-30 04:00:00,28.3,73,0.0,7.2,72.2,299.0,33.7,28.0,13.4,240.0
Karol Bagh,28.6514,77.1907,2026-08-30 05:00:00,28.8,70,0.0,10.6,80.8,421.0,16.7,46.0,8.7,244.0
Karol Bagh,28.6514,77.1907,2026-08-30 06:00:00,28.4,72,0.0,9.2,84.3,440.5,15.5,53.0,9.6,255.0
Karol Bagh,28.6514,77.1907,2026-08-30 07:00:00,29.2,70,0.0,8.1,95.2,476.8,13.7,63.0,10.8,272.0
Karol Bagh,28.6514,77.1907,2026-08-30 08:00:00,30.3,65,0.0,10.4,101.5,530.9,11.7,76.0,11.8,276.0
Karol Bagh,28.6514,77.1907,2026-08-30 09:00:00,31.6,61,0.0,9.9,108.0,571.8,9.2,94.0,12.3,252.0
Karol Bagh,28.6514,77.1907,2026-08-30 10:00:00,33.0,57,0.0,9.6,114.6,603.5,6.5,115.0,12.6,215.0
Karol Bagh,28.6514,77.1907,2026-08-30 11:00:00,33.7,53,0.0,9.8,119.0,625.8,4.5,131.0,12.9,188.0
Karol Bagh,28.6514,77.1907,2026-08-30 12:00:00,34.3,50,0.1,8.7,100.8,478.7,3.5,140.0,13.1,180.0
Karol Bagh,28.6514,77.1907,2026-08-30 13:00:00,34.2,50,0.1,7.0,93.1,422.8,3.3,145.0,13.3,183.0
Karol Bagh,28.6514,77.1907,2026-08-30 14:00:00,34.0,51,0.0,6.7,88.7,393.9,4.2,144.0,13.5,188.0
Karol Bagh,28.6514,77.1907,2026-08-30 15:00:00,34.5,48,0.0,5.5,85.0,373.5,5.3,138.0,13.2,186.0
Karol Bagh,28.6514,77.1907,2026-08-30 16:00:00,34.4,48,0.1,7.7,82.7,347.4,7.6,127.0,12.8,188.0
Karol Bagh,28.6514,77.1907,2026-08-30 17:00:00,34.1,51,0.0,8.4,75.4,276.6,15.0,118.0,16.2,215.0
Karol Bagh,28.6514,77.1907,2026-08-30 18:00:00,33.2,56,0.0,5.7,84.3,228.2,34.9,91.0,23.0,296.0
Karol Bagh,28.6514,77.1907,2026-08-30 19:00:00,32.2,64,0.0,3.4,97.8,241.2,62.2,54.0,32.4,404.0
Karol Bagh,28.6514,77.1907,2026-08-30 20:00:00,31.7,66,0.0,4.2,109.9,241.2,81.4,26.0,39.2,475.0
Karol Bagh,28.6514,77.1907,2026-08-30 21:00:00,31.1,69,0.0,3.9,113.2,225.4,85.2,15.0,41.3,481.0
Karol Bagh,28.6514,77.1907,2026-08-30 22:00:00,30.6,71,0.0,3.9,109.9,201.2,80.9,13.0,40.9,451.0
Karol Bagh,28.6514,77.1907,2026-08-30 23:00:00,30.6,72,0.0,4.4,101.7,175.1,75.3,12.0,39.2,410.0
Karol Bagh,28.6514,77.1907,2026-08-31 00:00:00,29.8,73,0.0,5.9,94.5,165.8,70.4,11.0,36.2,360.0
Karol Bagh,28.6514,77.1907,2026-08-31 01:00:00,29.5,72,0.0,6.4,89.9,170.4,64.2,13.0,31.9,299.0
Karol Bagh,28.6514,77.1907,2026-08-31 02:00:00,29.1,69,0.0,7.1,89.9,207.7,57.1,15.0,27.7,250.0
Karol Bagh,28.6514,77.1907,2026-08-31 03:00:00,28.7,68,0.0,7.8,90.3,266.4,48.4,18.0,23.8,220.0
Karol Bagh,28.6514,77.1907,2026-08-31 04:00:00,28.3,69,0.0,7.9,88.2,323.2,38.9,22.0,20.1,202.0
Karol Bagh,28.6514,77.1907,2026-08-31 05:00:00,28.6,68,0.0,11.7,102.2,540.2,14.4,46.0,9.5,202.0
Karol Bagh,28.6514,77.1907,2026-08-31 06:00:00,28.1,69,0.0,11.0,104.5,534.6,14.9,48.0,10.4,233.0
Karol Bagh,28.6514,77.1907,2026-08-31 07:00:00,28.6,68,0.0,10.1,108.0,534.6,15.5,52.0,11.7,281.0
Karol Bagh,28.6514,77.1907,2026-08-31 08:00:00,29.5,64,0.0,11.3,108.0,556.9,15.0,62.0,12.9,308.0
Karol Bagh,28.6514,77.1907,2026-08-31 09:00:00,30.5,61,0.0,10.9,111.8,594.2,12.6,84.0,13.8,290.0
Karol Bagh,28.6514,77.1907,2026-08-31 10:00:00,32.2,56,0.0,10.3,120.1,631.4,9.1,112.0,14.6,250.0
Karol Bagh,28.6514,77.1907,2026-08-31 11:00:00,33.7,50,0.0,11.4,128.5,665.0,6.5,134.0,15.1,220.0
Karol Bagh,28.6514,77.1907,2026-08-31 12:00:00,33.8,50,0.2,8.9,127.1,640.7,5.2,146.0,15.3,211.0
Karol Bagh,28.6514,77.1907,2026-08-31 13:00:00,34.5,48,0.3,8.1,116.9,571.8,4.8,152.0,15.3,211.0
Karol Bagh,28.6514,77.1907,2026-08-31 14:00:00,34.6,47,0.2,8.6,107.1,512.2,5.6,153.0,15.2,215.0
Karol Bagh,28.6514,77.1907,2026-08-31 15:00:00,34.7,47,0.1,9.6,103.4,488.0,6.1,148.0,14.6,210.0
Karol Bagh,28.6514,77.1907,2026-08-31 16:00:00,34.1,48,0.1,10.9,98.5,444.2,7.9,138.0,14.0,208.0
Karol Bagh,28.6514,77.1907,2026-08-31 17:00:00,33.6,52,0.0,9.2,84.3,372.5,12.9,109.0,12.5,248.0
Karol Bagh,28.6514,77.1907,2026-08-31 18:00:00,33.1,53,0.0,6.9,86.6,332.5,29.2,84.0,16.5,339.0
Karol Bagh,28.6514,77.1907,2026-08-31 19:00:00,32.5,58,0.0,3.1,95.7,315.7,51.9,49.0,22.3,471.0
Karol Bagh,28.6514,77.1907,2026-08-31 20:00:00,32.2,63,0.0,1.5,107.1,327.8,70.3,22.0,28.4,647.0
Karol Bagh,28.6514,77.1907,2026-08-31 21:00:00,32.1,62,0.0,0.6,119.7,348.3,80.7,9.0,35.2,930.0
Karol Bagh,28.6514,77.1907,2026-08-31 22:00:00,31.3,66,0.0,2.2,135.0,369.7,86.9,3.0,42.4,1258.0
Karol Bagh,28.6514,77.1907,2026-08-31 23:00:00,31.5,65,0.0,2.3,146.2,381.8,89.4,0.0,47.0,1439.0
Karol Bagh,28.6514,77.1907,2026-09-01 00:00:00,30.3,69,0.1,4.2,147.1,366.9,86.9,0.0,47.4,1365.0
Karol Bagh,28.6514,77.1907,2026-09-01 01:00:00,29.5,73,0.0,4.8,142.0,341.8,80.7,1.0,45.3,1146.0
Karol Bagh,28.6514,77.1907,2026-09-01 02:00:00,29.0,73,0.0,4.4,136.4,320.4,74.9,3.0,42.8,919.0
Karol Bagh,28.6514,77.1907,2026-09-01 03:00:00,28.6,73,0.0,4.6,129.9,297.1,71.8,2.0,40.7,703.0
Karol Bagh,28.6514,77.1907,2026-09-01 04:00:00,28.2,73,0.0,4.2,122.5,285.9,69.2,1.0,38.2,479.0
Karol Bagh,28.6514,77.1907,2026-09-01 05:00:00,28.6,70,0.0,9.7,78.0,385.6,15.0,44.0,9.0,328.0
Karol Bagh,28.6514,77.1907,2026-09-01 06:00:00,27.9,73,0.0,7.4,80.8,373.5,15.5,47.0,10.2,308.0
Karol Bagh,28.6514,77.1907,2026-09-01 07:00:00,28.7,71,0.0,7.9,84.3,357.6,16.0,53.0,11.9,361.0
Karol Bagh,28.6514,77.1907,2026-09-01 08:00:00,29.9,66,0.0,9.7,81.0,393.9,15.5,64.0,13.2,389.0
Karol Bagh,28.6514,77.1907,2026-09-01 09:00:00,31.1,62,0.0,9.1,76.8,375.3,12.8,85.0,13.9,344.0
Karol Bagh,28.6514,77.1907,2026-09-01 10:00:00,32.5,58,0.0,8.0,75.4,363.2,9.1,112.0,14.2,274.0
Karol Bagh,28.6514,77.1907,2026-09-01 11:00:00,33.1,53,0.1,6.7,67.1,300.8,6.3,134.0,14.5,225.0
Karol Bagh,28.6514,77.1907,2026-09-01 12:00:00,33.7,50,0.1,5.3,60.3,247.7,5.1,148.0,14.8,216.0
Karol Bagh,28.6514,77.1907,2026-09-01 13:00:00,34.4,48,0.3,5.5,58.1,231.9,4.8,157.0,15.0,229.0
Karol Bagh,28.6514,77.1907,2026-09-01 14:00:00,33.6,53,0.4,6.9,58.7,228.6,5.8,161.0,15.5,256.0
Karol Bagh,28.6514,77.1907,2026-09-01 15:00:00,31.9,61,1.5,7.8,61.2,242.1,8.3,159.0,16.0,292.0
Karol Bagh,28.6514,77.1907,2026-09-01 16:00:00,31.2,63,0.3,6.5,61.2,231.9,12.2,151.0,16.9,342.0
Karol Bagh,28.6514,77.1907,2026-09-01 17:00:00,32.0,61,1.3,2.0,57.6,177.4,18.3,152.0,23.0,413.0
Karol Bagh,28.6514,77.1907,2026-09-01 18:00:00,31.8,60,0.1,3.8,61.9,150.9,24.1,135.0,26.4,521.0
Karol Bagh,28.6514,77.1907,2026-09-01 19:00:00,30.9,66,0.0,4.7,61.0,116.6,32.0,111.0,31.0,650.0
Karol Bagh,28.6514,77.1907,2026-09-01 20:00:00,30.1,72,0.0,3.3,58.2,99.4,38.1,90.0,34.6,762.0
Karol Bagh,28.6514,77.1907,2026-09-01 21:00:00,29.9,74,0.0,2.5,56.9,88.9,40.5,76.0,36.4,855.0
Karol Bagh,28.6514,77.1907,2026-09-01 22:00:00,29.5,78,0.0,1.8,55.2,80.3,41.0,64.0,37.2,931.0
Karol Bagh,28.6514,77.1907,2026-09-01 23:00:00,28.6,75,0.0,4.9,52.5,72.4,40.6,55.0,36.8,959.0
Karol Bagh,28.6514,77.1907,2026-09-02 00:00:00,27.8,79,0.0,4.7,48.8,65.7,38.9,47.0,34.4,911.0
Karol Bagh,28.6514,77.1907,2026-09-02 01:00:00,27.2,83,0.0,5.6,46.9,60.1,36.2,42.0,30.8,814.0
Karol Bagh,28.6514,77.1907,2026-09-02 02:00:00,26.6,87,0.0,3.1,45.3,55.3,34.8,36.0,28.1,721.0
Karol Bagh,28.6514,77.1907,2026-09-02 03:00:00,26.5,88,0.0,1.9,44.1,51.9,36.2,27.0,26.6,634.0
Karol Bagh,28.6514,77.1907,2026-09-02 04:00:00,26.6,88,0.0,1.1,44.2,50.5,38.8,18.0,25.9,550.0
Karol Bagh,28.6514,77.1907,2026-09-02 05:00:00,26.0,95,0.0,1.6,47.0,63.8,35.3,39.0,35.1,517.0
Karol Bagh,28.6514,77.1907,2026-09-02 06:00:00,26.1,92,0.1,1.5,50.9,65.9,34.9,47.0,37.1,588.0
Karol Bagh,28.6514,77.1907,2026-09-02 07:00:00,26.6,87,0.0,1.0,46.4,72.6,34.1,59.0,39.7,709.0
Karol Bagh,28.6514,77.1907,2026-09-02 08:00:00,28.5,76,0.0,3.1,43.4,81.0,31.5,79.0,40.5,763.0
Karol Bagh,28.6514,77.1907,2026-09-02 09:00:00,30.5,67,0.0,3.1,45.8,99.4,25.3,117.0,38.3,680.0
Karol Bagh,28.6514,77.1907,2026-09-02 10:00:00,32.1,61,0.0,2.4,49.0,112.5,17.2,163.0,34.5,530.0
Karol Bagh,28.6514,77.1907,2026-09-02 11:00:00,33.6,56,0.2,7.7,49.9,117.1,11.0,195.0,30.3,409.0
Karol Bagh,28.6514,77.1907,2026-09-02 12:00:00,27.0,90,9.5,3.5,48.4,114.6,7.8,201.0,25.7,354.0
Karol Bagh,28.6514,77.1907,2026-09-02 13:00:00,26.8,89,2.5,4.7,46.6,116.6,6.5,192.0,20.9,328.0
Karol Bagh,28.6514,77.1907,2026-09-02 14:00:00,28.7,83,0.6,3.0,57.9,147.1,7.6,177.0,17.7,321.0
Karol Bagh,28.6514,77.1907,2026-09-02 15:00:00,29.4,77,0.0,5.2,39.3,91.5,12.0,158.0,17.1,336.0
Karol Bagh,28.6514,77.1907,2026-09-02 16:00:00,29.5,76,0.0,6.0,35.2,72.4,18.8,133.0,18.3,369.0
Karol Bagh,28.6514,77.1907,2026-09-02 17:00:00,30.5,66,0.0,9.5,35.4,72.9,17.1,111.0,17.9,403.0
Karol Bagh,28.6514,77.1907,2026-09-02 18:00:00,29.1,72,0.1,8.0,37.8,60.5,31.0,86.0,21.4,429.0
Karol Bagh,28.6514,77.1907,2026-09-02 19:00:00,28.8,72,0.0,4.9,49.2,66.6,49.9,52.0,26.2,456.0
Karol Bagh,28.6514,77.1907,2026-09-02 20:00:00,28.4,73,0.0,5.6,51.8,63.3,62.0,28.0,29.5,487.0
Karol Bagh,28.6514,77.1907,2026-09-02 21:00:00,28.0,78,0.0,4.2,48.4,56.1,61.2,23.0,29.8,531.0
Karol Bagh,28.6514,77.1907,2026-09-02 22:00:00,27.7,81,0.0,3.6,43.7,48.4,53.7,28.0,28.4,579.0
Karol Bagh,28.6514,77.1907,2026-09-02 23:00:00,27.9,84,0.0,4.9,40.2,43.0,46.0,34.0,27.0,610.0
Karol Bagh,28.6514,77.1907,2026-09-03 00:00:00,27.5,86,0.0,6.3,35.6,37.4,39.7,40.0,25.8,611.0
Karol Bagh,28.6514,77.1907,2026-09-03 01:00:00,26.9,87,0.0,6.8,31.8,32.9,33.3,47.0,24.5,595.0
Karol Bagh,28.6514,77.1907,2026-09-03 02:00:00,26.5,88,0.0,4.4,29.2,29.9,28.5,52.0,23.4,580.0
Karol Bagh,28.6514,77.1907,2026-09-03 03:00:00,26.2,90,0.0,4.6,28.5,28.9,26.3,52.0,22.6,571.0
Karol Bagh,28.6514,77.1907,2026-09-03 04:00:00,26.1,90,0.0,3.1,28.1,28.3,25.6,50.0,22.1,564.0
Karol Bagh,28.6514,77.1907,2026-09-03 05:00:00,25.9,97,0.0,3.1,12.0,12.0,19.1,64.0,17.3,557.0
Karol Bagh,28.6514,77.1907,2026-09-03 06:00:00,26.1,97,0.2,3.9,12.4,12.5,20.6,65.0,19.0,559.0
Karol Bagh,28.6514,77.1907,2026-09-03 07:00:00,26.8,94,0.0,4.0,12.8,12.9,22.6,67.0,21.3,563.0
Karol Bagh,28.6514,77.1907,2026-09-03 08:00:00,28.2,86,0.1,5.5,13.1,13.2,23.1,74.0,23.4,546.0
Karol Bagh,28.6514,77.1907,2026-09-03 09:00:00,29.5,80,0.1,6.7,15.1,15.3,20.9,89.0,25.0,490.0
Karol Bagh,28.6514,77.1907,2026-09-03 10:00:00,30.7,75,0.1,6.6,16.9,23.9,17.3,107.0,26.4,414.0
Karol Bagh,28.6514,77.1907,2026-09-03 11:00:00,31.5,67,0.1,6.8,17.6,28.5,14.4,122.0,26.9,353.0
Karol Bagh,28.6514,77.1907,2026-09-03 12:00:00,31.6,66,0.4,7.2,17.2,22.9,12.7,128.0,25.7,314.0
Karol Bagh,28.6514,77.1907,2026-09-03 13:00:00,32.2,64,0.2,9.2,18.1,21.7,11.7,131.0,23.7,289.0
Karol Bagh,28.6514,77.1907,2026-09-03 14:00:00,32.2,62,0.1,8.0,19.0,21.5,12.0,132.0,22.8,290.0
Karol Bagh,28.6514,77.1907,2026-09-03 15:00:00,32.3,60,0.1,5.9,21.0,26.1,11.6,138.0,23.5,328.0
Karol Bagh,28.6514,77.1907,2026-09-03 16:00:00,32.2,59,0.3,6.1,22.5,25.7,12.4,142.0,25.4,393.0
Karol Bagh,28.6514,77.1907,2026-09-03 17:00:00,29.5,79,0.3,7.8,25.3,25.5,33.5,85.0,30.2,462.0
Karol Bagh,28.6514,77.1907,2026-09-03 18:00:00,28.5,83,0.1,5.9,30.3,30.5,47.0,66.0,35.2,533.0
Karol Bagh,28.6514,77.1907,2026-09-03 19:00:00,28.2,85,0.0,2.6,41.4,41.7,65.5,39.0,42.1,609.0
Karol Bagh,28.6514,77.1907,2026-09-03 20:00:00,28.0,84,0.0,4.7,52.0,52.3,79.0,19.0,46.7,678.0
Karol Bagh,28.6514,77.1907,2026-09-03 21:00:00,27.8,85,0.0,3.6,66.4,66.6,83.1,11.0,47.2,742.0
Karol Bagh,28.6514,77.1907,2026-09-03 22:00:00,27.7,86,0.0,2.7,67.8,68.0,82.3,9.0,45.4,798.0
Karol Bagh,28.6514,77.1907,2026-09-03 23:00:00,29.1,84,0.0,3.2,64.3,64.7,79.2,9.0,43.1,832.0
Karol Bagh,28.6514,77.1907,2026-09-04 00:00:00,27.9,90,0.2,1.6,61.7,61.9,74.1,11.0,40.5,832.0
Karol Bagh,28.6514,77.1907,2026-09-04 01:00:00,27.7,92,0.1,0.6,59.3,59.6,66.8,15.0,37.4,809.0
Karol Bagh,28.6514,77.1907,2026-09-04 02:00:00,27.6,91,0.0,3.8,58.2,58.7,59.9,19.0,34.8,779.0
Karol Bagh,28.6514,77.1907,2026-09-04 03:00:00,27.4,90,0.0,3.8,56.9,57.3,54.3,19.0,32.8,750.0
Karol Bagh,28.6514,77.1907,2026-09-04 04:00:00,27.1,91,0.0,4.6,54.7,55.2,49.1,19.0,31.2,714.0
Karol Bagh,28.6514,77.1907,2026-09-04 05:00:00,27.0,97,0.0,7.4,51.8,52.2,48.8,23.0,31.6,668.0
Karol Bagh,28.6514,77.1907,2026-09-04 06:00:00,26.3,97,0.8,7.6,48.0,48.3,47.7,24.0,31.1,606.0
Karol Bagh,28.6514,77.1907,2026-09-04 07:00:00,26.2,97,0.6,7.8,44.9,45.4,45.9,28.0,30.4,534.0
Karol Bagh,28.6514,77.1907,2026-09-04 08:00:00,27.2,90,0.2,7.4,46.9,47.4,42.6,39.0,30.0,470.0
Karol Bagh,28.6514,77.1907,2026-09-04 09:00:00,29.2,78,0.1,7.9,41.3,41.7,36.4,67.0,30.2,416.0
Karol Bagh,28.6514,77.1907,2026-09-04 10:00:00,30.3,74,0.0,7.6,38.4,38.8,28.8,102.0,30.7,369.0
Karol Bagh,28.6514,77.1907,2026-09-04 11:00:00,30.8,72,0.0,8.3,33.4,33.8,23.1,129.0,31.0,340.0
Karol Bagh,28.6514,77.1907,2026-09-04 12:00:00,30.0,78,2.9,5.0,31.9,32.4,20.7,139.0,30.7,333.0
Karol Bagh,28.6514,77.1907,2026-09-04 13:00:00,30.9,70,0.5,5.6,31.1,31.5,20.3,139.0,30.3,344.0
Karol Bagh,28.6514,77.1907,2026-09-04 14:00:00,29.8,75,1.5,7.6,30.9,31.2,21.2,136.0,30.0,364.0
Karol Bagh,28.6514,77.1907,2026-09-04 15:00:00,29.9,76,0.2,6.1,30.9,31.3,22.6,133.0,30.0,393.0
Karol Bagh,28.6514,77.1907,2026-09-04 16:00:00,29.8,76,0.0,6.3,31.0,31.4,25.3,126.0,30.2,431.0
Karol Bagh,28.6514,77.1907,2026-09-04 17:00:00,29.3,74,0.0,5.7,48.9,67.1,28.4,99.0,25.8,472.0
Karol Bagh,28.6514,77.1907,2026-09-04 18:00:00,28.6,78,0.0,3.5,51.9,57.9,35.7,82.0,25.6,525.0
Karol Bagh,28.6514,77.1907,2026-09-04 19:00:00,28.2,80,0.0,5.0,54.6,55.8,45.5,59.0,25.4,582.0
Karol Bagh,28.6514,77.1907,2026-09-04 20:00:00,27.7,85,0.1,4.3,52.2,52.3,50.9,43.0,24.6,612.0
Karol Bagh,28.6514,77.1907,2026-09-04 21:00:00,27.4,89,0.4,4.6,45.9,46.1,48.0,41.0,23.1,595.0
Karol Bagh,28.6514,77.1907,2026-09-04 22:00:00,26.9,93,0.7,5.5,39.2,39.5,40.6,46.0,21.1,551.0
Karol Bagh,28.6514,77.1907,2026-09-04 23:00:00,27.2,91,3.7,6.1,34.6,34.7,33.5,51.0,19.1,509.0
Karol Bagh,28.6514,77.1907,2026-09-05 00:00:00,26.8,94,0.5,6.4,27.9,28.1,27.9,55.0,16.9,477.0
Karol Bagh,28.6514,77.1907,2026-09-05 01:00:00,26.6,95,0.6,6.3,23.1,23.2,22.6,59.0,14.7,446.0
Karol Bagh,28.6514,77.1907,2026-09-05 02:00:00,26.2,96,0.5,8.5,18.2,18.3,18.8,62.0,13.1,421.0
Karol Bagh,28.6514,77.1907,2026-09-05 03:00:00,26.1,97,1.4,6.3,15.0,15.1,16.9,62.0,12.2,394.0
Karol Bagh,28.6514,77.1907,2026-09-05 04:00:00,25.9,97,2.2,6.3,13.7,13.8,16.4,59.0,11.9,373.0
Karol Bagh,28.6514,77.1907,2026-09-05 05:00:00,25.8,96,1.4,13.8,18.0,18.2,19.7,50.0,13.6,380.0
Karol Bagh,28.6514,77.1907,2026-09-05 06:00:00,25.3,96,2.4,8.5,20.4,20.5,24.3,44.0,15.3,445.0
Karol Bagh,28.6514,77.1907,2026-09-05 07:00:00,25.5,96,0.5,4.3,24.9,25.0,30.4,38.0,17.8,539.0
Karol Bagh,28.6514,77.1907,2026-09-05 08:00:00,26.0,93,0.1,5.7,25.7,25.8,33.7,38.0,20.1,592.0
Karol Bagh,28.6514,77.1907,2026-09-05 09:00:00,26.9,90,0.5,3.3,24.2,24.4,31.8,51.0,22.3,563.0
Karol Bagh,28.6514,77.1907,2026-09-05 10:00:00,27.8,86,0.5,5.0,22.8,22.9,27.1,72.0,24.3,493.0
Karol Bagh,28.6514,77.1907,2026-09-05 11:00:00,28.2,85,0.4,5.5,22.4,22.6,22.8,91.0,25.5,443.0
Karol Bagh,28.6514,77.1907,2026-09-05 12:00:00,26.9,89,2.8,9.7,23.7,24.0,19.6,109.0,25.2,439.0
Karol Bagh,28.6514,77.1907,2026-09-05 13:00:00,26.1,95,6.3,4.7,24.2,24.5,16.8,126.0,24.0,454.0
Karol Bagh,28.6514,77.1907,2026-09-05 14:00:00,26.0,96,1.8,6.6,24.7,25.3,15.8,136.0,22.8,470.0
Karol Bagh,28.6514,77.1907,2026-09-05 15:00:00,27.0,92,0.7,5.5,26.1,26.7,15.8,135.0,21.3,452.0
Karol Bagh,28.6514,77.1907,2026-09-05 16:00:00,27.1,92,0.2,5.1,28.2,28.8,17.7,127.0,19.7,435.0
Karol Bagh,28.6514,77.1907,2026-09-05 17:00:00,27.7,86,0.1,6.5,38.3,39.6,28.1,74.0,20.2,504.0
Karol Bagh,28.6514,77.1907,2026-09-05 18:00:00,27.4,88,0.0,4.1,44.0,44.8,34.9,62.0,21.1,739.0
Karol Bagh,28.6514,77.1907,2026-09-05 19:00:00,27.2,89,0.0,4.8,48.2,48.9,44.1,45.0,22.3,1060.0
Karol Bagh,28.6514,77.1907,2026-09-05 20:00:00,27.1,88,0.0,5.2,49.5,50.1,49.8,33.0,22.8,1307.0
Karol Bagh,28.6514,77.1907,2026-09-05 21:00:00,26.9,88,0.0,4.3,48.3,48.9,48.9,31.0,22.1,1425.0
Karol Bagh,28.6514,77.1907,2026-09-05 22:00:00,26.7,89,0.0,2.9,47.0,47.5,44.4,34.0,20.6,1468.0
Karol Bagh,28.6514,77.1907,2026-09-05 23:00:00,27.0,87,0.0,3.1,47.1,47.6,40.2,37.0,19.3,1441.0
Karol Bagh,28.6514,77.1907,2026-09-06 00:00:00,26.5,89,0.1,4.1,46.4,46.9,37.2,38.0,18.2,1314.0
Karol Bagh,28.6514,77.1907,2026-09-06 01:00:00,26.1,91,0.2,4.5,44.9,45.3,34.3,38.0,17.1,1118.0
Karol Bagh,28.6514,77.1907,2026-09-06 02:00:00,25.7,94,0.2,5.6,45.8,46.1,32.2,38.0,16.4,946.0
Karol Bagh,28.6514,77.1907,2026-09-06 03:00:00,25.5,95,0.1,6.9,47.0,47.5,31.4,35.0,16.0,835.0
Karol Bagh,28.6514,77.1907,2026-09-06 04:00:00,25.3,95,0.0,6.4,46.3,46.7,31.3,32.0,16.0,748.0
Karol Bagh,28.6514,77.1907,2026-09-06 05:00:00,24.8,99,0.0,5.5,45.5,45.9,31.4,35.0,20.8,670.0
Karol Bagh,28.6514,77.1907,2026-09-06 06:00:00,24.4,99,1.9,5.0,50.1,50.3,28.8,46.0,22.4,597.0
Karol Bagh,28.6514,77.1907,2026-09-06 07:00:00,24.2,98,3.3,5.5,43.8,44.1,25.2,63.0,24.5,533.0
Karol Bagh,28.6514,77.1907,2026-09-06 08:00:00,24.9,95,1.6,6.8,34.6,34.9,21.3,81.0,25.8,480.0
Karol Bagh,28.6514,77.1907,2026-09-06 09:00:00,25.4,94,1.1,6.9,30.2,30.5,17.1,102.0,25.7,440.0
Karol Bagh,28.6514,77.1907,2026-09-06 10:00:00,25.9,90,1.0,7.6,26.9,27.1,12.7,125.0,24.8,410.0
Karol Bagh,28.6514,77.1907,2026-09-06 11:00:00,26.7,92,0.5,9.2,25.1,25.3,9.5,143.0,23.9,386.0
Karol Bagh,28.6514,77.1907,2026-09-06 12:00:00,26.0,93,3.0,11.6,23.1,23.3,7.8,153.0,23.0,362.0
Karol Bagh,28.6514,77.1907,2026-09-06 13:00:00,25.4,94,1.8,11.3,23.3,23.5,7.3,157.0,22.0,344.0
Karol Bagh,28.6514,77.1907,2026-09-06 14:00:00,25.7,91,1.1,9.2,23.5,23.6,7.9,157.0,21.5,347.0
Karol Bagh,28.6514,77.1907,2026-09-06 15:00:00,26.0,87,0.2,6.1,22.7,23.1,7.8,154.0,21.1,350.0
Karol Bagh,28.6514,77.1907,2026-09-06 16:00:00,26.4,83,0.0,2.6,22.4,22.8,8.9,146.0,21.2,374.0
Karol Bagh,28.6514,77.1907,2026-09-06 17:00:00,28.1,78,0.0,6.0,23.6,23.7,16.5,93.0,17.0,493.0
Karol Bagh,28.6514,77.1907,2026-09-06 18:00:00,27.5,83,0.0,3.0,29.4,29.9,29.7,73.0,22.7,795.0
Karol Bagh,28.6514,77.1907,2026-09-06 19:00:00,26.9,86,0.0,1.3,40.3,40.5,48.0,45.0,30.7,1192.0
Karol Bagh,28.6514,77.1907,2026-09-06 20:00:00,26.7,89,0.0,1.1,50.4,50.5,62.8,24.0,38.2,1492.0
Karol Bagh,28.6514,77.1907,2026-09-06 21:00:00,26.4,89,0.0,0.6,53.6,53.6,70.1,15.0,44.2,1630.0
Karol Bagh,28.6514,77.1907,2026-09-06 22:00:00,26.1,91,0.0,1.7,59.8,59.8,73.9,13.0,49.6,1671.0
Karol Bagh,28.6514,77.1907,2026-09-06 23:00:00,26.4,90,0.0,0.4,69.4,69.4,76.8,11.0,54.0,1618.0
Karol Bagh,28.6514,77.1907,2026-09-07 00:00:00,25.9,91,0.0,0.5,75.4,75.4,79.6,9.0,56.9,1414.0
Karol Bagh,28.6514,77.1907,2026-09-07 01:00:00,25.8,90,0.0,1.0,77.1,77.1,81.5,7.0,58.8,1117.0
Karol Bagh,28.6514,77.1907,2026-09-07 02:00:00,25.4,91,0.0,2.7,79.6,79.6,83.0,6.0,60.2,904.0
Karol Bagh,28.6514,77.1907,2026-09-07 03:00:00,25.2,91,0.0,1.7,81.5,81.5,85.6,1.0,61.4,867.0
Karol Bagh,28.6514,77.1907,2026-09-07 04:00:00,24.7,94,0.0,4.5,84.5,84.8,87.8,0.0,62.1,915.0
Karol Bagh,28.6514,77.1907,2026-09-07 05:00:00,25.4,96,0.0,2.9,78.2,78.2,69.7,2.0,46.3,947.0
Karol Bagh,28.6514,77.1907,2026-09-07 06:00:00,25.1,98,0.0,4.7,83.1,83.1,60.4,20.0,44.6,936.0
Karol Bagh,28.6514,77.1907,2026-09-07 07:00:00,26.2,94,0.0,4.9,73.3,73.8,47.3,46.0,42.4,909.0
Karol Bagh,28.6514,77.1907,2026-09-07 08:00:00,27.8,86,0.0,3.6,51.1,53.3,35.5,78.0,40.8,851.0
Karol Bagh,28.6514,77.1907,2026-09-07 09:00:00,29.3,77,0.0,4.4,41.6,53.3,26.6,122.0,41.1,736.0
Karol Bagh,28.6514,77.1907,2026-09-07 10:00:00,30.5,71,0.0,4.0,46.8,64.7,19.0,172.0,42.1,590.0
Karol Bagh,28.6514,77.1907,2026-09-07 11:00:00,31.7,62,0.0,3.8,54.7,76.8,13.2,212.0,41.8,473.0
Karol Bagh,28.6514,77.1907,2026-09-07 12:00:00,32.1,60,0.0,3.4,59.6,78.9,9.1,237.0,38.9,401.0
Karol Bagh,28.6514,77.1907,2026-09-07 13:00:00,32.6,57,0.0,4.7,61.0,79.2,6.7,251.0,34.8,358.0
Karol Bagh,28.6514,77.1907,2026-09-07 14:00:00,32.0,56,0.4,10.4,59.6,76.6,7.0,252.0,31.2,359.0
Karol Bagh,28.6514,77.1907,2026-09-07 15:00:00,31.4,58,0.4,4.6,58.0,75.7,9.3,236.0,28.1,379.0
Karol Bagh,28.6514,77.1907,2026-09-07 16:00:00,31.2,62,0.0,5.0,54.0,72.6,14.2,206.0,25.5,442.0
Karol Bagh,28.6514,77.1907,2026-09-07 17:00:00,31.9,60,0.0,5.5,68.2,87.8,28.0,158.0,25.1,637.0
Karol Bagh,28.6514,77.1907,2026-09-07 18:00:00,30.7,68,0.0,1.4,82.2,97.8,48.0,125.0,30.1,1127.0
Karol Bagh,28.6514,77.1907,2026-09-07 19:00:00,30.0,71,0.0,1.6,99.7,115.0,75.2,79.0,36.9,1749.0
Karol Bagh,28.6514,77.1907,2026-09-07 20:00:00,29.4,75,0.0,1.8,105.2,118.5,93.8,46.0,42.5,2103.0
Karol Bagh,28.6514,77.1907,2026-09-07 21:00:00,28.8,78,0.0,1.4,99.9,111.1,95.7,37.0,45.3,1936.0
Karol Bagh,28.6514,77.1907,2026-09-07 22:00:00,28.0,80,0.0,3.7,100.1,110.8,88.9,40.0,46.9,1502.0
Karol Bagh,28.6514,77.1907,2026-09-07 23:00:00,27.8,81,0.0,2.4,99.7,110.6,81.1,44.0,47.9,1162.0
Karol Bagh,28.6514,77.1907,2026-09-08 00:00:00,26.8,82,0.0,4.2,98.7,109.4,74.6,44.0,49.1,1078.0
Karol Bagh,28.6514,77.1907,2026-09-08 01:00:00,26.4,83,0.0,4.8,98.3,109.0,67.2,45.0,49.8,1088.0
Karol Bagh,28.6514,77.1907,2026-09-08 02:00:00,26.0,85,0.0,4.3,96.6,108.0,60.1,45.0,49.1,1069.0
Karol Bagh,28.6514,77.1907,2026-09-08 03:00:00,25.7,86,0.0,3.9,92.7,104.5,53.3,44.0,46.5,953.0
Karol Bagh,28.6514,77.1907,2026-09-08 04:00:00,25.5,87,0.0,4.6,87.5,100.1,46.8,42.0,42.5,808.0
Karol Bagh,28.6514,77.1907,2026-09-08 05:00:00,26.1,81,0.0,4.1,116.2,133.2,73.6,43.0,55.6,710.0
Karol Bagh,28.6514,77.1907,2026-09-08 06:00:00,26.1,80,0.0,4.0,99.0,113.4,63.4,62.0,50.6,722.0
Karol Bagh,28.6514,77.1907,2026-09-08 07:00:00,26.5,82,0.0,8.0,88.9,99.9,49.0,88.0,43.5,783.0
Karol Bagh,28.6514,77.1907,2026-09-08 08:00:00,28.0,77,0.0,6.9,61.9,75.4,35.6,117.0,36.8,779.0
Karol Bagh,28.6514,77.1907,2026-09-08 09:00:00,29.5,69,0.0,9.4,47.0,68.2,24.4,150.0,31.2,636.0
Karol Bagh,28.6514,77.1907,2026-09-08 10:00:00,30.0,68,0.0,10.1,39.9,63.8,14.3,185.0,26.0,430.0
Karol Bagh,28.6514,77.1907,2026-09-08 11:00:00,32.1,61,0.0,9.6,37.3,62.2,7.2,208.0,21.7,276.0
Karol Bagh,28.6514,77.1907,2026-09-08 12:00:00,31.6,61,1.0,12.0,35.0,55.1,4.0,211.0,18.6,223.0
Karol Bagh,28.6514,77.1907,2026-09-08 13:00:00,32.0,63,0.4,9.6,34.8,58.1,3.9,201.0,16.5,224.0
Karol Bagh,28.6514,77.1907,2026-09-08 14:00:00,32.6,61,0.0,10.1,34.6,59.6,5.6,187.0,15.2,250.0
Karol Bagh,28.6514,77.1907,2026-09-08 15:00:00,32.7,59,0.0,10.4,34.7,62.4,8.9,171.0,14.5,288.0
Karol Bagh,28.6514,77.1907,2026-09-08 16:00:00,32.6,56,0.0,9.5,40.7,107.8,14.2,152.0,14.5,352.0
Karol Bagh,28.6514,77.1907,2026-09-08 17:00:00,32.1,64,0.0,4.4,44.4,114.3,21.6,122.0,15.5,454.0
Karol Bagh,28.6514,77.1907,2026-09-08 18:00:00,31.3,70,0.0,2.7,49.4,104.3,31.3,102.0,18.4,629.0
Karol Bagh,28.6514,77.1907,2026-09-08 19:00:00,30.5,72,0.0,4.0,53.2,101.7,44.7,74.0,22.4,842.0
Karol Bagh,28.6514,77.1907,2026-09-08 20:00:00,29.7,75,0.0,4.4,56.8,109.0,55.0,52.0,25.9,1000.0
Karol Bagh,28.6514,77.1907,2026-09-08 21:00:00,29.2,78,0.0,3.6,62.2,122.5,59.2,42.0,28.6,1072.0
Karol Bagh,28.6514,77.1907,2026-09-08 22:00:00,28.4,81,0.0,3.7,68.2,136.4,60.2,37.0,30.8,1090.0
Karol Bagh,28.6514,77.1907,2026-09-08 23:00:00,28.9,80,0.0,5.8,73.1,145.8,60.2,34.0,31.7,1053.0
Karol Bagh,28.6514,77.1907,2026-09-09 00:00:00,28.1,82,0.0,5.0,74.5,147.6,59.9,30.0,30.4,939.0
Karol Bagh,28.6514,77.1907,2026-09-09 01:00:00,27.6,84,0.0,5.1,73.8,145.3,58.5,27.0,27.8,770.0
Karol Bagh,28.6514,77.1907,2026-09-09 02:00:00,27.1,86,0.0,5.1,72.4,140.2,56.2,25.0,25.2,614.0
Karol Bagh,28.6514,77.1907,2026-09-09 03:00:00,26.8,86,0.0,5.3,70.1,139.7,52.8,21.0,23.2,482.0
Karol Bagh,28.6514,77.1907,2026-09-09 04:00:00,26.7,80,0.0,6.6,67.1,143.0,48.5,17.0,21.3,362.0
Karol Bagh,28.6514,77.1907,2026-09-09 05:00:00,27.6,78,0.0,9.4,54.0,169.0,23.4,38.0,13.7,292.0
Karol Bagh,28.6514,77.1907,2026-09-09 06:00:00,27.4,74,0.0,11.5,49.0,136.9,23.3,40.0,13.4,310.0
Karol Bagh,28.6514,77.1907,2026-09-09 07:00:00,28.1,73,0.0,10.6,48.7,143.4,22.8,45.0,13.0,378.0
Karol Bagh,28.6514,77.1907,2026-09-09 08:00:00,29.1,71,0.0,10.5,52.3,165.3,21.1,57.0,12.9,412.0
Karol Bagh,28.6514,77.1907,2026-09-09 09:00:00,30.2,67,0.0,11.1,59.1,232.4,16.7,84.0,13.2,369.0
Karol Bagh,28.6514,77.1907,2026-09-09 10:00:00,31.3,63,0.0,10.8,65.9,267.3,11.0,118.0,13.8,293.0
Karol Bagh,28.6514,77.1907,2026-09-09 11:00:00,33.0,53,0.0,13.4,72.6,299.0,6.7,143.0,14.1,234.0
Karol Bagh,28.6514,77.1907,2026-09-09 12:00:00,33.5,51,0.0,11.9,74.7,309.2,4.6,153.0,13.7,202.0
Karol Bagh,28.6514,77.1907,2026-09-09 13:00:00,33.8,50,0.0,11.6,74.0,309.2,4.0,154.0,13.1,187.0
Karol Bagh,28.6514,77.1907,2026-09-09 14:00:00,33.9,49,0.0,11.5,74.5,317.6,5.5,150.0,12.7,206.0
Karol Bagh,28.6514,77.1907,2026-09-09 15:00:00,33.8,49,0.0,11.8,75.7,330.6,9.3,140.0,12.5,263.0
Karol Bagh,28.6514,77.1907,2026-09-09 16:00:00,33.3,51,0.0,10.3,77.5,333.4,15.3,124.0,12.5,353.0
Karol Bagh,28.6514,77.1907,2026-09-09 17:00:00,33.3,54,0.0,7.3,70.8,273.8,22.3,104.0,13.6,479.0
Karol Bagh,28.6514,77.1907,2026-09-09 18:00:00,31.7,64,0.0,3.8,76.1,248.7,34.0,83.0,17.2,673.0
Karol Bagh,28.6514,77.1907,2026-09-09 19:00:00,30.8,68,0.0,4.1,83.6,244.9,50.2,55.0,22.4,902.0
Karol Bagh,28.6514,77.1907,2026-09-09 20:00:00,30.3,70,0.0,4.0,92.0,256.1,62.1,33.0,27.9,1074.0
Karol Bagh,28.6514,77.1907,2026-09-09 21:00:00,29.2,75,0.0,3.8,100.4,276.6,65.4,26.0,34.0,1166.0
Karol Bagh,28.6514,77.1907,2026-09-09 22:00:00,28.6,79,0.0,3.3,109.2,296.2,64.6,25.0,40.3,1201.0
Karol Bagh,28.6514,77.1907,2026-09-09 23:00:00,28.8,82,0.0,3.7,116.4,305.5,64.2,24.0,44.3,1155.0
Karol Bagh,28.6514,77.1907,2026-09-10 00:00:00,28.4,81,0.0,4.3,121.5,306.4,66.4,19.0,44.6,975.0
Karol Bagh,28.6514,77.1907,2026-09-10 01:00:00,28.0,82,0.0,4.1,123.9,295.2,69.0,14.0,42.6,715.0
Karol Bagh,28.6514,77.1907,2026-09-10 02:00:00,27.7,83,0.0,4.6,117.8,268.2,70.5,9.0,39.9,506.0
Karol Bagh,28.6514,77.1907,2026-09-10 03:00:00,27.4,83,0.0,3.9,107.1,234.2,70.5,4.0,36.4,394.0
Karol Bagh,28.6514,77.1907,2026-09-10 04:00:00,27.1,84,0.0,4.4,96.4,202.1,69.4,0.0,32.2,334.0
Karol Bagh,28.6514,77.1907,2026-09-10 05:00:00,27.8,80,0.0,5.3,61.5,131.3,36.8,35.0,17.3,324.0
Karol Bagh,28.6514,77.1907,2026-09-10 06:00:00,27.1,82,0.0,7.4,61.0,128.1,35.5,43.0,17.6,403.0
Karol Bagh,28.6514,77.1907,2026-09-10 07:00:00,28.0,78,0.0,7.0,61.2,124.3,33.5,55.0,18.0,533.0
Karol Bagh,28.6514,77.1907,2026-09-10 08:00:00,29.7,69,0.0,8.6,58.2,131.3,29.7,73.0,18.2,594.0
Karol Bagh,28.6514,77.1907,2026-09-10 09:00:00,30.9,63,0.0,10.3,56.8,148.5,22.6,102.0,18.1,512.0
Karol Bagh,28.6514,77.1907,2026-09-10 10:00:00,32.1,59,0.0,9.4,56.9,171.4,13.7,137.0,17.8,362.0
Karol Bagh,28.6514,77.1907,2026-09-10 11:00:00,33.9,51,0.0,11.6,56.8,183.5,7.2,162.0,17.4,246.0
Karol Bagh,28.6514,77.1907,2026-09-10 12:00:00,34.3,48,0.0,10.9,52.4,161.6,4.4,170.0,16.8,206.0
Karol Bagh,28.6514,77.1907,2026-09-10 13:00:00,34.8,45,0.0,10.8,54.8,183.9,3.9,167.0,16.1,201.0
Karol Bagh,28.6514,77.1907,2026-09-10 14:00:00,34.7,45,0.0,11.7,55.8,197.0,5.7,160.0,15.7,213.0
Karol Bagh,28.6514,77.1907,2026-09-10 15:00:00,34.4,46,0.0,11.6,57.7,212.8,9.9,149.0,15.5,213.0
Karol Bagh,28.6514,77.1907,2026-09-10 16:00:00,33.8,49,0.0,10.7,59.3,213.7,16.5,133.0,15.6,230.0
Karol Bagh,28.6514,77.1907,2026-09-10 17:00:00,33.7,48,0.0,10.4,60.5,245.9,19.5,111.0,14.2,338.0
Karol Bagh,28.6514,77.1907,2026-09-10 18:00:00,32.0,56,0.0,5.7,65.4,242.1,27.2,94.0,17.0,622.0
Karol Bagh,28.6514,77.1907,2026-09-10 19:00:00,31.1,62,0.0,4.8,71.2,236.6,38.1,71.0,20.9,997.0
Karol Bagh,28.6514,77.1907,2026-09-10 20:00:00,30.4,66,0.0,4.4,77.1,244.9,47.8,51.0,24.5,1276.0
Karol Bagh,28.6514,77.1907,2026-09-10 21:00:00,29.8,69,0.0,4.1,83.6,255.2,55.5,38.0,27.8,1387.0
Karol Bagh,28.6514,77.1907,2026-09-10 22:00:00,29.5,70,0.0,2.7,90.3,265.4,62.0,29.0,30.8,1403.0
Karol Bagh,28.6514,77.1907,2026-09-10 23:00:00,29.9,70,0.0,2.9,95.0,255.2,65.4,23.0,32.5,1356.0
Karol Bagh,28.6514,77.1907,2026-09-11 00:00:00,29.4,70,0.0,1.9,93.6,222.6,64.1,20.0,31.7,1226.0
Karol Bagh,28.6514,77.1907,2026-09-11 01:00:00,28.9,71,0.0,3.2,87.3,182.5,59.8,19.0,29.5,1032.0
Karol Bagh,28.6514,77.1907,2026-09-11 02:00:00,27.7,78,0.0,4.2,80.3,151.3,55.7,20.0,28.0,866.0
Karol Bagh,28.6514,77.1907,2026-09-11 03:00:00,27.2,83,0.0,2.8,74.7,128.5,53.1,19.0,27.8,749.0
Karol Bagh,28.6514,77.1907,2026-09-11 04:00:00,27.0,86,0.0,2.2,72.9,114.1,50.8,19.0,28.3,659.0
Karol Bagh,28.6514,77.1907,2026-09-11 05:00:00,28.9,78,0.0,0.5,86.1,158.3,54.9,12.0,26.9,622.0
Karol Bagh,28.6514,77.1907,2026-09-11 06:00:00,28.2,81,0.0,1.4,90.6,154.1,51.3,32.0,29.9,688.0
Karol Bagh,28.6514,77.1907,2026-09-11 07:00:00,29.1,81,0.0,3.6,88.7,136.0,45.9,61.0,34.1,808.0
Karol Bagh,28.6514,77.1907,2026-09-11 08:00:00,30.2,81,0.0,4.6,78.7,139.2,39.0,95.0,36.7,859.0
Karol Bagh,28.6514,77.1907,2026-09-11 09:00:00,31.4,76,0.0,6.0,70.8,140.2,29.0,141.0,36.6,769.0
Karol Bagh,28.6514,77.1907,2026-09-11 10:00:00,28.5,84,3.2,11.5,65.0,122.9,17.5,193.0,35.0,610.0
Karol Bagh,28.6514,77.1907,2026-09-11 11:00:00,31.4,66,0.9,11.3,62.6,104.3,9.9,223.0,32.9,484.0
Karol Bagh,28.6514,77.1907,2026-09-11 12:00:00,30.5,73,1.6,4.6,61.5,93.4,9.1,215.0,29.9,423.0
Karol Bagh,28.6514,77.1907,2026-09-11 13:00:00,30.6,66,0.9,12.3,50.1,65.2,12.1,185.0,26.3,394.0
Karol Bagh,28.6514,77.1907,2026-09-11 14:00:00,30.1,75,0.6,7.4,39.2,43.1,15.5,158.0,24.0,395.0
Karol Bagh,28.6514,77.1907,2026-09-11 15:00:00,30.8,71,0.3,7.7,30.7,31.7,18.3,142.0,24.0,436.0
Karol Bagh,28.6514,77.1907,2026-09-11 16:00:00,30.6,69,0.1,8.7,26.2,26.5,21.6,129.0,25.2,507.0
Karol Bagh,28.6514,77.1907,2026-09-11 17:00:00,27.9,85,0.0,9.3,17.1,17.1,18.0,123.0,20.9,578.0
Karol Bagh,28.6514,77.1907,2026-09-11 18:00:00,27.4,87,0.4,6.1,21.3,21.3,21.7,108.0,21.6,648.0
Karol Bagh,28.6514,77.1907,2026-09-11 19:00:00,27.3,88,0.1,4.5,21.0,21.0,26.8,88.0,22.6,718.0
Karol Bagh,28.6514,77.1907,2026-09-11 20:00:00,27.2,89,0.0,5.8,20.0,20.0,30.5,71.0,23.4,756.0
Karol Bagh,28.6514,77.1907,2026-09-11 21:00:00,27.3,90,0.0,6.8,19.6,19.6,31.6,62.0,23.8,742.0
Karol Bagh,28.6514,77.1907,2026-09-11 22:00:00,27.1,90,0.0,6.9,20.2,20.2,31.3,56.0,23.9,695.0
Karol Bagh,28.6514,77.1907,2026-09-11 23:00:00,27.7,90,0.0,7.9,20.3,20.4,30.5,51.0,23.8,643.0
Karol Bagh,28.6514,77.1907,2026-09-12 00:00:00,27.4,89,0.0,6.9,19.6,19.8,29.2,47.0,23.2,588.0
Karol Bagh,28.6514,77.1907,2026-09-12 01:00:00,27.2,89,0.0,5.6,19.1,19.4,27.4,44.0,22.4,528.0
Karol Bagh,28.6514,77.1907,2026-09-12 02:00:00,27.1,89,0.0,6.7,18.9,19.3,26.1,42.0,21.8,484.0
Karol Bagh,28.6514,77.1907,2026-09-12 03:00:00,26.7,91,0.0,5.1,19.1,19.6,25.5,39.0,21.7,458.0
Karol Bagh,28.6514,77.1907,2026-09-12 04:00:00,26.0,94,2.5,6.2,18.8,19.3,25.4,37.0,21.8,447.0
Karol Bagh,28.6514,77.1907,2026-09-12 05:00:00,27.4,90,1.1,6.3,17.2,17.7,23.6,42.0,22.3,464.0
Karol Bagh,28.6514,77.1907,2026-09-12 06:00:00,27.1,92,0.2,7.0,17.4,18.1,26.7,43.0,23.2,541.0
Karol Bagh,28.6514,77.1907,2026-09-12 07:00:00,27.7,90,0.2,6.6,18.7,19.4,30.8,44.0,24.4,646.0
Karol Bagh,28.6514,77.1907,2026-09-12 08:00:00,28.7,84,0.0,5.7,19.8,20.4,32.7,50.0,25.5,698.0
Karol Bagh,28.6514,77.1907,2026-09-12 09:00:00,29.1,82,0.0,5.6,20.1,20.4,30.6,63.0,26.7,649.0
Karol Bagh,28.6514,77.1907,2026-09-12 10:00:00,31.0,72,0.0,4.6,19.3,19.4,26.2,80.0,27.9,548.0
Karol Bagh,28.6514,77.1907,2026-09-12 11:00:00,29.9,74,1.7,3.9,18.6,18.7,21.8,99.0,28.1,459.0
Karol Bagh,28.6514,77.1907,2026-09-12 12:00:00,31.0,69,0.3,5.8,20.0,20.1,16.9,123.0,26.7,399.0
Karol Bagh,28.6514,77.1907,2026-09-12 13:00:00,31.4,67,0.8,12.2,21.2,25.8,12.0,149.0,24.4,353.0
Karol Bagh,28.6514,77.1907,2026-09-12 14:00:00,31.5,68,0.2,9.7,21.3,22.7,10.1,163.0,22.4,337.0
Karol Bagh,28.6514,77.1907,2026-09-12 15:00:00,31.5,68,0.0,8.4,21.6,25.1,13.3,158.0,21.0,367.0
Karol Bagh,28.6514,77.1907,2026-09-12 16:00:00,31.2,68,0.0,8.5,21.4,23.5,19.7,141.0,19.9,429.0
Karol Bagh,28.6514,77.1907,2026-09-12 17:00:00,30.1,76,0.2,6.6,20.3,20.7,19.1,126.0,17.6,492.0
Karol Bagh,28.6514,77.1907,2026-09-12 18:00:00,29.4,80,0.0,3.9,28.1,28.2,32.6,100.0,20.9,559.0
Karol Bagh,28.6514,77.1907,2026-09-12 19:00:00,29.0,83,0.0,3.3,37.6,37.7,50.9,65.0,25.3,629.0
Karol Bagh,28.6514,77.1907,2026-09-12 20:00:00,28.8,84,0.0,3.8,41.9,42.0,62.8,39.0,28.1,668.0
Karol Bagh,28.6514,77.1907,2026-09-12 21:00:00,28.8,85,0.0,5.2,44.1,44.2,62.8,33.0,27.9,656.0
Karol Bagh,28.6514,77.1907,2026-09-12 22:00:00,28.6,85,0.0,5.6,42.6,42.7,56.4,36.0,26.1,612.0
Karol Bagh,28.6514,77.1907,2026-09-12 23:00:00,29.4,83,0.0,6.8,39.3,39.5,49.1,41.0,24.3,564.0
Karol Bagh,28.6514,77.1907,2026-09-13 00:00:00,28.8,84,0.0,5.4,36.4,36.6,41.7,44.0,22.9,516.0
Karol Bagh,28.6514,77.1907,2026-09-13 01:00:00,28.4,86,0.0,5.8,34.0,34.0,33.3,48.0,21.5,464.0
Karol Bagh,28.6514,77.1907,2026-09-13 02:00:00,28.1,87,0.0,5.9,31.7,31.7,26.9,51.0,20.3,420.0
Karol Bagh,28.6514,77.1907,2026-09-13 03:00:00,27.9,87,0.0,6.7,29.6,29.6,24.0,48.0,19.4,387.0
Karol Bagh,28.6514,77.1907,2026-09-13 04:00:00,27.7,88,0.0,6.5,28.0,28.1,23.0,44.0,18.7,362.0
Karol Bagh,28.6514,77.1907,2026-09-13 05:00:00,27.9,86,0.0,8.0,24.3,24.3,23.0,37.0,13.8,351.0
Karol Bagh,28.6514,77.1907,2026-09-13 06:00:00,27.6,88,0.0,9.4,25.4,25.5,21.4,51.0,15.9,368.0
Karol Bagh,28.6514,77.1907,2026-09-13 07:00:00,28.1,87,0.0,8.2,28.5,28.5,19.1,71.0,18.8,399.0
Karol Bagh,28.6514,77.1907,2026-09-13 08:00:00,29.0,81,0.0,9.6,25.6,25.7,16.4,94.0,20.9,409.0
Karol Bagh,28.6514,77.1907,2026-09-13 09:00:00,30.0,74,0.0,10.2,23.8,24.3,12.8,123.0,21.6,373.0
Karol Bagh,28.6514,77.1907,2026-09-13 10:00:00,31.1,66,0.0,10.2,25.1,26.3,8.7,155.0,21.5,316.0
Karol Bagh,28.6514,77.1907,2026-09-13 11:00:00,32.1,61,0.1,9.6,27.1,40.0,5.8,177.0,21.0,272.0
Karol Bagh,28.6514,77.1907,2026-09-13 12:00:00,32.5,59,0.1,9.5,27.0,31.8,4.6,184.0,19.8,256.0
Karol Bagh,28.6514,77.1907,2026-09-13 13:00:00,32.8,59,0.1,9.4,26.4,29.6,4.4,181.0,18.1,255.0
Karol Bagh,28.6514,77.1907,2026-09-13 14:00:00,32.8,59,0.1,9.5,25.5,27.6,5.3,174.0,17.0,261.0
Karol Bagh,28.6514,77.1907,2026-09-13 15:00:00,32.6,59,0.1,8.7,24.7,26.0,7.2,164.0,16.7,277.0
Karol Bagh,28.6514,77.1907,2026-09-13 16:00:00,32.1,61,0.1,8.7,24.1,25.0,10.1,150.0,16.9,301.0
Karol Bagh,28.6514,77.1907,2026-09-13 17:00:00,32.0,62,0.0,8.5,24.6,25.8,13.4,124.0,17.6,324.0
Karol Bagh,28.6514,77.1907,2026-09-13 18:00:00,29.9,71,0.3,9.2,28.9,30.3,16.7,110.0,18.4,346.0
Karol Bagh,28.6514,77.1907,2026-09-13 19:00:00,28.9,79,0.0,7.6,30.5,31.2,21.2,91.0,19.5,366.0
Karol Bagh,28.6514,77.1907,2026-09-13 20:00:00,28.4,82,0.0,6.9,30.2,31.2,24.1,77.0,20.3,379.0
Karol Bagh,28.6514,77.1907,2026-09-13 21:00:00,28.1,84,0.0,8.1,29.6,31.2,24.0,73.0,20.6,382.0
Karol Bagh,28.6514,77.1907,2026-09-13 22:00:00,27.8,86,0.0,8.0,28.2,29.7,22.3,74.0,20.5,377.0
Karol Bagh,28.6514,77.1907,2026-09-13 23:00:00,28.4,83,0.0,9.5,25.7,30.6,20.5,74.0,20.1,364.0
Karol Bagh,28.6514,77.1907,2026-09-14 00:00:00,27.8,86,0.1,9.0,23.1,31.1,18.9,73.0,19.1,338.0
Karol Bagh,28.6514,77.1907,2026-09-14 01:00:00,27.4,88,0.0,8.5,21.0,29.9,17.2,71.0,17.7,304.0
Karol Bagh,28.6514,77.1907,2026-09-14 02:00:00,27.1,89,0.0,8.5,19.2,29.2,16.0,68.0,16.7,279.0
Karol Bagh,28.6514,77.1907,2026-09-14 03:00:00,26.9,90,0.0,8.8,18.2,30.0,15.7,62.0,16.3,264.0
Karol Bagh,28.6514,77.1907,2026-09-14 04:00:00,26.5,91,0.1,8.3,18.0,31.4,15.9,56.0,16.3,259.0
Karol Bagh,28.6514,77.1907,2026-09-14 05:00:00,26.8,91,0.2,8.3,17.8,26.3,16.9,53.0,18.6,272.0
Karol Bagh,28.6514,77.1907,2026-09-14 06:00:00,26.7,92,0.0,8.3,19.7,27.7,17.8,57.0,20.4,325.0
Karol Bagh,28.6514,77.1907,2026-09-14 07:00:00,27.6,88,0.0,8.9,20.9,28.2,18.8,65.0,23.0,396.0
Karol Bagh,28.6514,77.1907,2026-09-14 08:00:00,28.5,83,0.1,10.5,21.4,24.8,18.4,80.0,24.8,439.0
Karol Bagh,28.6514,77.1907,2026-09-14 09:00:00,29.5,76,0.1,9.3,21.4,23.6,15.3,110.0,25.4,424.0
Karol Bagh,28.6514,77.1907,2026-09-14 10:00:00,30.7,70,0.2,9.5,21.8,23.4,10.8,148.0,25.3,379.0
Karol Bagh,28.6514,77.1907,2026-09-14 11:00:00,29.8,69,0.1,10.8,23.8,25.0,7.4,176.0,24.5,342.0
Karol Bagh,28.6514,77.1907,2026-09-14 12:00:00,31.4,66,0.5,10.4,25.5,26.5,5.6,188.0,22.5,321.0
Karol Bagh,28.6514,77.1907,2026-09-14 13:00:00,31.5,68,0.3,8.7,27.3,28.2,4.9,189.0,19.7,308.0
Karol Bagh,28.6514,77.1907,2026-09-14 14:00:00,31.9,65,0.4,8.7,26.1,30.7,5.9,185.0,18.0,314.0
Karol Bagh,28.6514,77.1907,2026-09-14 15:00:00,31.2,66,0.3,8.3,27.9,32.7,9.2,174.0,18.1,347.0
Karol Bagh,28.6514,77.1907,2026-09-14 16:00:00,31.3,66,0.4,7.2,27.4,29.3,14.2,157.0,19.3,399.0
Karol Bagh,28.6514,77.1907,2026-09-14 17:00:00,31.3,63,0.0,7.8,43.7,45.6,16.6,146.0,22.3,458.0
Karol Bagh,28.6514,77.1907,2026-09-14 18:00:00,30.5,70,0.0,3.5,46.1,47.5,24.7,123.0,24.3,535.0
Karol Bagh,28.6514,77.1907,2026-09-14 19:00:00,29.9,74,0.0,4.2,52.7,53.9,35.8,91.0,27.1,618.0
Karol Bagh,28.6514,77.1907,2026-09-14 20:00:00,29.5,76,0.0,5.8,55.3,56.3,42.9,67.0,29.1,662.0
Karol Bagh,28.6514,77.1907,2026-09-14 21:00:00,29.0,78,0.0,6.5,56.1,57.2,42.5,60.0,29.5,637.0
Karol Bagh,28.6514,77.1907,2026-09-14 22:00:00,27.5,81,0.1,12.1,55.9,56.9,38.2,62.0,29.2,572.0
Karol Bagh,28.6514,77.1907,2026-09-14 23:00:00,27.7,83,0.4,8.7,54.6,55.5,33.8,64.0,28.5,511.0
Karol Bagh,28.6514,77.1907,2026-09-15 00:00:00,27.1,84,0.0,7.9,53.6,54.4,30.4,63.0,27.5,464.0
Karol Bagh,28.6514,77.1907,2026-09-15 01:00:00,26.7,86,0.0,7.2,52.6,53.4,27.1,63.0,26.1,420.0
Karol Bagh,28.6514,77.1907,2026-09-15 02:00:00,26.4,87,0.0,6.8,51.2,51.9,24.6,62.0,25.2,389.0
Karol Bagh,28.6514,77.1907,2026-09-15 03:00:00,26.2,89,0.0,6.5,49.4,50.1,23.6,60.0,24.7,371.0
Karol Bagh,28.6514,77.1907,2026-09-15 04:00:00,26.0,90,0.0,6.0,47.7,48.4,23.5,57.0,24.5,365.0
Karol Bagh,28.6514,77.1907,2026-09-15 05:00:00,26.4,87,0.0,4.9,52.0,52.9,26.2,48.0,24.9,383.0
Karol Bagh,28.6514,77.1907,2026-09-15 06:00:00,26.3,87,0.0,4.0,56.1,56.9,27.3,57.0,28.2,451.0
Karol Bagh,28.6514,77.1907,2026-09-15 07:00:00,27.3,83,0.0,3.3,55.8,56.6,28.7,71.0,32.8,543.0
Karol Bagh,28.6514,77.1907,2026-09-15 08:00:00,28.9,76,0.0,5.4,46.7,47.7,27.8,92.0,35.8,585.0
Karol Bagh,28.6514,77.1907,2026-09-15 09:00:00,30.4,69,0.0,7.0,41.4,42.6,22.6,126.0,36.0,528.0
Karol Bagh,28.6514,77.1907,2026-09-15 10:00:00,31.7,62,0.1,8.6,37.6,38.6,15.3,166.0,34.8,422.0
Karol Bagh,28.6514,77.1907,2026-09-15 11:00:00,31.4,61,0.1,6.7,38.3,39.3,9.6,197.0,32.9,342.0
Karol Bagh,28.6514,77.1907,2026-09-15 12:00:00,30.2,64,1.5,13.3,39.8,41.0,7.1,213.0,30.3,317.0
Karol Bagh,28.6514,77.1907,2026-09-15 13:00:00,31.6,59,0.1,5.4,40.7,41.9,6.2,219.0,27.1,318.0
Karol Bagh,28.6514,77.1907,2026-09-15 14:00:00,32.5,56,0.0,5.3,41.3,42.5,6.8,219.0,24.9,338.0
Karol Bagh,28.6514,77.1907,2026-09-15 15:00:00,32.6,56,0.0,3.8,41.2,42.4,8.5,212.0,24.2,376.0
Karol Bagh,28.6514,77.1907,2026-09-15 16:00:00,32.5,57,0.0,2.5,40.0,41.2,11.5,199.0,24.4,432.0
Karol Bagh,28.6514,77.1907,2026-09-15 17:00:00,32.0,58,0.3,2.8,54.8,57.4,16.1,173.0,25.0,500.0
Karol Bagh,28.6514,77.1907,2026-09-15 18:00:00,31.3,65,0.1,2.7,60.8,62.9,18.8,156.0,26.6,587.0
Karol Bagh,28.6514,77.1907,2026-09-15 19:00:00,30.2,71,0.0,3.9,64.5,66.1,22.9,132.0,28.8,686.0
Karol Bagh,28.6514,77.1907,2026-09-15 20:00:00,29.5,77,0.0,4.0,61.7,63.3,27.9,108.0,30.8,769.0
Karol Bagh,28.6514,77.1907,2026-09-15 21:00:00,29.1,80,0.0,3.8,65.0,66.4,35.0,84.0,32.2,840.0
Karol Bagh,28.6514,77.1907,2026-09-15 22:00:00,29.0,81,0.0,2.9,70.8,72.2,43.1,61.0,33.4,894.0
Karol Bagh,28.6514,77.1907,2026-09-15 23:00:00,29.7,78,0.0,3.4,73.6,74.7,48.4,43.0,34.1,893.0
Karol Bagh,28.6514,77.1907,2026-09-16 00:00:00,29.2,80,0.0,2.9,73.3,74.5,48.3,35.0,33.9,789.0
Karol Bagh,28.6514,77.1907,2026-09-16 01:00:00,29.0,80,0.0,1.9,73.1,74.3,45.6,33.0,33.3,630.0
Karol Bagh,28.6514,77.1907,2026-09-16 02:00:00,28.6,82,0.0,1.8,75.7,76.8,44.5,30.0,33.3,513.0
Karol Bagh,28.6514,77.1907,2026-09-16 03:00:00,28.5,82,0.0,0.7,78.0,79.2,47.9,20.0,33.9,477.0
Karol Bagh,28.6514,77.1907,2026-09-16 04:00:00,28.3,82,0.0,0.3,80.6,81.7,53.0,9.0,35.1,484.0
Karol Bagh,28.6514,77.1907,2026-09-16 05:00:00,28.5,85,0.0,1.2,76.4,77.3,53.3,17.0,35.4,520.0
Karol Bagh,28.6514,77.1907,2026-09-16 06:00:00,28.2,86,0.0,1.5,86.8,87.8,52.3,32.0,38.8,614.0
Karol Bagh,28.6514,77.1907,2026-09-16 07:00:00,28.9,82,0.0,1.9,86.8,87.5,50.4,55.0,43.3,737.0
Karol Bagh,28.6514,77.1907,2026-09-16 08:00:00,30.1,76,0.0,2.5,75.2,76.1,45.5,87.0,45.5,792.0
Karol Bagh,28.6514,77.1907,2026-09-16 09:00:00,31.4,69,0.0,3.1,58.7,59.8,34.5,137.0,43.4,714.0
Karol Bagh,28.6514,77.1907,2026-09-16 10:00:00,32.7,62,0.0,2.9,55.3,56.8,20.5,196.0,39.0,568.0
Karol Bagh,28.6514,77.1907,2026-09-16 11:00:00,33.9,52,0.0,3.1,54.8,56.6,10.1,240.0,34.7,454.0
Karol Bagh,28.6514,77.1907,2026-09-16 12:00:00,34.5,51,0.1,3.6,55.8,57.7,6.3,259.0,31.2,412.0
Karol Bagh,28.6514,77.1907,2026-09-16 13:00:00,35.0,49,0.0,3.4,56.3,59.0,6.2,263.0,27.9,403.0
Karol Bagh,28.6514,77.1907,2026-09-16 14:00:00,35.1,47,0.0,4.1,56.8,60.1,7.4,257.0,25.1,408.0
Karol Bagh,28.6514,77.1907,2026-09-16 15:00:00,34.9,47,0.0,6.0,54.9,58.9,9.3,241.0,22.9,398.0
Karol Bagh,28.6514,77.1907,2026-09-16 16:00:00,34.2,48,0.0,7.1,51.8,55.5,12.6,215.0,21.3,403.0
Karol Bagh,28.6514,77.1907,2026-09-16 17:00:00,33.8,50,0.0,5.8,46.3,51.9,17.8,181.0,21.7,490.0
Karol Bagh,28.6514,77.1907,2026-09-16 18:00:00,32.2,58,0.0,4.1,51.2,56.3,24.1,157.0,24.5,750.0
Karol Bagh,28.6514,77.1907,2026-09-16 19:00:00,31.3,63,0.0,3.8,57.6,62.6,33.1,124.0,28.5,1093.0
Karol Bagh,28.6514,77.1907,2026-09-16 20:00:00,30.9,66,0.0,2.7,65.9,71.0,42.0,95.0,32.5,1320.0
Karol Bagh,28.6514,77.1907,2026-09-16 21:00:00,30.4,68,0.0,2.7,75.0,80.6,50.9,74.0,36.5,1346.0
Karol Bagh,28.6514,77.1907,2026-09-16 22:00:00,30.1,69,0.0,2.7,84.5,90.3,59.6,58.0,40.5,1256.0
Karol Bagh,28.6514,77.1907,2026-09-16 23:00:00,30.2,72,0.0,2.5,93.8,100.1,65.3,46.0,43.0,1110.0
Karol Bagh,28.6514,77.1907,2026-09-17 00:00:00,29.6,72,0.0,1.3,97.1,104.1,65.7,40.0,42.8,879.0
Karol Bagh,28.6514,77.1907,2026-09-17 01:00:00,29.3,73,0.0,1.8,98.5,105.7,63.1,38.0,41.0,592.0
Karol Bagh,28.6514,77.1907,2026-09-17 02:00:00,27.4,78,0.4,5.8,99.9,107.1,60.9,36.0,39.5,397.0
Karol Bagh,28.6514,77.1907,2026-09-17 03:00:00,24.8,94,1.8,8.1,102.0,109.0,61.2,28.0,38.6,371.0
Karol Bagh,28.6514,77.1907,2026-09-17 04:00:00,24.9,93,0.2,7.1,103.1,109.4,62.0,19.0,37.9,436.0
Karol Bagh,28.6514,77.1907,2026-09-17 05:00:00,26.0,88,0.0,15.5,40.5,43.4,16.4,104.0,20.6,505.0
Karol Bagh,28.6514,77.1907,2026-09-17 06:00:00,24.6,84,0.0,7.3,40.2,42.8,18.9,103.0,21.6,562.0
Karol Bagh,28.6514,77.1907,2026-09-17 07:00:00,25.8,80,0.0,6.3,39.6,42.3,22.1,102.0,23.0,623.0
Karol Bagh,28.6514,77.1907,2026-09-17 08:00:00,26.8,75,0.0,7.0,38.5,42.5,23.0,111.0,24.1,642.0
Karol Bagh,28.6514,77.1907,2026-09-17 09:00:00,28.3,70,0.0,3.2,38.2,43.0,19.4,138.0,24.8,584.0
Karol Bagh,28.6514,77.1907,2026-09-17 10:00:00,30.3,64,0.0,5.9,37.5,42.7,13.5,175.0,25.2,486.0
Karol Bagh,28.6514,77.1907,2026-09-17 11:00:00,28.9,72,0.0,13.5,38.4,44.6,9.0,207.0,25.4,410.0
Karol Bagh,28.6514,77.1907,2026-09-17 12:00:00,30.5,65,0.0,4.8,40.7,47.5,7.2,230.0,25.6,379.0
Karol Bagh,28.6514,77.1907,2026-09-17 13:00:00,31.6,60,0.0,5.4,43.0,50.2,6.7,248.0,25.6,370.0
Karol Bagh,28.6514,77.1907,2026-09-17 14:00:00,32.5,56,0.0,2.3,44.8,52.7,7.3,253.0,25.0,384.0
Karol Bagh,28.6514,77.1907,2026-09-17 15:00:00,32.4,54,0.1,0.9,45.6,54.5,8.8,239.0,23.1,427.0
Karol Bagh,28.6514,77.1907,2026-09-17 16:00:00,32.6,51,0.0,3.7,44.7,54.4,11.4,213.0,20.5,493.0
Karol Bagh,28.6514,77.1907,2026-09-17 17:00:00,31.9,55,0.0,5.2,43.0,56.0,22.5,131.0,18.4,556.0
Karol Bagh,28.6514,77.1907,2026-09-17 18:00:00,30.6,62,0.0,3.7,48.3,60.5,26.1,118.0,19.5,623.0
Karol Bagh,28.6514,77.1907,2026-09-17 19:00:00,30.4,66,0.0,3.3,52.3,64.3,30.9,101.0,21.0,688.0
Karol Bagh,28.6514,77.1907,2026-09-17 20:00:00,29.7,70,0.0,3.9,51.6,63.3,33.5,88.0,21.7,711.0
Karol Bagh,28.6514,77.1907,2026-09-17 21:00:00,29.3,71,0.0,4.0,50.9,64.0,32.0,85.0,20.9,654.0
Karol Bagh,28.6514,77.1907,2026-09-17 22:00:00,28.9,74,0.0,2.7,47.5,57.7,28.4,87.0,19.2,555.0
Karol Bagh,28.6514,77.1907,2026-09-17 23:00:00,28.3,70,0.0,8.6,41.7,52.5,25.0,88.0,17.7,486.0
Karol Bagh,28.6514,77.1907,2026-09-18 00:00:00,26.9,74,0.0,8.3,37.7,48.8,22.6,86.0,16.5,484.0
Karol Bagh,28.6514,77.1907,2026-09-18 01:00:00,26.3,75,0.0,7.7,35.7,48.1,20.4,84.0,15.4,512.0
Karol Bagh,28.6514,77.1907,2026-09-18 02:00:00,25.7,78,0.0,4.7,35.0,47.8,19.0,81.0,14.9,529.0
Karol Bagh,28.6514,77.1907,2026-09-18 03:00:00,25.4,81,0.0,4.9,34.8,46.6,18.8,76.0,15.1,509.0
Karol Bagh,28.6514,77.1907,2026-09-18 04:00:00,25.1,82,0.0,5.0,35.0,45.1,19.3,71.0,15.8,479.0
Karol Bagh,28.6514,77.1907,2026-09-18 05:00:00,25.5,80,0.0,7.2,33.6,44.5,15.9,86.0,15.1,476.0
Karol Bagh,28.6514,77.1907,2026-09-18 06:00:00,25.1,84,0.0,5.5,34.7,46.8,16.8,92.0,16.2,542.0
Karol Bagh,28.6514,77.1907,2026-09-18 07:00:00,25.9,84,0.0,5.4,36.3,48.4,18.0,101.0,17.8,636.0
Karol Bagh,28.6514,77.1907,2026-09-18 08:00:00,27.3,80,0.0,6.3,33.5,48.3,17.7,114.0,18.8,673.0
Karol Bagh,28.6514,77.1907,2026-09-18 09:00:00,29.0,70,0.0,8.2,32.1,46.1,14.6,136.0,18.8,594.0
Karol Bagh,28.6514,77.1907,2026-09-18 10:00:00,30.4,62,0.0,8.7,31.7,45.9,10.0,163.0,18.2,458.0
Karol Bagh,28.6514,77.1907,2026-09-18 11:00:00,30.1,56,0.1,17.0,30.5,41.2,6.6,183.0,17.4,359.0
Karol Bagh,28.6514,77.1907,2026-09-18 12:00:00,28.6,64,0.7,2.7,29.6,39.9,5.1,191.0,16.4,333.0
Karol Bagh,28.6514,77.1907,2026-09-18 13:00:00,30.6,59,0.0,8.5,29.3,40.5,4.7,193.0,15.2,345.0
Karol Bagh,28.6514,77.1907,2026-09-18 14:00:00,31.1,56,0.0,5.1,32.2,49.0,5.5,189.0,14.5,379.0
Karol Bagh,28.6514,77.1907,2026-09-18 15:00:00,31.4,54,0.0,5.8,30.6,46.8,7.8,180.0,14.6,424.0
Karol Bagh,28.6514,77.1907,2026-09-18 16:00:00,31.0,56,0.0,5.0,32.1,50.9,11.2,167.0,15.2,492.0
Karol Bagh,28.6514,77.1907,2026-09-18 17:00:00,31.4,61,0.0,4.9,24.0,45.4,15.3,147.0,17.1,607.0
Karol Bagh,28.6514,77.1907,2026-09-18 18:00:00,30.3,68,0.0,1.5,31.8,51.7,27.4,121.0,20.4,798.0
Karol Bagh,28.6514,77.1907,2026-09-18 19:00:00,29.8,72,0.0,0.5,39.5,60.3,44.0,85.0,24.9,1037.0
Karol Bagh,28.6514,77.1907,2026-09-18 20:00:00,29.5,73,0.0,0.4,45.6,66.8,55.3,58.0,27.8,1255.0
Karol Bagh,28.6514,77.1907,2026-09-18 21:00:00,28.5,78,0.0,2.4,48.3,69.6,56.5,48.0,27.9,1452.0
Karol Bagh,28.6514,77.1907,2026-09-18 22:00:00,27.8,81,0.0,3.3,48.3,70.5,52.4,47.0,26.4,1629.0
Karol Bagh,28.6514,77.1907,2026-09-18 23:00:00,27.9,84,0.0,3.7,46.3,70.5,47.7,47.0,24.8,1725.0
Karol Bagh,28.6514,77.1907,2026-09-19 00:00:00,27.2,85,0.0,3.8,44.1,69.6,43.1,46.0,23.1,1694.0
Karol Bagh,28.6514,77.1907,2026-09-19 01:00:00,26.9,84,0.0,3.5,43.2,69.2,38.0,47.0,21.2,1582.0
Karol Bagh,28.6514,77.1907,2026-09-19 02:00:00,26.5,85,0.0,1.5,43.7,70.8,35.2,46.0,20.1,1466.0
Karol Bagh,28.6514,77.1907,2026-09-19 03:00:00,25.9,86,0.0,2.5,46.7,75.4,37.1,39.0,20.4,1369.0
Karol Bagh,28.6514,77.1907,2026-09-19 04:00:00,25.4,88,0.0,2.5,50.3,80.3,41.2,31.0,21.6,1268.0
Karol Bagh,28.6514,77.1907,2026-09-19 05:00:00,25.8,87,0.0,2.2,55.6,102.9,50.0,34.0,32.4,1168.0
Karol Bagh,28.6514,77.1907,2026-09-19 06:00:00,25.5,87,0.0,3.1,64.5,112.2,45.7,51.0,34.0,1074.0
Karol Bagh,28.6514,77.1907,2026-09-19 07:00:00,26.5,84,0.0,3.1,66.1,102.0,39.5,77.0,36.1,981.0
Karol Bagh,28.6514,77.1907,2026-09-19 08:00:00,28.3,76,0.0,2.5,49.0,90.3,32.7,104.0,37.0,879.0
Karol Bagh,28.6514,77.1907,2026-09-19 09:00:00,29.8,64,0.0,3.1,39.6,75.9,24.8,135.0,35.7,751.0
Karol Bagh,28.6514,77.1907,2026-09-19 10:00:00,30.7,58,0.0,3.6,38.2,71.9,16.3,167.0,33.2,615.0
Karol Bagh,28.6514,77.1907,2026-09-19 11:00:00,32.2,52,0.0,4.7,39.2,72.6,10.0,192.0,30.5,515.0
Karol Bagh,28.6514,77.1907,2026-09-19 12:00:00,32.6,50,0.0,5.3,40.5,73.6,6.8,206.0,27.7,472.0
Karol Bagh,28.6514,77.1907,2026-09-19 13:00:00,32.8,48,0.0,5.9,41.3,75.4,5.8,212.0,24.8,465.0
Karol Bagh,28.6514,77.1907,2026-09-19 14:00:00,32.9,46,0.0,5.4,41.3,75.4,6.7,211.0,22.8,475.0
Karol Bagh,28.6514,77.1907,2026-09-19 15:00:00,32.9,44,0.0,5.6,41.3,74.5,8.3,203.0,21.9,485.0
Karol Bagh,28.6514,77.1907,2026-09-19 16:00:00,32.5,47,0.0,4.6,41.4,73.6,11.9,188.0,22.0,512.0
Karol Bagh,28.6514,77.1907,2026-09-19 17:00:00,32.0,52,0.0,5.2,51.8,87.8,21.1,148.0,22.0,585.0
Karol Bagh,28.6514,77.1907,2026-09-19 18:00:00,30.5,61,0.0,2.8,62.9,92.7,41.6,115.0,26.4,715.0
Karol Bagh,28.6514,77.1907,2026-09-19 19:00:00,29.8,64,0.0,2.5,75.2,102.7,70.0,68.0,32.5,890.0
Karol Bagh,28.6514,77.1907,2026-09-19 20:00:00,29.1,67,0.0,2.3,84.8,110.8,92.0,32.0,38.0,1108.0
Karol Bagh,28.6514,77.1907,2026-09-19 21:00:00,28.3,72,0.0,2.8,94.8,120.6,101.4,16.0,42.4,1428.0
Karol Bagh,28.6514,77.1907,2026-09-19 22:00:00,27.8,74,0.0,2.2,105.2,131.8,104.4,10.0,46.1,1790.0
Karol Bagh,28.6514,77.1907,2026-09-19 23:00:00,27.7,78,0.0,2.8,115.0,143.4,105.4,6.0,48.0,2012.0
Karol Bagh,28.6514,77.1907,2026-09-20 00:00:00,27.1,79,0.0,2.5,120.6,149.5,105.7,2.0,46.9,1976.0
Karol Bagh,28.6514,77.1907,2026-09-20 01:00:00,26.7,81,0.0,2.4,123.4,151.8,103.9,1.0,43.9,1799.0
Karol Bagh,28.6514,77.1907,2026-09-20 02:00:00,26.3,82,0.0,2.0,122.0,147.6,100.4,1.0,41.3,1652.0
Karol Bagh,28.6514,77.1907,2026-09-20 03:00:00,26.0,83,0.0,1.5,118.7,142.5,94.9,0.0,39.6,1600.0
Karol Bagh,28.6514,77.1907,2026-09-20 04:00:00,25.6,85,0.0,0.7,117.1,138.8,87.8,0.0,38.3,1578.0
Karol Bagh,28.6514,77.1907,2026-09-20 05:00:00,26.3,88,0.0,1.5,85.0,98.3,56.7,18.0,29.3,1556.0
Karol Bagh,28.6514,77.1907,2026-09-20 06:00:00,26.0,89,0.0,1.9,88.2,102.2,50.8,39.0,31.5,1556.0
Karol Bagh,28.6514,77.1907,2026-09-20 07:00:00,27.1,84,0.0,1.6,89.2,101.5,42.4,68.0,34.4,1557.0
Karol Bagh,28.6514,77.1907,2026-09-20 08:00:00,28.7,78,0.0,1.3,79.4,100.1,33.7,100.0,35.9,1465.0
Karol Bagh,28.6514,77.1907,2026-09-20 09:00:00,30.6,66,0.0,2.7,65.4,98.7,24.4,135.0,34.9,1188.0
Karol Bagh,28.6514,77.1907,2026-09-20 10:00:00,31.7,57,0.0,3.7,55.3,97.6,14.7,172.0,32.6,818.0
Karol Bagh,28.6514,77.1907,2026-09-20 11:00:00,32.9,49,0.0,3.9,52.2,93.6,7.7,200.0,30.4,537.0
Karol Bagh,28.6514,77.1907,2026-09-20 12:00:00,33.3,47,0.0,3.5,52.0,90.1,4.8,216.0,28.5,431.0
Karol Bagh,28.6514,77.1907,2026-09-20 13:00:00,33.5,47,0.0,2.7,52.3,88.9,4.5,224.0,26.7,413.0
Karol Bagh,28.6514,77.1907,2026-09-20 14:00:00,33.7,45,0.0,2.4,52.9,87.5,5.5,225.0,25.6,406.0
Karol Bagh,28.6514,77.1907,2026-09-20 15:00:00,33.6,46,0.0,4.0,53.4,87.1,7.5,218.0,25.6,374.0
Karol Bagh,28.6514,77.1907,2026-09-20 16:00:00,32.8,48,0.3,6.2,54.4,82.7,10.8,204.0,26.3,354.0
Karol Bagh,28.6514,77.1907,2026-09-20 17:00:00,32.4,49,0.2,9.4,60.3,91.7,15.6,183.0,28.5,375.0
Karol Bagh,28.6514,77.1907,2026-09-20 18:00:00,30.8,53,0.0,6.3,61.0,89.2,19.5,158.0,29.3,458.0
Karol Bagh,28.6514,77.1907,2026-09-20 19:00:00,29.9,59,0.0,4.4,62.4,87.8,25.2,123.0,30.5,582.0
Karol Bagh,28.6514,77.1907,2026-09-20 20:00:00,29.6,61,0.0,1.5,66.4,88.0,31.7,92.0,31.9,718.0
Karol Bagh,28.6514,77.1907,2026-09-20 21:00:00,29.2,63,0.0,1.7,71.9,91.5,39.4,70.0,33.7,875.0
Karol Bagh,28.6514,77.1907,2026-09-20 22:00:00,28.9,65,0.0,0.8,78.9,97.8,47.8,52.0,35.6,1043.0
Karol Bagh,28.6514,77.1907,2026-09-20 23:00:00,28.6,70,0.0,1.4,85.9,105.2,54.7,38.0,36.8,1167.0
Karol Bagh,28.6514,77.1907,2026-09-21 00:00:00,27.7,72,0.0,3.2,89.4,109.9,58.8,29.0,36.7,1226.0
Karol Bagh,28.6514,77.1907,2026-09-21 01:00:00,27.1,73,0.0,3.5,92.0,112.9,61.4,23.0,35.8,1241.0
Karol Bagh,28.6514,77.1907,2026-09-21 02:00:00,26.7,72,0.0,2.4,94.5,115.9,63.5,19.0,35.2,1213.0
Karol Bagh,28.6514,77.1907,2026-09-21 03:00:00,26.4,73,0.0,1.9,97.6,119.7,66.4,11.0,35.2,1108.0
Karol Bagh,28.6514,77.1907,2026-09-21 04:00:00,26.0,74,0.0,2.7,101.0,123.4,68.9,3.0,35.5,961.0
Karol Bagh,28.6514,77.1907,2026-09-21 05:00:00,26.8,77,0.0,1.2,67.8,84.1,43.4,26.0,26.5,882.0
Karol Bagh,28.6514,77.1907,2026-09-21 06:00:00,26.4,79,0.0,1.2,72.9,89.2,43.5,44.0,27.9,968.0
Karol Bagh,28.6514,77.1907,2026-09-21 07:00:00,27.4,73,0.0,2.3,79.2,91.0,43.3,69.0,30.0,1122.0
Karol Bagh,28.6514,77.1907,2026-09-21 08:00:00,28.8,68,0.0,1.5,65.4,81.7,40.1,99.0,31.7,1165.0
Karol Bagh,28.6514,77.1907,2026-09-21 09:00:00,30.6,60,0.0,2.1,51.8,75.9,31.1,136.0,33.2,974.0
Karol Bagh,28.6514,77.1907,2026-09-21 10:00:00,32.0,51,0.0,2.8,49.9,78.0,19.1,178.0,34.4,671.0
Karol Bagh,28.6514,77.1907,2026-09-21 11:00:00,33.0,47,0.0,4.3,51.6,83.4,10.0,210.0,34.5,442.0
Karol Bagh,28.6514,77.1907,2026-09-21 12:00:00,33.3,47,0.0,4.4,52.9,86.8,6.2,227.0,32.6,369.0
Karol Bagh,28.6514,77.1907,2026-09-21 13:00:00,33.5,46,0.0,4.7,53.8,88.7,5.3,233.0,29.5,371.0
Karol Bagh,28.6514,77.1907,2026-09-21 14:00:00,33.6,43,0.0,5.5,54.8,91.0,6.2,232.0,27.1,388.0
Karol Bagh,28.6514,77.1907,2026-09-21 15:00:00,33.1,47,0.2,5.9,55.9,94.3,8.6,222.0,26.0,375.0
Karol Bagh,28.6514,77.1907,2026-09-21 16:00:00,32.7,49,0.0,5.0,57.2,95.0,12.8,203.0,25.7,377.0
Karol Bagh,28.6514,77.1907,2026-09-21 17:00:00,32.5,49,0.0,7.3,60.1,90.8,19.5,184.0,27.9,472.0
Karol Bagh,28.6514,77.1907,2026-09-21 18:00:00,31.0,56,0.0,4.9,66.8,93.6,27.9,156.0,29.9,756.0
Karol Bagh,28.6514,77.1907,2026-09-21 19:00:00,30.2,63,0.0,4.0,71.5,99.2,39.7,116.0,32.8,1133.0
Karol Bagh,28.6514,77.1907,2026-09-21 20:00:00,29.7,67,0.0,2.7,75.0,105.5,51.1,82.0,35.6,1398.0
Karol Bagh,28.6514,77.1907,2026-09-21 21:00:00,29.2,69,0.0,1.3,80.8,115.0,61.3,60.0,38.3,1458.0
Karol Bagh,28.6514,77.1907,2026-09-21 22:00:00,28.7,70,0.0,2.1,89.6,129.5,71.0,44.0,40.8,1407.0
Karol Bagh,28.6514,77.1907,2026-09-21 23:00:00,28.9,72,0.0,1.5,95.0,141.1,78.0,31.0,42.1,1319.0
Karol Bagh,28.6514,77.1907,2026-09-22 00:00:00,28.2,73,0.0,1.1,97.8,150.9,80.8,22.0,41.1,1198.0
Karol Bagh,28.6514,77.1907,2026-09-22 01:00:00,27.7,75,0.0,1.9,100.4,159.3,80.9,17.0,38.8,1040.0
Karol Bagh,28.6514,77.1907,2026-09-22 02:00:00,27.3,76,0.0,2.3,102.4,166.2,80.9,13.0,37.1,908.0
Karol Bagh,28.6514,77.1907,2026-09-22 03:00:00,27.0,77,0.0,2.2,103.1,172.3,83.0,5.0,36.7,816.0
Karol Bagh,28.6514,77.1907,2026-09-22 04:00:00,26.6,78,0.0,1.7,103.8,178.8,84.9,0.0,36.9,750.0
Karol Bagh,28.6514,77.1907,2026-09-22 05:00:00,26.9,79,0.0,0.6,107.8,163.9,83.9,2.0,37.9,733.0
Karol Bagh,28.6514,77.1907,2026-09-22 06:00:00,26.6,80,0.0,0.6,102.7,161.6,72.2,31.0,36.3,817.0
Karol Bagh,28.6514,77.1907,2026-09-22 07:00:00,27.8,75,0.0,1.2,95.0,146.2,55.8,74.0,34.1,951.0
Karol Bagh,28.6514,77.1907,2026-09-22 08:00:00,29.8,65,0.0,1.3,69.8,152.3,40.7,115.0,33.2,1004.0
Karol Bagh,28.6514,77.1907,2026-09-22 09:00:00,31.6,53,0.0,0.7,58.0,153.2,28.4,155.0,35.2,896.0
Karol Bagh,28.6514,77.1907,2026-09-22 10:00:00,32.9,48,0.0,2.4,52.0,133.2,17.5,194.0,38.5,709.0
Karol Bagh,28.6514,77.1907,2026-09-22 11:00:00,34.4,43,0.0,4.1,50.3,115.9,9.7,223.0,39.6,554.0
Karol Bagh,28.6514,77.1907,2026-09-22 12:00:00,34.8,42,0.0,4.9,49.2,104.1,6.0,237.0,36.4,474.0
Karol Bagh,28.6514,77.1907,2026-09-22 13:00:00,35.4,39,0.0,6.3,48.0,95.9,5.3,242.0,31.0,428.0
Karol Bagh,28.6514,77.1907,2026-09-22 14:00:00,35.6,37,0.1,7.9,46.0,90.8,6.2,238.0,26.7,403.0
Karol Bagh,28.6514,77.1907,2026-09-22 15:00:00,35.3,39,0.0,9.3,44.4,89.4,8.6,225.0,24.5,387.0
Karol Bagh,28.6514,77.1907,2026-09-22 16:00:00,34.5,42,0.0,9.9,44.0,93.4,12.5,205.0,23.3,393.0
Karol Bagh,28.6514,77.1907,2026-09-22 17:00:00,33.7,50,0.0,8.1,43.2,94.8,16.1,179.0,22.3,448.0
Karol Bagh,28.6514,77.1907,2026-09-22 18:00:00,32.5,55,0.0,5.3,46.2,100.4,21.9,157.0,23.9,598.0
Karol Bagh,28.6514,77.1907,2026-09-22 19:00:00,31.6,62,0.0,3.5,50.1,106.4,30.0,126.0,26.1,797.0
Karol Bagh,28.6514,77.1907,2026-09-22 20:00:00,31.2,66,0.0,2.4,53.7,112.2,36.7,100.0,27.8,930.0
Karol Bagh,28.6514,77.1907,2026-09-22 21:00:00,30.8,69,0.0,0.9,58.0,119.0,40.5,84.0,28.5,938.0
Karol Bagh,28.6514,77.1907,2026-09-22 22:00:00,30.4,71,0.0,0.4,61.2,126.2,42.8,73.0,28.8,880.0
Karol Bagh,28.6514,77.1907,2026-09-22 23:00:00,30.6,70,0.0,1.4,63.3,131.8,45.0,63.0,28.9,821.0
Karol Bagh,28.6514,77.1907,2026-09-23 00:00:00,29.6,73,0.0,2.3,65.7,138.8,47.3,54.0,28.9,775.0
Karol Bagh,28.6514,77.1907,2026-09-23 01:00:00,28.7,78,0.0,3.4,68.9,146.7,49.3,47.0,28.9,729.0
Karol Bagh,28.6514,77.1907,2026-09-23 02:00:00,27.9,81,0.0,3.1,71.2,150.9,51.3,41.0,29.0,704.0
Karol Bagh,28.6514,77.1907,2026-09-23 03:00:00,27.2,83,0.0,3.1,72.6,152.3,54.4,31.0,29.3,718.0
Karol Bagh,28.6514,77.1907,2026-09-23 04:00:00,26.9,84,0.0,1.7,74.3,153.7,57.5,21.0,29.8,754.0
Karol Bagh,28.6514,77.1907,2026-09-23 05:00:00,27.2,83,0.0,1.2,62.9,120.1,33.8,59.0,24.8,786.0
Karol Bagh,28.6514,77.1907,2026-09-23 06:00:00,26.9,84,0.0,1.3,70.3,123.9,32.7,75.0,27.0,815.0
Karol Bagh,28.6514,77.1907,2026-09-23 07:00:00,28.2,77,0.0,1.4,74.3,112.7,30.9,99.0,30.1,840.0
Karol Bagh,28.6514,77.1907,2026-09-23 08:00:00,29.9,65,0.0,2.1,63.1,96.2,28.1,126.0,33.0,837.0
Karol Bagh,28.6514,77.1907,2026-09-23 09:00:00,31.6,56,0.0,0.6,60.8,88.5,23.4,158.0,36.0,782.0
Karol Bagh,28.6514,77.1907,2026-09-23 10:00:00,33.0,50,0.0,1.5,57.7,82.7,17.6,193.0,38.7,698.0
Karol Bagh,28.6514,77.1907,2026-09-23 11:00:00,34.8,47,0.0,3.3,55.5,78.2,12.9,220.0,39.4,630.0
Karol Bagh,28.6514,77.1907,2026-09-23 12:00:00,35.7,41,0.0,4.4,54.0,73.8,9.8,236.0,36.3,596.0
Karol Bagh,28.6514,77.1907,2026-09-23 13:00:00,36.4,36,0.0,5.6,52.9,70.5,7.9,243.0,31.1,577.0
Karol Bagh,28.6514,77.1907,2026-09-23 14:00:00,36.5,34,0.0,6.9,52.2,68.9,7.8,243.0,27.0,562.0
Karol Bagh,28.6514,77.1907,2026-09-23 15:00:00,36.1,36,0.0,9.2,53.1,69.4,9.9,233.0,25.0,541.0
Karol Bagh,28.6514,77.1907,2026-09-23 16:00:00,35.1,39,0.0,10.5,56.0,71.2,13.9,216.0,24.2,525.0
Karol Bagh,28.6514,77.1907,2026-09-23 17:00:00,34.0,42,0.0,10.3,62.9,76.4,21.5,188.0,25.7,532.0
Karol Bagh,28.6514,77.1907,2026-09-23 18:00:00,32.3,49,0.0,4.9,69.6,84.8,27.5,163.0,27.5,574.0
Karol Bagh,28.6514,77.1907,2026-09-23 19:00:00,31.5,56,0.0,3.1,79.4,95.2,36.0,128.0,30.1,639.0
Karol Bagh,28.6514,77.1907,2026-09-23 20:00:00,30.7,59,0.0,3.4,87.5,102.9,43.8,97.0,32.3,710.0
Karol Bagh,28.6514,77.1907,2026-09-23 21:00:00,30.1,63,0.0,3.3,97.8,111.8,51.3,75.0,34.3,798.0
Karol Bagh,28.6514,77.1907,2026-09-23 22:00:00,29.6,65,0.0,3.3,108.0,122.0,58.0,57.0,36.0,892.0
Karol Bagh,28.6514,77.1907,2026-09-23 23:00:00,30.0,69,0.0,3.7,109.7,126.2,59.9,47.0,36.2,940.0
Karol Bagh,28.6514,77.1907,2026-09-24 00:00:00,29.0,71,0.0,4.2,102.7,122.0,53.1,48.0,33.7,910.0
Karol Bagh,28.6514,77.1907,2026-09-24 01:00:00,28.5,73,0.0,3.6,91.3,116.9,41.4,57.0,29.7,834.0
Karol Bagh,28.6514,77.1907,2026-09-24 02:00:00,27.9,74,0.0,4.2,76.1,112.7,31.9,63.0,26.6,761.0
Karol Bagh,28.6514,77.1907,2026-09-24 03:00:00,27.4,75,0.0,5.2,66.4,110.4,27.5,62.0,25.3,698.0
Karol Bagh,28.6514,77.1907,2026-09-24 04:00:00,26.7,78,0.0,5.4,58.3,102.4,25.2,58.0,24.9,638.0
Karol Bagh,28.6514,77.1907,2026-09-24 05:00:00,26.9,83,0.0,2.9,52.4,92.2,23.9,58.0,25.3,604.0
Karol Bagh,28.6514,77.1907,2026-09-24 06:00:00,26.7,83,0.0,2.6,50.3,85.2,23.8,60.0,26.8,625.0
Karol Bagh,28.6514,77.1907,2026-09-24 07:00:00,27.2,82,0.0,9.5,43.4,77.8,24.6,65.0,29.0,672.0
Karol Bagh,28.6514,77.1907,2026-09-24 08:00:00,28.3,80,0.0,8.4,34.6,62.6,23.9,81.0,31.0,685.0
Karol Bagh,28.6514,77.1907,2026-09-24 09:00:00,29.6,73,0.0,10.2,32.1,52.3,20.1,116.0,32.5,627.0
Karol Bagh,28.6514,77.1907,2026-09-24 10:00:00,30.8,67,0.0,8.0,35.9,50.6,14.8,162.0,33.7,535.0
Karol Bagh,28.6514,77.1907,2026-09-24 11:00:00,32.2,57,0.0,6.1,41.0,59.0,10.7,199.0,33.9,457.0
Karol Bagh,28.6514,77.1907,2026-09-24 12:00:00,33.5,48,0.0,5.5,44.2,61.7,8.3,219.0,32.3,412.0
Karol Bagh,28.6514,77.1907,2026-09-24 13:00:00,34.1,43,0.0,3.8,44.7,58.7,7.1,230.0,29.7,382.0
Karol Bagh,28.6514,77.1907,2026-09-24 14:00:00,34.7,40,0.0,2.8,44.4,56.3,7.6,232.0,27.7,363.0
Karol Bagh,28.6514,77.1907,2026-09-24 15:00:00,34.8,38,0.0,4.8,44.0,57.0,10.6,223.0,27.0,355.0
Karol Bagh,28.6514,77.1907,2026-09-24 16:00:00,34.2,40,0.0,6.6,43.9,55.9,15.3,206.0,27.0,358.0
Karol Bagh,28.6514,77.1907,2026-09-24 17:00:00,33.2,44,0.0,8.8,45.3,55.3,20.1,184.0,27.4,367.0
Karol Bagh,28.6514,77.1907,2026-09-24 18:00:00,32.0,50,0.1,8.9,48.9,58.1,25.1,156.0,28.6,383.0
Karol Bagh,28.6514,77.1907,2026-09-24 19:00:00,31.1,56,0.0,8.6,48.7,61.2,30.1,124.0,30.1,405.0
Karol Bagh,28.6514,77.1907,2026-09-24 20:00:00,30.2,61,0.0,8.2,44.6,65.7,33.0,99.0,30.9,426.0
Karol Bagh,28.6514,77.1907,2026-09-24 21:00:00,29.5,65,0.0,7.2,41.6,72.9,32.4,88.0,30.1,451.0
Karol Bagh,28.6514,77.1907,2026-09-24 22:00:00,28.9,68,0.0,7.5,39.3,78.2,29.6,85.0,28.5,476.0
Karol Bagh,28.6514,77.1907,2026-09-24 23:00:00,28.3,70,0.0,6.6,37.0,84.3,26.8,82.0,27.1,478.0
Karol Bagh,28.6514,77.1907,2026-09-25 00:00:00,27.6,74,0.0,6.8,34.6,86.6,24.2,76.0,26.4,439.0
Karol Bagh,28.6514,77.1907,2026-09-25 01:00:00,27.0,77,0.0,5.8,31.1,82.0,21.6,69.0,25.9,378.0
Karol Bagh,28.6514,77.1907,2026-09-25 02:00:00,26.5,80,0.0,5.0,27.5,72.6,20.2,62.0,25.5,333.0
Karol Bagh,28.6514,77.1907,2026-09-25 03:00:00,25.9,84,0.0,2.8,24.4,61.0,21.3,52.0,25.0,315.0
Karol Bagh,28.6514,77.1907,2026-09-25 04:00:00,25.6,85,0.0,2.3,22.6,49.5,23.7,40.0,24.7,313.0
Karol Bagh,28.6514,77.1907,2026-09-25 05:00:00,25.4,86,0.0,0.8,22.0,40.6,25.2,35.0,25.1,330.0
Karol Bagh,28.6514,77.1907,2026-09-25 06:00:00,25.4,86,0.0,0.4,24.9,37.7,24.9,37.0,27.1,385.0
Karol Bagh,28.6514,77.1907,2026-09-25 07:00:00,26.2,81,0.0,2.2,23.9,33.6,23.7,46.0,30.0,460.0
Karol Bagh,28.6514,77.1907,2026-09-25 08:00:00,27.5,74,0.0,3.6,19.8,28.2,21.6,59.0,31.5,504.0
Karol Bagh,28.6514,77.1907,2026-09-25 09:00:00,29.1,64,0.0,5.7,17.7,28.9,18.0,80.0,30.6,488.0
Karol Bagh,28.6514,77.1907,2026-09-25 10:00:00,30.6,56,0.0,4.8,17.4,34.3,13.6,107.0,28.5,441.0
Karol Bagh,28.6514,77.1907,2026-09-25 11:00:00,32.0,50,0.0,3.8,17.8,36.9,10.2,131.0,26.6,402.0
Karol Bagh,28.6514,77.1907,2026-09-25 12:00:00,33.4,44,0.0,3.2,17.5,29.9,8.1,150.0,25.1,381.0
Karol Bagh,28.6514,77.1907,2026-09-25 13:00:00,33.9,41,0.0,4.2,19.0,31.2,7.1,167.0,23.7,368.0
Karol Bagh,28.6514,77.1907,2026-09-25 14:00:00,34.2,39,0.0,4.0,21.2,34.7,7.7,176.0,23.2,366.0
Karol Bagh,28.6514,77.1907,2026-09-25 15:00:00,34.1,38,0.0,5.0,23.1,36.1,10.7,177.0,24.1,383.0
Karol Bagh,28.6514,77.1907,2026-09-25 16:00:00,33.7,40,0.0,7.3,24.9,37.1,15.4,172.0,25.9,411.0
Karol Bagh,28.6514,77.1907,2026-09-25 17:00:00,32.7,44,0.0,9.2,28.2,38.1,20.6,159.0,27.6,431.0
Karol Bagh,28.6514,77.1907,2026-09-25 18:00:00,31.5,50,0.0,8.8,34.5,45.9,26.8,134.0,29.1,429.0
Karol Bagh,28.6514,77.1907,2026-09-25 19:00:00,31.0,53,0.0,5.8,37.0,54.0,33.4,102.0,30.5,419.0
Karol Bagh,28.6514,77.1907,2026-09-25 20:00:00,30.4,56,0.0,2.9,33.8,62.6,37.7,75.0,31.5,420.0
Karol Bagh,28.6514,77.1907,2026-09-25 21:00:00,30.1,57,0.0,3.3,29.6,68.5,37.7,60.0,31.8,452.0
Karol Bagh,28.6514,77.1907,2026-09-25 22:00:00,28.8,64,0.0,7.9,26.4,66.1,35.4,51.0,31.6,495.0
Karol Bagh,28.6514,77.1907,2026-09-25 23:00:00,27.5,70,0.0,5.9,24.3,58.9,33.4,44.0,31.1,516.0
Karol Bagh,28.6514,77.1907,2026-09-26 00:00:00,26.8,76,0.0,1.1,22.6,53.2,32.4,39.0,30.0,493.0
Karol Bagh,28.6514,77.1907,2026-09-26 01:00:00,26.8,75,0.0,1.1,21.2,43.1,31.7,36.0,28.5,448.0
Karol Bagh,28.6514,77.1907,2026-09-26 02:00:00,26.4,75,0.0,2.2,21.0,35.9,32.2,33.0,27.6,408.0
Karol Bagh,28.6514,77.1907,2026-09-26 03:00:00,25.9,77,0.0,2.6,22.4,34.7,35.0,26.0,27.6,380.0
Karol Bagh,28.6514,77.1907,2026-09-26 04:00:00,25.3,79,0.0,6.7,24.4,35.0,39.0,19.0,28.1,359.0
Karol Bagh,28.6514,77.1907,2026-09-26 05:00:00,24.7,84,0.0,1.1,25.7,33.9,41.2,16.0,28.8,352.0
Karol Bagh,28.6514,77.1907,2026-09-26 06:00:00,24.7,83,0.0,3.3,27.9,34.5,40.5,19.0,29.7,378.0
Karol Bagh,28.6514,77.1907,2026-09-26 07:00:00,25.6,79,0.0,2.8,30.6,37.7,38.0,26.0,30.7,419.0
Karol Bagh,28.6514,77.1907,2026-09-26 08:00:00,27.0,72,0.0,5.6,26.3,34.9,34.7,37.0,31.1,431.0
Karol Bagh,28.6514,77.1907,2026-09-26 09:00:00,29.4,62,0.0,5.9,22.9,34.7,30.2,52.0,30.7,382.0
Karol Bagh,28.6514,77.1907,2026-09-26 10:00:00,31.0,56,0.0,6.4,22.0,39.8,24.8,71.0,29.8,303.0
Karol Bagh,28.6514,77.1907,2026-09-26 11:00:00,32.3,49,0.0,9.8,22.3,46.0,20.2,87.0,28.4,245.0
Karol Bagh,28.6514,77.1907,2026-09-26 12:00:00,30.9,53,0.0,12.0,22.8,49.8,16.8,101.0,26.4,226.0
Karol Bagh,28.6514,77.1907,2026-09-26 13:00:00,28.0,62,0.1,15.4,22.4,41.7,14.1,113.0,23.9,226.0
Karol Bagh,28.6514,77.1907,2026-09-26 14:00:00,26.8,64,0.5,11.1,21.0,46.9,12.9,119.0,21.6,240.0
Karol Bagh,28.6514,77.1907,2026-09-26 15:00:00,25.8,74,1.1,10.5,19.4,45.8,13.6,116.0,19.3,273.0
Karol Bagh,28.6514,77.1907,2026-09-26 16:00:00,25.7,71,0.2,11.9,19.2,42.8,15.6,106.0,17.2,319.0
Karol Bagh,28.6514,77.1907,2026-09-26 17:00:00,25.7,70,0.0,8.9,20.4,40.6,18.0,97.0,15.8,350.0
Karol Bagh,28.6514,77.1907,2026-09-26 18:00:00,25.8,69,0.0,6.9,23.5,40.2,20.9,88.0,15.3,355.0
Karol Bagh,28.6514,77.1907,2026-09-26 19:00:00,25.7,69,0.0,6.1,26.5,45.1,24.0,78.0,15.6,347.0
Karol Bagh,28.6514,77.1907,2026-09-26 20:00:00,25.2,73,0.0,2.5,28.5,52.5,25.7,74.0,17.3,332.0
Karol Bagh,28.6514,77.1907,2026-09-26 21:00:00,25.0,73,0.0,4.4,30.7,60.8,25.0,78.0,21.7,310.0
Karol Bagh,28.6514,77.1907,2026-09-26 22:00:00,24.5,76,0.0,3.1,34.3,72.4,22.8,88.0,27.5,282.0
Karol Bagh,28.6514,77.1907,2026-09-26 23:00:00,24.2,77,0.0,3.4,39.5,91.7,20.2,99.0,31.0,263.0
Karol Bagh,28.6514,77.1907,2026-09-27 00:00:00,24.0,78,0.0,2.2,44.4,114.6,16.9,112.0,30.1,258.0
Karol Bagh,28.6514,77.1907,2026-09-27 01:00:00,23.9,77,0.0,3.6,48.8,133.6,13.1,126.0,26.9,261.0
Karol Bagh,28.6514,77.1907,2026-09-27 02:00:00,23.5,77,0.0,5.8,52.4,149.5,10.5,135.0,24.7,277.0
Karol Bagh,28.6514,77.1907,2026-09-27 03:00:00,22.9,80,0.0,3.4,55.4,162.5,9.5,137.0,24.8,309.0
Karol Bagh,28.6514,77.1907,2026-09-27 04:00:00,22.9,83,0.0,1.3,60.3,178.3,9.6,135.0,25.8,352.0
Karol Bagh,28.6514,77.1907,2026-09-27 05:00:00,22.8,83,0.0,3.4,61.5,171.8,11.0,130.0,26.5,397.0
Karol Bagh,28.6514,77.1907,2026-09-27 06:00:00,23.1,84,0.0,1.4,65.0,177.4,15.3,118.0,26.6,451.0
Karol Bagh,28.6514,77.1907,2026-09-27 07:00:00,24.0,78,0.0,2.3,70.1,183.5,21.0,102.0,26.4,506.0
Karol Bagh,28.6514,77.1907,2026-09-27 08:00:00,25.9,71,0.0,1.2,73.3,191.9,23.5,101.0,25.9,527.0
Karol Bagh,28.6514,77.1907,2026-09-27 09:00:00,28.0,63,0.0,2.6,77.3,231.9,19.6,126.0,25.0,486.0
Karol Bagh,28.6514,77.1907,2026-09-27 10:00:00,29.4,59,0.0,3.2,80.1,254.3,12.5,164.0,23.8,411.0
Karol Bagh,28.6514,77.1907,2026-09-27 11:00:00,30.8,56,0.0,3.5,79.4,242.1,7.1,195.0,22.9,347.0
Karol Bagh,28.6514,77.1907,2026-09-27 12:00:00,31.6,53,0.0,5.5,73.1,209.1,5.2,212.0,22.4,307.0
Karol Bagh,28.6514,77.1907,2026-09-27 13:00:00,32.3,50,0.1,6.7,65.9,170.4,5.1,221.0,22.1,279.0
Karol Bagh,28.6514,77.1907,2026-09-27 14:00:00,32.6,48,0.0,6.7,60.3,140.6,5.9,221.0,21.9,273.0
Karol Bagh,28.6514,77.1907,2026-09-27 15:00:00,32.7,48,0.0,7.3,54.8,119.2,7.8,208.0,21.6,296.0
Karol Bagh,28.6514,77.1907,2026-09-27 16:00:00,32.1,51,0.0,7.9,47.0,97.6,10.7,185.0,21.3,341.0
Karol Bagh,28.6514,77.1907,2026-09-27 17:00:00,30.6,57,0.0,10.5,37.1,76.1,13.6,160.0,21.2,397.0
Karol Bagh,28.6514,77.1907,2026-09-27 18:00:00,27.9,68,0.0,10.2,28.8,62.4,16.5,130.0,21.4,473.0
Karol Bagh,28.6514,77.1907,2026-09-27 19:00:00,27.0,73,0.0,6.8,24.0,56.9,19.5,98.0,21.8,559.0
Karol Bagh,28.6514,77.1907,2026-09-27 20:00:00,26.7,76,0.1,6.3,21.7,54.8,21.6,73.0,21.6,616.0
Karol Bagh,28.6514,77.1907,2026-09-27 21:00:00,26.6,79,0.1,5.4,20.8,53.2,22.3,61.0,20.5,625.0
Karol Bagh,28.6514,77.1907,2026-09-27 22:00:00,26.3,79,0.0,5.4,19.8,48.2,22.1,57.0,18.9,606.0
Karol Bagh,28.6514,77.1907,2026-09-27 23:00:00,26.0,82,0.0,2.6,18.5,43.4,21.8,53.0,17.6,575.0
Karol Bagh,28.6514,77.1907,2026-09-28 00:00:00,25.7,84,0.0,1.9,17.2,39.0,21.3,49.0,16.8,529.0
Karol Bagh,28.6514,77.1907,2026-09-28 01:00:00,25.3,87,0.0,0.9,16.8,36.2,20.7,46.0,16.3,472.0
Karol Bagh,28.6514,77.1907,2026-09-28 02:00:00,24.9,89,0.0,0.4,16.5,31.5,20.8,42.0,16.3,429.0
Karol Bagh,28.6514,77.1907,2026-09-28 03:00:00,24.4,92,0.0,2.0,17.4,27.9,22.5,34.0,16.9,413.0
Karol Bagh,28.6514,77.1907,2026-09-28 04:00:00,23.8,94,0.0,4.2,18.9,25.4,25.0,26.0,18.0,410.0
Karol Bagh,28.6514,77.1907,2026-09-28 05:00:00,23.6,95,0.0,5.7,21.1,25.3,26.7,23.0,20.1,404.0
Karol Bagh,28.6514,77.1907,2026-09-28 06:00:00,23.8,92,0.0,5.6,25.3,29.2,27.2,27.0,24.0,415.5
Karol Bagh,28.6514,77.1907,2026-09-28 07:00:00,24.4,88,0.0,4.8,28.3,34.2,27.0,37.0,28.8,453.0
Karol Bagh,28.6514,77.1907,2026-09-28 08:00:00,25.4,82,0.0,3.6,25.0,32.9,25.8,53.0,32.5,492.0
Karol Bagh,28.6514,77.1907,2026-09-28 09:00:00,27.0,75,0.0,2.2,24.3,35.6,23.0,81.0,34.5,475.0
Karol Bagh,28.6514,77.1907,2026-09-28 10:00:00,29.0,67,0.0,0.8,23.6,40.5,19.2,117.0,35.5,435.0
Karol Bagh,28.6514,77.1907,2026-09-28 11:00:00,30.7,60,0.0,1.7,23.3,46.0,15.7,146.0,35.1,402.0
Karol Bagh,28.6514,77.1907,2026-09-28 12:00:00,32.0,54,0.0,4.1,24.5,50.4,12.6,166.0,32.6,385.0
Karol Bagh,28.6514,77.1907,2026-09-28 13:00:00,33.1,48,0.0,6.8,25.5,46.3,9.7,180.0,28.8,374.0
Karol Bagh,28.6514,77.1907,2026-09-28 14:00:00,33.3,46,0.0,7.9,25.2,40.9,8.6,184.0,25.5,368.0
Karol Bagh,28.6514,77.1907,2026-09-28 15:00:00,32.0,49,0.2,6.1,23.7,36.8,10.4,173.0,23.5,370.0
Karol Bagh,28.6514,77.1907,2026-09-28 16:00:00,29.9,57,0.2,2.8,21.4,32.6,13.9,152.0,22.0,378.0
Karol Bagh,28.6514,77.1907,2026-09-28 17:00:00,28.1,65,0.2,0.8,19.6,37.1,16.5,136.0,21.1,384.0
Karol Bagh,28.6514,77.1907,2026-09-28 18:00:00,27.2,71,0.0,2.7,64.32494004796163,163.75721822541968,34.71918465227818,96.20911270983214,27.67671462829736,719.0801318944845
Karol Bagh,28.6514,77.1907,2026-09-28 19:00:00,26.7,76,0.0,4.8,64.32494004796163,163.75721822541968,34.71918465227818,96.20911270983214,27.67671462829736,719.0801318944845
Karol Bagh,28.6514,77.1907,2026-09-28 20:00:00,26.2,81,0.0,6.1,64.32494004796163,163.75721822541968,34.71918465227818,96.20911270983214,27.67671462829736,719.0801318944845
Karol Bagh,28.6514,77.1907,2026-09-28 21:00:00,25.6,84,0.0,6.2,64.32494004796163,163.75721822541968,34.71918465227818,96.20911270983214,27.67671462829736,719.0801318944845
Karol Bagh,28.6514,77.1907,2026-09-28 22:00:00,25.0,87,0.0,6.2,64.32494004796163,163.75721822541968,34.71918465227818,96.20911270983214,27.67671462829736,719.0801318944845
Karol Bagh,28.6514,77.1907,2026-09-28 23:00:00,24.6,89,0.0,6.3,64.32494004796163,163.75721822541968,34.71918465227818,96.20911270983214,27.67671462829736,719.0801318944845
Anand Vihar,28.6469,77.3164,2026-08-25 00:00:00,28.4,91,0.0,2.2,89.2,98.0,77.8,19.0,47.7,1202.0
Anand Vihar,28.6469,77.3164,2026-08-25 01:00:00,28.1,92,0.0,1.3,89.4,99.2,75.2,22.0,46.4,1007.0
Anand Vihar,28.6469,77.3164,2026-08-25 02:00:00,28.1,93,0.0,1.1,78.9,87.1,70.4,26.0,44.3,864.0
Anand Vihar,28.6469,77.3164,2026-08-25 03:00:00,28.0,93,0.0,1.2,66.1,74.3,62.7,30.0,40.7,750.0
Anand Vihar,28.6469,77.3164,2026-08-25 04:00:00,27.9,94,0.0,0.4,46.3,52.6,52.9,36.0,36.2,688.0
Anand Vihar,28.6469,77.3164,2026-08-25 05:00:00,26.1,97,0.0,1.8,61.5,74.5,37.1,53.0,31.3,718.0
Anand Vihar,28.6469,77.3164,2026-08-25 06:00:00,26.4,97,1.7,5.1,64.5,76.8,39.8,54.0,34.7,932.0
Anand Vihar,28.6469,77.3164,2026-08-25 07:00:00,26.8,97,0.8,3.6,65.2,79.9,43.3,57.0,39.5,1239.0
Anand Vihar,28.6469,77.3164,2026-08-25 08:00:00,27.4,93,0.3,3.1,67.1,84.1,43.5,74.0,43.5,1403.0
Anand Vihar,28.6469,77.3164,2026-08-25 09:00:00,28.9,86,0.0,0.6,62.6,84.8,37.5,115.0,46.4,1283.0
Anand Vihar,28.6469,77.3164,2026-08-25 10:00:00,30.2,79,0.0,3.4,57.9,84.1,28.3,169.0,48.6,1020.0
Anand Vihar,28.6469,77.3164,2026-08-25 11:00:00,31.5,66,0.0,4.2,60.5,93.1,20.6,214.0,49.2,801.0
Anand Vihar,28.6469,77.3164,2026-08-25 12:00:00,31.8,64,0.1,4.8,62.6,94.1,15.7,244.0,47.4,688.0
Anand Vihar,28.6469,77.3164,2026-08-25 13:00:00,32.4,63,0.0,2.8,65.2,95.9,12.3,264.0,44.0,619.0
Anand Vihar,28.6469,77.3164,2026-08-25 14:00:00,32.6,62,0.0,2.2,69.4,102.0,11.2,274.0,41.0,596.0
Anand Vihar,28.6469,77.3164,2026-08-25 15:00:00,32.7,62,0.0,2.6,71.0,103.6,9.4,274.0,38.1,527.0
Anand Vihar,28.6469,77.3164,2026-08-25 16:00:00,32.6,63,0.0,1.5,72.2,105.9,9.8,262.0,35.6,504.0
Anand Vihar,28.6469,77.3164,2026-08-25 17:00:00,28.4,92,0.0,5.9,50.8,60.8,29.9,166.0,38.6,809.0
Anand Vihar,28.6469,77.3164,2026-08-25 18:00:00,28.8,90,0.6,4.4,52.4,60.1,35.6,143.0,40.2,1850.0
Anand Vihar,28.6469,77.3164,2026-08-25 19:00:00,28.7,91,0.1,3.4,57.4,63.3,43.7,112.0,42.5,3219.0
Anand Vihar,28.6469,77.3164,2026-08-25 20:00:00,28.8,91,0.0,2.2,67.3,71.9,51.4,84.0,45.5,3972.0
Anand Vihar,28.6469,77.3164,2026-08-25 21:00:00,28.5,93,0.0,2.7,78.0,81.5,58.2,65.0,49.6,3531.0
Anand Vihar,28.6469,77.3164,2026-08-25 22:00:00,28.1,93,0.0,6.2,88.0,91.3,64.6,49.0,54.4,2474.0
Anand Vihar,28.6469,77.3164,2026-08-25 23:00:00,28.3,91,0.0,4.4,97.3,100.4,69.5,37.0,58.3,1589.0
Anand Vihar,28.6469,77.3164,2026-08-26 00:00:00,28.0,91,0.0,3.5,103.6,106.4,72.0,29.0,60.5,1172.0
Anand Vihar,28.6469,77.3164,2026-08-26 01:00:00,27.7,92,0.0,3.9,109.4,112.0,72.9,23.0,61.8,927.0
Anand Vihar,28.6469,77.3164,2026-08-26 02:00:00,27.5,92,0.0,4.0,115.3,117.8,73.8,19.0,62.9,759.0
Anand Vihar,28.6469,77.3164,2026-08-26 03:00:00,27.3,93,0.0,3.1,120.1,122.5,76.4,10.0,63.7,642.0
Anand Vihar,28.6469,77.3164,2026-08-26 04:00:00,27.2,93,0.0,2.0,125.3,128.5,78.9,1.0,64.4,602.0
Anand Vihar,28.6469,77.3164,2026-08-26 05:00:00,27.6,95,0.0,3.1,95.9,97.1,52.5,36.0,63.1,623.0
Anand Vihar,28.6469,77.3164,2026-08-26 06:00:00,27.1,94,0.4,2.0,105.2,106.4,49.8,57.0,66.4,741.0
Anand Vihar,28.6469,77.3164,2026-08-26 07:00:00,26.1,98,6.7,4.7,98.5,100.1,45.7,88.0,70.8,920.0
Anand Vihar,28.6469,77.3164,2026-08-26 08:00:00,26.5,98,1.5,1.4,82.9,86.6,40.2,124.0,72.7,1032.0
Anand Vihar,28.6469,77.3164,2026-08-26 09:00:00,28.2,87,0.4,5.5,66.1,72.6,32.0,169.0,70.0,1004.0
Anand Vihar,28.6469,77.3164,2026-08-26 10:00:00,28.8,84,0.2,4.8,62.9,72.2,22.4,220.0,64.8,909.0
Anand Vihar,28.6469,77.3164,2026-08-26 11:00:00,29.8,84,0.1,3.0,65.9,77.8,14.9,261.0,59.5,836.0
Anand Vihar,28.6469,77.3164,2026-08-26 12:00:00,31.6,74,0.1,2.8,71.5,85.9,10.8,289.0,54.8,815.0
Anand Vihar,28.6469,77.3164,2026-08-26 13:00:00,32.3,71,0.1,1.7,77.3,93.6,8.9,307.0,49.9,816.0
Anand Vihar,28.6469,77.3164,2026-08-26 14:00:00,32.2,69,0.1,2.3,78.5,96.2,9.2,311.0,45.5,835.0
Anand Vihar,28.6469,77.3164,2026-08-26 15:00:00,32.4,67,0.0,3.2,78.9,97.3,10.4,297.0,40.7,791.0
Anand Vihar,28.6469,77.3164,2026-08-26 16:00:00,32.3,66,0.1,5.1,78.7,102.7,13.7,268.0,36.2,765.0
Anand Vihar,28.6469,77.3164,2026-08-26 17:00:00,29.9,84,0.1,4.3,90.8,134.1,36.8,186.0,43.9,997.0
Anand Vihar,28.6469,77.3164,2026-08-26 18:00:00,29.2,89,0.6,3.9,94.8,118.0,54.1,146.0,46.2,1809.0
Anand Vihar,28.6469,77.3164,2026-08-26 19:00:00,28.6,94,0.7,7.0,111.1,129.5,77.6,90.0,49.2,2879.0
Anand Vihar,28.6469,77.3164,2026-08-26 20:00:00,28.3,94,0.3,8.6,119.0,135.5,92.3,49.0,50.8,3485.0
Anand Vihar,28.6469,77.3164,2026-08-26 21:00:00,28.1,94,0.0,7.9,117.1,147.1,89.9,36.0,49.8,3204.0
Anand Vihar,28.6469,77.3164,2026-08-26 22:00:00,27.9,94,0.0,6.8,112.5,176.0,78.7,37.0,47.4,2458.0
Anand Vihar,28.6469,77.3164,2026-08-26 23:00:00,29.1,91,0.0,7.3,106.2,185.3,68.1,39.0,44.2,1800.0
Anand Vihar,28.6469,77.3164,2026-08-27 00:00:00,28.6,92,0.0,6.7,98.7,176.5,61.0,37.0,39.9,1406.0
Anand Vihar,28.6469,77.3164,2026-08-27 01:00:00,28.3,92,0.0,7.4,91.7,156.9,54.5,36.0,34.9,1098.0
Anand Vihar,28.6469,77.3164,2026-08-27 02:00:00,28.1,92,0.0,6.7,85.0,147.1,49.5,34.0,31.1,895.0
Anand Vihar,28.6469,77.3164,2026-08-27 03:00:00,27.9,91,0.0,5.6,82.2,140.6,46.7,30.0,29.0,829.0
Anand Vihar,28.6469,77.3164,2026-08-27 04:00:00,27.6,91,0.0,6.0,81.0,122.5,45.4,25.0,28.2,867.0
Anand Vihar,28.6469,77.3164,2026-08-27 05:00:00,28.7,89,0.0,5.6,72.4,98.7,39.4,33.0,28.2,936.0
Anand Vihar,28.6469,77.3164,2026-08-27 06:00:00,28.5,89,0.0,8.1,77.3,96.2,39.9,39.0,31.6,1044.0
Anand Vihar,28.6469,77.3164,2026-08-27 07:00:00,29.3,86,0.0,2.4,74.7,103.8,40.4,48.0,36.4,1182.0
Anand Vihar,28.6469,77.3164,2026-08-27 08:00:00,29.8,85,0.0,2.2,69.2,94.3,39.2,67.0,40.4,1249.0
Anand Vihar,28.6469,77.3164,2026-08-27 09:00:00,30.1,84,0.0,4.3,61.9,86.1,34.9,102.0,43.2,1172.0
Anand Vihar,28.6469,77.3164,2026-08-27 10:00:00,31.7,77,0.0,2.9,60.1,85.2,28.9,147.0,45.3,1025.0
Anand Vihar,28.6469,77.3164,2026-08-27 11:00:00,33.2,59,0.0,1.5,61.2,85.9,23.7,185.0,46.0,921.0
Anand Vihar,28.6469,77.3164,2026-08-27 12:00:00,32.8,59,0.0,7.2,60.5,84.3,19.5,213.0,44.9,914.0
Anand Vihar,28.6469,77.3164,2026-08-27 13:00:00,30.6,72,0.1,8.3,64.0,88.2,16.0,233.0,42.5,951.0
Anand Vihar,28.6469,77.3164,2026-08-27 14:00:00,31.4,70,0.0,5.0,65.7,97.6,15.0,244.0,39.8,990.0
Anand Vihar,28.6469,77.3164,2026-08-27 15:00:00,31.6,70,0.0,5.4,66.4,94.3,15.7,243.0,36.2,958.0
Anand Vihar,28.6469,77.3164,2026-08-27 16:00:00,31.9,69,0.0,4.4,63.1,87.8,18.9,232.0,32.3,928.0
Anand Vihar,28.6469,77.3164,2026-08-27 17:00:00,30.5,76,0.0,4.5,60.8,79.6,28.3,209.0,31.1,1073.0
Anand Vihar,28.6469,77.3164,2026-08-27 18:00:00,30.2,79,0.1,3.6,70.8,84.5,50.1,166.0,34.9,1599.0
Anand Vihar,28.6469,77.3164,2026-08-27 19:00:00,29.9,83,0.0,2.3,86.6,98.7,78.1,112.0,41.5,2300.0
Anand Vihar,28.6469,77.3164,2026-08-27 20:00:00,29.5,85,0.0,4.4,95.9,110.1,97.7,70.0,46.8,2732.0
Anand Vihar,28.6469,77.3164,2026-08-27 21:00:00,29.2,85,0.0,5.1,97.6,111.5,101.1,52.0,49.6,2667.0
Anand Vihar,28.6469,77.3164,2026-08-27 22:00:00,29.1,85,0.0,6.0,102.2,111.5,96.0,46.0,51.2,2333.0
Anand Vihar,28.6469,77.3164,2026-08-27 23:00:00,29.5,85,0.0,6.9,106.4,115.3,90.7,42.0,51.8,1965.0
Anand Vihar,28.6469,77.3164,2026-08-28 00:00:00,28.8,88,0.0,7.0,108.7,119.7,88.2,35.0,51.5,1612.0
Anand Vihar,28.6469,77.3164,2026-08-28 01:00:00,28.4,89,0.0,5.8,112.7,126.2,85.3,29.0,50.3,1226.0
Anand Vihar,28.6469,77.3164,2026-08-28 02:00:00,28.0,89,0.0,4.0,114.8,132.7,81.2,24.0,47.9,900.0
Anand Vihar,28.6469,77.3164,2026-08-28 03:00:00,28.0,89,0.0,5.0,114.6,140.2,75.5,17.0,44.0,648.0
Anand Vihar,28.6469,77.3164,2026-08-28 04:00:00,28.3,84,0.0,7.7,112.7,149.9,68.4,11.0,39.0,456.0
Anand Vihar,28.6469,77.3164,2026-08-28 05:00:00,26.5,91,0.0,11.7,54.6,116.6,31.1,47.0,26.1,381.0
Anand Vihar,28.6469,77.3164,2026-08-28 06:00:00,26.7,93,0.5,7.2,51.3,109.9,29.1,52.0,23.1,523.0
Anand Vihar,28.6469,77.3164,2026-08-28 07:00:00,27.7,92,0.0,5.1,51.9,105.9,26.1,60.0,19.0,781.0
Anand Vihar,28.6469,77.3164,2026-08-28 08:00:00,29.4,80,0.0,6.1,53.9,136.0,22.3,73.0,15.8,913.0
Anand Vihar,28.6469,77.3164,2026-08-28 09:00:00,30.9,70,0.0,9.5,66.1,246.8,17.0,97.0,14.5,774.0
Anand Vihar,28.6469,77.3164,2026-08-28 10:00:00,32.1,65,0.0,8.7,79.6,330.6,11.0,126.0,14.1,509.0
Anand Vihar,28.6469,77.3164,2026-08-28 11:00:00,33.0,59,0.0,10.9,93.1,408.9,6.6,148.0,13.9,309.0
Anand Vihar,28.6469,77.3164,2026-08-28 12:00:00,33.7,56,0.0,10.8,104.5,489.9,4.4,157.0,13.7,247.0
Anand Vihar,28.6469,77.3164,2026-08-28 13:00:00,34.3,53,0.0,10.7,108.5,514.1,3.8,157.0,13.7,250.0
Anand Vihar,28.6469,77.3164,2026-08-28 14:00:00,34.6,51,0.0,10.7,119.0,609.1,5.4,153.0,13.8,288.0
Anand Vihar,28.6469,77.3164,2026-08-28 15:00:00,34.6,51,0.0,11.1,126.2,666.8,8.9,144.0,13.7,302.0
Anand Vihar,28.6469,77.3164,2026-08-28 16:00:00,34.2,52,0.0,11.3,130.4,687.3,14.5,130.0,13.7,351.0
Anand Vihar,28.6469,77.3164,2026-08-28 17:00:00,34.1,53,0.0,9.8,118.5,577.4,21.5,106.0,14.3,581.0
Anand Vihar,28.6469,77.3164,2026-08-28 18:00:00,32.6,63,0.0,4.3,124.8,517.8,39.3,82.0,20.6,1206.0
Anand Vihar,28.6469,77.3164,2026-08-28 19:00:00,31.8,69,0.0,3.4,141.6,564.4,63.9,48.0,29.5,2013.0
Anand Vihar,28.6469,77.3164,2026-08-28 20:00:00,31.4,71,0.0,2.8,160.7,588.6,83.1,21.0,37.2,2508.0
Anand Vihar,28.6469,77.3164,2026-08-28 21:00:00,30.7,73,0.0,3.8,170.9,573.7,92.3,9.0,43.1,2438.0
Anand Vihar,28.6469,77.3164,2026-08-28 22:00:00,30.0,77,0.0,3.5,177.9,556.9,96.1,4.0,47.8,2057.0
Anand Vihar,28.6469,77.3164,2026-08-28 23:00:00,30.3,75,0.0,5.6,177.4,517.8,96.2,1.0,49.3,1635.0
Anand Vihar,28.6469,77.3164,2026-08-29 00:00:00,29.5,76,0.0,5.5,165.3,458.2,92.5,0.0,46.0,1205.0
Anand Vihar,28.6469,77.3164,2026-08-29 01:00:00,29.1,77,0.0,5.7,146.7,383.7,85.2,1.0,39.4,734.0
Anand Vihar,28.6469,77.3164,2026-08-29 02:00:00,28.8,77,0.0,6.7,124.8,303.6,75.7,4.0,32.7,389.0
Anand Vihar,28.6469,77.3164,2026-08-29 03:00:00,28.4,78,0.0,8.2,102.7,263.6,63.3,9.0,26.1,255.0
Anand Vihar,28.6469,77.3164,2026-08-29 04:00:00,28.2,78,0.0,9.8,85.0,266.4,48.8,16.0,19.4,247.0
Anand Vihar,28.6469,77.3164,2026-08-29 05:00:00,28.7,76,0.0,11.9,81.5,380.9,21.7,38.0,10.0,275.0
Anand Vihar,28.6469,77.3164,2026-08-29 06:00:00,28.4,76,0.0,11.9,85.4,424.7,20.4,45.0,10.4,337.0
Anand Vihar,28.6469,77.3164,2026-08-29 07:00:00,29.0,73,0.0,11.2,95.2,489.9,18.4,55.0,11.1,435.0
Anand Vihar,28.6469,77.3164,2026-08-29 08:00:00,30.0,69,0.0,12.1,103.8,542.0,15.9,70.0,11.7,487.0
Anand Vihar,28.6469,77.3164,2026-08-29 09:00:00,31.2,63,0.0,11.9,111.5,599.8,12.5,92.0,12.3,441.0
Anand Vihar,28.6469,77.3164,2026-08-29 10:00:00,32.5,59,0.0,11.4,118.7,642.6,8.5,119.0,12.8,348.0
Anand Vihar,28.6469,77.3164,2026-08-29 11:00:00,34.0,53,0.0,10.6,122.9,663.1,5.7,139.0,13.4,278.0
Anand Vihar,28.6469,77.3164,2026-08-29 12:00:00,34.9,50,0.0,9.8,122.0,648.2,4.1,150.0,13.9,255.0
Anand Vihar,28.6469,77.3164,2026-08-29 13:00:00,35.6,47,0.0,9.3,120.1,629.6,3.5,154.0,14.5,256.0
Anand Vihar,28.6469,77.3164,2026-08-29 14:00:00,35.9,45,0.0,9.5,118.5,612.8,5.3,152.0,14.9,273.0
Anand Vihar,28.6469,77.3164,2026-08-29 15:00:00,35.8,45,0.0,10.4,117.1,603.5,9.5,142.0,14.8,277.0
Anand Vihar,28.6469,77.3164,2026-08-29 16:00:00,35.3,46,0.0,10.9,114.6,577.4,16.0,124.0,14.7,298.0
Anand Vihar,28.6469,77.3164,2026-08-29 17:00:00,34.9,47,0.0,9.0,91.0,419.1,20.0,106.0,13.4,423.0
Anand Vihar,28.6469,77.3164,2026-08-29 18:00:00,33.9,51,0.0,6.1,95.7,352.0,36.1,82.0,18.3,777.0
Anand Vihar,28.6469,77.3164,2026-08-29 19:00:00,33.2,61,0.0,0.9,108.7,364.1,58.3,50.0,25.0,1235.0
Anand Vihar,28.6469,77.3164,2026-08-29 20:00:00,32.4,63,0.0,1.2,120.1,372.5,75.7,24.0,30.9,1509.0
Anand Vihar,28.6469,77.3164,2026-08-29 21:00:00,31.4,68,0.0,3.3,128.1,366.9,84.2,12.0,35.5,1441.0
Anand Vihar,28.6469,77.3164,2026-08-29 22:00:00,31.1,70,0.0,4.1,136.0,357.6,87.9,6.0,39.1,1189.0
Anand Vihar,28.6469,77.3164,2026-08-29 23:00:00,31.3,71,0.0,3.2,136.9,341.8,87.6,4.0,39.9,933.0
Anand Vihar,28.6469,77.3164,2026-08-30 00:00:00,30.4,74,0.0,3.1,130.4,320.4,83.0,4.0,36.0,713.0
Anand Vihar,28.6469,77.3164,2026-08-30 01:00:00,30.0,74,0.0,7.0,117.6,297.1,74.3,7.0,29.2,489.0
Anand Vihar,28.6469,77.3164,2026-08-30 02:00:00,29.8,71,0.0,8.8,98.7,295.2,63.7,12.0,22.9,326.0
Anand Vihar,28.6469,77.3164,2026-08-30 03:00:00,29.4,70,0.0,8.4,82.7,303.6,49.7,19.0,17.9,259.0
Anand Vihar,28.6469,77.3164,2026-08-30 04:00:00,28.9,70,0.0,8.4,72.2,299.0,33.7,28.0,13.4,251.0
Anand Vihar,28.6469,77.3164,2026-08-30 05:00:00,29.3,68,0.0,11.5,80.8,421.0,16.7,46.0,8.7,262.0
Anand Vihar,28.6469,77.3164,2026-08-30 06:00:00,28.8,69,0.0,10.1,84.3,440.5,15.5,53.0,9.6,291.0
Anand Vihar,28.6469,77.3164,2026-08-30 07:00:00,29.5,67,0.0,8.6,95.2,476.8,13.7,63.0,10.8,337.0
Anand Vihar,28.6469,77.3164,2026-08-30 08:00:00,30.7,62,0.0,10.4,101.5,530.9,11.7,76.0,11.8,358.0
Anand Vihar,28.6469,77.3164,2026-08-30 09:00:00,32.0,58,0.0,9.8,108.0,571.8,9.2,94.0,12.3,326.0
Anand Vihar,28.6469,77.3164,2026-08-30 10:00:00,33.5,53,0.0,9.7,114.6,603.5,6.5,115.0,12.6,268.0
Anand Vihar,28.6469,77.3164,2026-08-30 11:00:00,34.5,48,0.0,9.4,119.0,625.8,4.5,131.0,12.9,225.0
Anand Vihar,28.6469,77.3164,2026-08-30 12:00:00,35.2,45,0.2,7.6,100.8,478.7,3.5,140.0,13.1,212.0
Anand Vihar,28.6469,77.3164,2026-08-30 13:00:00,34.8,45,0.2,7.1,93.1,422.8,3.3,145.0,13.3,215.0
Anand Vihar,28.6469,77.3164,2026-08-30 14:00:00,34.2,48,0.1,5.7,88.7,393.9,4.2,144.0,13.5,224.0
Anand Vihar,28.6469,77.3164,2026-08-30 15:00:00,34.8,46,0.0,5.3,85.0,373.5,5.3,138.0,13.2,214.0
Anand Vihar,28.6469,77.3164,2026-08-30 16:00:00,34.8,45,0.0,6.2,82.7,347.4,7.6,127.0,12.8,211.0
Anand Vihar,28.6469,77.3164,2026-08-30 17:00:00,34.3,48,0.0,3.5,75.4,276.6,15.0,118.0,16.2,288.0
Anand Vihar,28.6469,77.3164,2026-08-30 18:00:00,33.3,52,0.2,3.7,84.3,228.2,34.9,91.0,23.0,546.0
Anand Vihar,28.6469,77.3164,2026-08-30 19:00:00,32.3,60,0.0,2.7,97.8,241.2,62.2,54.0,32.4,885.0
Anand Vihar,28.6469,77.3164,2026-08-30 20:00:00,31.6,65,0.0,4.5,109.9,241.2,81.4,26.0,39.2,1076.0
Anand Vihar,28.6469,77.3164,2026-08-30 21:00:00,30.8,71,0.0,5.2,113.2,225.4,85.2,15.0,41.3,983.0
Anand Vihar,28.6469,77.3164,2026-08-30 22:00:00,30.4,73,0.0,5.0,109.9,201.2,80.9,13.0,40.9,742.0
Anand Vihar,28.6469,77.3164,2026-08-30 23:00:00,30.9,71,0.0,5.5,101.7,175.1,75.3,12.0,39.2,533.0
Anand Vihar,28.6469,77.3164,2026-08-31 00:00:00,30.2,72,0.0,6.2,94.5,165.8,70.4,11.0,36.2,421.0
Anand Vihar,28.6469,77.3164,2026-08-31 01:00:00,29.8,72,0.0,6.1,89.9,170.4,64.2,13.0,31.9,341.0
Anand Vihar,28.6469,77.3164,2026-08-31 02:00:00,29.6,69,0.0,7.6,89.9,207.7,57.1,15.0,27.7,282.0
Anand Vihar,28.6469,77.3164,2026-08-31 03:00:00,29.2,67,0.0,7.9,90.3,266.4,48.4,18.0,23.8,236.0
Anand Vihar,28.6469,77.3164,2026-08-31 04:00:00,28.8,67,0.0,8.3,88.2,323.2,38.9,22.0,20.1,211.0
Anand Vihar,28.6469,77.3164,2026-08-31 05:00:00,29.2,65,0.0,12.6,102.2,540.2,14.4,46.0,9.5,218.0
Anand Vihar,28.6469,77.3164,2026-08-31 06:00:00,28.7,67,0.0,11.9,104.5,534.6,14.9,48.0,10.4,284.0
Anand Vihar,28.6469,77.3164,2026-08-31 07:00:00,28.9,65,0.0,11.2,108.0,534.6,15.5,52.0,11.7,382.0
Anand Vihar,28.6469,77.3164,2026-08-31 08:00:00,29.7,62,0.0,11.6,108.0,556.9,15.0,62.0,12.9,438.0
Anand Vihar,28.6469,77.3164,2026-08-31 09:00:00,30.3,60,0.0,10.0,111.8,594.2,12.6,84.0,13.8,409.0
Anand Vihar,28.6469,77.3164,2026-08-31 10:00:00,32.3,54,0.0,10.1,120.1,631.4,9.1,112.0,14.6,338.0
Anand Vihar,28.6469,77.3164,2026-08-31 11:00:00,34.0,48,0.0,10.8,128.5,665.0,6.5,134.0,15.1,283.0
Anand Vihar,28.6469,77.3164,2026-08-31 12:00:00,34.2,48,0.2,8.6,127.1,640.7,5.2,146.0,15.3,264.0
Anand Vihar,28.6469,77.3164,2026-08-31 13:00:00,34.9,45,0.3,7.0,116.9,571.8,4.8,152.0,15.3,261.0
Anand Vihar,28.6469,77.3164,2026-08-31 14:00:00,34.9,45,0.3,7.2,107.1,512.2,5.6,153.0,15.2,274.0
Anand Vihar,28.6469,77.3164,2026-08-31 15:00:00,35.1,44,0.3,8.2,103.4,488.0,6.1,148.0,14.6,262.0
Anand Vihar,28.6469,77.3164,2026-08-31 16:00:00,34.5,47,0.6,9.5,98.5,444.2,7.9,138.0,14.0,267.0
Anand Vihar,28.6469,77.3164,2026-08-31 17:00:00,34.0,50,0.5,7.5,84.3,372.5,12.9,109.0,12.5,412.0
Anand Vihar,28.6469,77.3164,2026-08-31 18:00:00,33.2,52,0.0,5.7,86.6,332.5,29.2,84.0,16.5,820.0
Anand Vihar,28.6469,77.3164,2026-08-31 19:00:00,32.5,58,0.0,2.5,95.7,315.7,51.9,49.0,22.3,1367.0
Anand Vihar,28.6469,77.3164,2026-08-31 20:00:00,32.1,63,0.0,0.0,107.1,327.8,70.3,22.0,28.4,1812.0
Anand Vihar,28.6469,77.3164,2026-08-31 21:00:00,31.3,66,0.0,2.5,119.7,348.3,80.7,9.0,35.2,2094.0
Anand Vihar,28.6469,77.3164,2026-08-31 22:00:00,30.4,74,0.0,4.3,135.0,369.7,86.9,3.0,42.4,2274.0
Anand Vihar,28.6469,77.3164,2026-08-31 23:00:00,31.3,66,0.0,3.2,146.2,381.8,89.4,0.0,47.0,2284.0
Anand Vihar,28.6469,77.3164,2026-09-01 00:00:00,30.2,72,0.1,4.0,147.1,366.9,86.9,0.0,47.4,2039.0
Anand Vihar,28.6469,77.3164,2026-09-01 01:00:00,29.8,73,0.0,5.3,142.0,341.8,80.7,1.0,45.3,1625.0
Anand Vihar,28.6469,77.3164,2026-09-01 02:00:00,29.6,70,0.0,6.1,136.4,320.4,74.9,3.0,42.8,1234.0
Anand Vihar,28.6469,77.3164,2026-09-01 03:00:00,29.0,70,0.0,5.6,129.9,297.1,71.8,2.0,40.7,902.0
Anand Vihar,28.6469,77.3164,2026-09-01 04:00:00,28.5,72,0.0,5.3,122.5,285.9,69.2,1.0,38.2,594.0
Anand Vihar,28.6469,77.3164,2026-09-01 05:00:00,28.9,68,0.0,10.3,78.0,385.6,15.0,44.0,9.0,394.0
Anand Vihar,28.6469,77.3164,2026-09-01 06:00:00,28.3,72,0.0,8.8,80.8,373.5,15.5,47.0,10.2,381.0
Anand Vihar,28.6469,77.3164,2026-09-01 07:00:00,28.9,70,0.0,8.0,84.3,357.6,16.0,53.0,11.9,477.0
Anand Vihar,28.6469,77.3164,2026-09-01 08:00:00,30.0,66,0.0,9.7,81.0,393.9,15.5,64.0,13.2,532.0
Anand Vihar,28.6469,77.3164,2026-09-01 09:00:00,31.4,61,0.0,9.2,76.8,375.3,12.8,85.0,13.9,472.0
Anand Vihar,28.6469,77.3164,2026-09-01 10:00:00,32.8,55,0.0,7.4,75.4,363.2,9.1,112.0,14.2,372.0
Anand Vihar,28.6469,77.3164,2026-09-01 11:00:00,33.0,52,0.2,6.6,67.1,300.8,6.3,134.0,14.5,302.0
Anand Vihar,28.6469,77.3164,2026-09-01 12:00:00,33.9,49,0.1,5.5,60.3,247.7,5.1,148.0,14.8,291.0
Anand Vihar,28.6469,77.3164,2026-09-01 13:00:00,34.5,47,0.2,5.8,58.1,231.9,4.8,157.0,15.0,311.0
Anand Vihar,28.6469,77.3164,2026-09-01 14:00:00,31.8,60,1.0,10.6,58.7,228.6,5.8,161.0,15.5,347.0
Anand Vihar,28.6469,77.3164,2026-09-01 15:00:00,31.8,63,0.8,4.2,61.2,242.1,8.3,159.0,16.0,382.0
Anand Vihar,28.6469,77.3164,2026-09-01 16:00:00,30.2,69,0.2,10.4,61.2,231.9,12.2,151.0,16.9,434.0
Anand Vihar,28.6469,77.3164,2026-09-01 17:00:00,32.1,62,0.8,2.1,57.6,177.4,18.3,152.0,23.0,541.0
Anand Vihar,28.6469,77.3164,2026-09-01 18:00:00,31.2,64,0.1,6.8,61.9,150.9,24.1,135.0,26.4,769.0
Anand Vihar,28.6469,77.3164,2026-09-01 19:00:00,30.0,72,0.0,8.7,61.0,116.6,32.0,111.0,31.0,1052.0
Anand Vihar,28.6469,77.3164,2026-09-01 20:00:00,29.7,73,0.0,3.8,58.2,99.4,38.1,90.0,34.6,1235.0
Anand Vihar,28.6469,77.3164,2026-09-01 21:00:00,29.6,74,0.0,2.4,56.9,88.9,40.5,76.0,36.4,1238.0
Anand Vihar,28.6469,77.3164,2026-09-01 22:00:00,29.3,77,0.0,2.0,55.2,80.3,41.0,64.0,37.2,1140.0
Anand Vihar,28.6469,77.3164,2026-09-01 23:00:00,28.1,76,0.0,8.6,52.5,72.4,40.6,55.0,36.8,1022.0
Anand Vihar,28.6469,77.3164,2026-09-02 00:00:00,27.0,85,0.0,4.6,48.8,65.7,38.9,47.0,34.4,897.0
Anand Vihar,28.6469,77.3164,2026-09-02 01:00:00,26.3,89,0.0,5.3,46.9,60.1,36.2,42.0,30.8,753.0
Anand Vihar,28.6469,77.3164,2026-09-02 02:00:00,26.2,90,0.0,1.9,45.3,55.3,34.8,36.0,28.1,634.0
Anand Vihar,28.6469,77.3164,2026-09-02 03:00:00,26.2,90,0.0,0.9,44.1,51.9,36.2,27.0,26.6,541.0
Anand Vihar,28.6469,77.3164,2026-09-02 04:00:00,26.2,89,0.0,2.6,44.2,50.5,38.8,18.0,25.9,474.0
Anand Vihar,28.6469,77.3164,2026-09-02 05:00:00,25.8,89,0.0,1.8,47.0,63.8,35.3,39.0,35.1,475.0
Anand Vihar,28.6469,77.3164,2026-09-02 06:00:00,25.4,91,0.9,2.5,50.9,65.9,34.9,47.0,37.1,614.0
Anand Vihar,28.6469,77.3164,2026-09-02 07:00:00,26.4,86,0.1,1.3,46.4,72.6,34.1,59.0,39.7,821.0
Anand Vihar,28.6469,77.3164,2026-09-02 08:00:00,28.2,76,0.0,3.1,43.4,81.0,31.5,79.0,40.5,930.0
Anand Vihar,28.6469,77.3164,2026-09-02 09:00:00,30.0,69,0.0,3.4,45.8,99.4,25.3,117.0,38.3,842.0
Anand Vihar,28.6469,77.3164,2026-09-02 10:00:00,31.6,62,0.0,2.7,49.0,112.5,17.2,163.0,34.5,655.0
Anand Vihar,28.6469,77.3164,2026-09-02 11:00:00,29.7,73,0.1,10.7,49.9,117.1,11.0,195.0,30.3,501.0
Anand Vihar,28.6469,77.3164,2026-09-02 12:00:00,27.9,86,4.8,0.8,48.4,114.6,7.8,201.0,25.7,418.0
Anand Vihar,28.6469,77.3164,2026-09-02 13:00:00,27.3,87,3.4,4.6,46.6,116.6,6.5,192.0,20.9,368.0
Anand Vihar,28.6469,77.3164,2026-09-02 14:00:00,28.8,82,0.8,3.6,57.9,147.1,7.6,177.0,17.7,359.0
Anand Vihar,28.6469,77.3164,2026-09-02 15:00:00,29.2,78,0.1,5.8,39.3,91.5,12.0,158.0,17.1,407.0
Anand Vihar,28.6469,77.3164,2026-09-02 16:00:00,29.4,76,0.0,5.6,35.2,72.4,18.8,133.0,18.3,497.0
Anand Vihar,28.6469,77.3164,2026-09-02 17:00:00,30.9,62,0.0,9.9,35.4,72.9,17.1,111.0,17.9,593.0
Anand Vihar,28.6469,77.3164,2026-09-02 18:00:00,29.4,69,0.1,8.1,37.8,60.5,31.0,86.0,21.4,702.0
Anand Vihar,28.6469,77.3164,2026-09-02 19:00:00,28.8,72,0.0,6.0,49.2,66.6,49.9,52.0,26.2,818.0
Anand Vihar,28.6469,77.3164,2026-09-02 20:00:00,28.4,75,0.0,5.4,51.8,63.3,62.0,28.0,29.5,887.0
Anand Vihar,28.6469,77.3164,2026-09-02 21:00:00,28.1,79,0.0,4.9,48.4,56.1,61.2,23.0,29.8,877.0
Anand Vihar,28.6469,77.3164,2026-09-02 22:00:00,27.8,83,0.0,5.1,43.7,48.4,53.7,28.0,28.4,819.0
Anand Vihar,28.6469,77.3164,2026-09-02 23:00:00,27.9,84,0.0,5.4,40.2,43.0,46.0,34.0,27.0,759.0
Anand Vihar,28.6469,77.3164,2026-09-03 00:00:00,27.0,87,0.1,8.6,35.6,37.4,39.7,40.0,25.8,705.0
Anand Vihar,28.6469,77.3164,2026-09-03 01:00:00,26.5,88,0.2,6.9,31.8,32.9,33.3,47.0,24.5,647.0
Anand Vihar,28.6469,77.3164,2026-09-03 02:00:00,26.1,91,0.2,5.4,29.2,29.9,28.5,52.0,23.4,604.0
Anand Vihar,28.6469,77.3164,2026-09-03 03:00:00,25.9,92,0.2,4.9,28.5,28.9,26.3,52.0,22.6,579.0
Anand Vihar,28.6469,77.3164,2026-09-03 04:00:00,25.9,92,0.1,4.5,28.1,28.3,25.6,50.0,22.1,567.0
Anand Vihar,28.6469,77.3164,2026-09-03 05:00:00,25.9,96,0.0,2.7,12.0,12.0,19.1,64.0,17.3,573.0
Anand Vihar,28.6469,77.3164,2026-09-03 06:00:00,26.0,97,0.2,3.3,12.4,12.5,20.6,65.0,19.0,619.0
Anand Vihar,28.6469,77.3164,2026-09-03 07:00:00,26.8,93,0.1,4.0,12.8,12.9,22.6,67.0,21.3,682.0
Anand Vihar,28.6469,77.3164,2026-09-03 08:00:00,28.2,84,0.0,5.3,13.1,13.2,23.1,74.0,23.4,697.0
Anand Vihar,28.6469,77.3164,2026-09-03 09:00:00,29.3,81,0.1,5.9,15.1,15.3,20.9,89.0,25.0,617.0
Anand Vihar,28.6469,77.3164,2026-09-03 10:00:00,30.4,76,0.1,6.3,16.9,23.9,17.3,107.0,26.4,488.0
Anand Vihar,28.6469,77.3164,2026-09-03 11:00:00,30.9,69,0.1,6.7,17.6,28.5,14.4,122.0,26.9,387.0
Anand Vihar,28.6469,77.3164,2026-09-03 12:00:00,31.7,65,0.4,8.5,17.2,22.9,12.7,128.0,25.7,332.0
Anand Vihar,28.6469,77.3164,2026-09-03 13:00:00,31.8,63,0.4,9.1,18.1,21.7,11.7,131.0,23.7,304.0
Anand Vihar,28.6469,77.3164,2026-09-03 14:00:00,32.1,61,0.2,7.7,19.0,21.5,12.0,132.0,22.8,322.0
Anand Vihar,28.6469,77.3164,2026-09-03 15:00:00,32.3,59,0.0,6.4,21.0,26.1,11.6,138.0,23.5,413.0
Anand Vihar,28.6469,77.3164,2026-09-03 16:00:00,32.3,59,0.0,6.5,22.5,25.7,12.4,142.0,25.4,550.0
Anand Vihar,28.6469,77.3164,2026-09-03 17:00:00,28.7,83,0.5,7.6,25.3,25.5,33.5,85.0,30.2,676.0
Anand Vihar,28.6469,77.3164,2026-09-03 18:00:00,28.1,85,0.1,4.6,30.3,30.5,47.0,66.0,35.2,763.0
Anand Vihar,28.6469,77.3164,2026-09-03 19:00:00,27.8,87,0.0,3.0,41.4,41.7,65.5,39.0,42.1,839.0
Anand Vihar,28.6469,77.3164,2026-09-03 20:00:00,27.6,89,0.0,5.2,52.0,52.3,79.0,19.0,46.7,929.0
Anand Vihar,28.6469,77.3164,2026-09-03 21:00:00,27.5,89,0.0,4.1,66.4,66.6,83.1,11.0,47.2,1062.0
Anand Vihar,28.6469,77.3164,2026-09-03 22:00:00,27.4,91,0.0,3.2,67.8,68.0,82.3,9.0,45.4,1210.0
Anand Vihar,28.6469,77.3164,2026-09-03 23:00:00,28.9,86,0.0,3.2,64.3,64.7,79.2,9.0,43.1,1307.0
Anand Vihar,28.6469,77.3164,2026-09-04 00:00:00,28.3,84,0.5,0.3,61.7,61.9,74.1,11.0,40.5,1319.0
Anand Vihar,28.6469,77.3164,2026-09-04 01:00:00,27.6,90,0.1,2.3,59.3,59.6,66.8,15.0,37.4,1281.0
Anand Vihar,28.6469,77.3164,2026-09-04 02:00:00,27.4,91,0.1,5.9,58.2,58.7,59.9,19.0,34.8,1235.0
Anand Vihar,28.6469,77.3164,2026-09-04 03:00:00,27.0,92,0.0,4.9,56.9,57.3,54.3,19.0,32.8,1203.0
Anand Vihar,28.6469,77.3164,2026-09-04 04:00:00,26.8,93,0.0,5.4,54.7,55.2,49.1,19.0,31.2,1162.0
Anand Vihar,28.6469,77.3164,2026-09-04 05:00:00,25.8,100,0.0,8.5,51.8,52.2,48.8,23.0,31.6,1085.0
Anand Vihar,28.6469,77.3164,2026-09-04 06:00:00,25.7,98,1.6,7.6,48.0,48.3,47.7,24.0,31.1,943.0
Anand Vihar,28.6469,77.3164,2026-09-04 07:00:00,26.0,96,0.8,7.8,44.9,45.4,45.9,28.0,30.4,766.0
Anand Vihar,28.6469,77.3164,2026-09-04 08:00:00,27.0,89,0.3,6.9,46.9,47.4,42.6,39.0,30.0,616.0
Anand Vihar,28.6469,77.3164,2026-09-04 09:00:00,28.9,79,0.1,7.9,41.3,41.7,36.4,67.0,30.2,511.0
Anand Vihar,28.6469,77.3164,2026-09-04 10:00:00,29.9,76,0.0,7.4,38.4,38.8,28.8,102.0,30.7,433.0
Anand Vihar,28.6469,77.3164,2026-09-04 11:00:00,29.6,78,0.0,8.3,33.4,33.8,23.1,129.0,31.0,386.0
Anand Vihar,28.6469,77.3164,2026-09-04 12:00:00,30.0,77,1.2,3.3,31.9,32.4,20.7,139.0,30.7,371.0
Anand Vihar,28.6469,77.3164,2026-09-04 13:00:00,29.3,78,1.0,8.6,31.1,31.5,20.3,139.0,30.3,386.0
Anand Vihar,28.6469,77.3164,2026-09-04 14:00:00,28.8,82,1.9,6.3,30.9,31.2,21.2,136.0,30.0,432.0
Anand Vihar,28.6469,77.3164,2026-09-04 15:00:00,29.3,80,0.2,6.0,30.9,31.3,22.6,133.0,30.0,525.0
Anand Vihar,28.6469,77.3164,2026-09-04 16:00:00,29.4,79,0.0,5.3,31.0,31.4,25.3,126.0,30.2,648.0
Anand Vihar,28.6469,77.3164,2026-09-04 17:00:00,28.9,76,0.0,5.5,48.9,67.1,28.4,99.0,25.8,752.0
Anand Vihar,28.6469,77.3164,2026-09-04 18:00:00,28.1,82,0.0,3.6,51.9,57.9,35.7,82.0,25.6,828.0
Anand Vihar,28.6469,77.3164,2026-09-04 19:00:00,27.7,86,0.2,4.8,54.6,55.8,45.5,59.0,25.4,885.0
Anand Vihar,28.6469,77.3164,2026-09-04 20:00:00,27.5,90,0.3,5.1,52.2,52.3,50.9,43.0,24.6,902.0
Anand Vihar,28.6469,77.3164,2026-09-04 21:00:00,27.3,93,0.7,5.8,45.9,46.1,48.0,41.0,23.1,855.0
Anand Vihar,28.6469,77.3164,2026-09-04 22:00:00,26.9,95,1.0,5.3,39.2,39.5,40.6,46.0,21.1,768.0
Anand Vihar,28.6469,77.3164,2026-09-04 23:00:00,27.1,93,3.2,7.1,34.6,34.7,33.5,51.0,19.1,688.0
Anand Vihar,28.6469,77.3164,2026-09-05 00:00:00,26.7,96,0.5,7.2,27.9,28.1,27.9,55.0,16.9,632.0
Anand Vihar,28.6469,77.3164,2026-09-05 01:00:00,26.6,96,0.4,6.8,23.1,23.2,22.6,59.0,14.7,582.0
Anand Vihar,28.6469,77.3164,2026-09-05 02:00:00,26.2,95,1.0,9.2,18.2,18.3,18.8,62.0,13.1,535.0
Anand Vihar,28.6469,77.3164,2026-09-05 03:00:00,26.0,96,1.7,6.9,15.0,15.1,16.9,62.0,12.2,474.0
Anand Vihar,28.6469,77.3164,2026-09-05 04:00:00,25.8,97,2.1,6.8,13.7,13.8,16.4,59.0,11.9,415.0
Anand Vihar,28.6469,77.3164,2026-09-05 05:00:00,25.4,97,1.0,15.5,18.0,18.2,19.7,50.0,13.6,404.0
Anand Vihar,28.6469,77.3164,2026-09-05 06:00:00,25.0,96,2.0,8.9,20.4,20.5,24.3,44.0,15.3,493.0
Anand Vihar,28.6469,77.3164,2026-09-05 07:00:00,25.6,96,0.5,3.6,24.9,25.0,30.4,38.0,17.8,630.0
Anand Vihar,28.6469,77.3164,2026-09-05 08:00:00,26.2,92,0.2,6.5,25.7,25.8,33.7,38.0,20.1,708.0
Anand Vihar,28.6469,77.3164,2026-09-05 09:00:00,27.0,90,0.4,4.3,24.2,24.4,31.8,51.0,22.3,658.0
Anand Vihar,28.6469,77.3164,2026-09-05 10:00:00,27.9,85,0.5,5.3,22.8,22.9,27.1,72.0,24.3,550.0
Anand Vihar,28.6469,77.3164,2026-09-05 11:00:00,28.5,84,0.5,6.1,22.4,22.6,22.8,91.0,25.5,484.0
Anand Vihar,28.6469,77.3164,2026-09-05 12:00:00,27.7,88,1.7,8.3,23.7,24.0,19.6,109.0,25.2,510.0
Anand Vihar,28.6469,77.3164,2026-09-05 13:00:00,26.3,92,5.7,5.1,24.2,24.5,16.8,126.0,24.0,578.0
Anand Vihar,28.6469,77.3164,2026-09-05 14:00:00,26.2,95,1.8,6.4,24.7,25.3,15.8,136.0,22.8,639.0
Anand Vihar,28.6469,77.3164,2026-09-05 15:00:00,27.3,91,0.7,6.5,26.1,26.7,15.8,135.0,21.3,611.0
Anand Vihar,28.6469,77.3164,2026-09-05 16:00:00,27.4,91,0.4,6.0,28.2,28.8,17.7,127.0,19.7,576.0
Anand Vihar,28.6469,77.3164,2026-09-05 17:00:00,27.5,89,0.2,5.2,38.3,39.6,28.1,74.0,20.2,727.0
Anand Vihar,28.6469,77.3164,2026-09-05 18:00:00,27.4,91,0.3,4.6,44.0,44.8,34.9,62.0,21.1,1268.0
Anand Vihar,28.6469,77.3164,2026-09-05 19:00:00,27.1,92,0.0,6.5,48.2,48.9,44.1,45.0,22.3,1996.0
Anand Vihar,28.6469,77.3164,2026-09-05 20:00:00,27.0,90,0.0,6.0,49.5,50.1,49.8,33.0,22.8,2490.0
Anand Vihar,28.6469,77.3164,2026-09-05 21:00:00,26.8,90,0.0,5.4,48.3,48.9,48.9,31.0,22.1,2574.0
Anand Vihar,28.6469,77.3164,2026-09-05 22:00:00,26.6,90,0.0,3.3,47.0,47.5,44.4,34.0,20.6,2424.0
Anand Vihar,28.6469,77.3164,2026-09-05 23:00:00,26.8,88,0.0,3.3,47.1,47.6,40.2,37.0,19.3,2155.0
Anand Vihar,28.6469,77.3164,2026-09-06 00:00:00,26.4,90,0.0,4.1,46.4,46.9,37.2,38.0,18.2,1723.0
Anand Vihar,28.6469,77.3164,2026-09-06 01:00:00,26.1,92,0.1,5.0,44.9,45.3,34.3,38.0,17.1,1172.0
Anand Vihar,28.6469,77.3164,2026-09-06 02:00:00,25.6,95,0.2,6.3,45.8,46.1,32.2,38.0,16.4,743.0
Anand Vihar,28.6469,77.3164,2026-09-06 03:00:00,25.3,96,0.1,7.8,47.0,47.5,31.4,35.0,16.0,544.0
Anand Vihar,28.6469,77.3164,2026-09-06 04:00:00,25.1,96,0.0,6.9,46.3,46.7,31.3,32.0,16.0,467.0
Anand Vihar,28.6469,77.3164,2026-09-06 05:00:00,25.1,98,0.0,5.0,45.5,45.9,31.4,35.0,20.8,434.0
Anand Vihar,28.6469,77.3164,2026-09-06 06:00:00,24.8,98,0.2,2.7,50.1,50.3,28.8,46.0,22.4,438.0
Anand Vihar,28.6469,77.3164,2026-09-06 07:00:00,24.4,98,1.6,7.7,43.8,44.1,25.2,63.0,24.5,486.0
Anand Vihar,28.6469,77.3164,2026-09-06 08:00:00,25.0,94,0.9,6.5,34.6,34.9,21.3,81.0,25.8,519.0
Anand Vihar,28.6469,77.3164,2026-09-06 09:00:00,25.6,92,0.5,6.0,30.2,30.5,17.1,102.0,25.7,514.0
Anand Vihar,28.6469,77.3164,2026-09-06 10:00:00,26.3,89,0.7,6.8,26.9,27.1,12.7,125.0,24.8,494.0
Anand Vihar,28.6469,77.3164,2026-09-06 11:00:00,26.4,92,0.4,7.7,25.1,25.3,9.5,143.0,23.9,472.0
Anand Vihar,28.6469,77.3164,2026-09-06 12:00:00,25.7,94,3.0,11.4,23.1,23.3,7.8,153.0,23.0,440.0
Anand Vihar,28.6469,77.3164,2026-09-06 13:00:00,25.5,94,1.7,11.7,23.3,23.5,7.3,157.0,22.0,407.0
Anand Vihar,28.6469,77.3164,2026-09-06 14:00:00,25.8,90,0.9,8.8,23.5,23.6,7.9,157.0,21.5,406.0
Anand Vihar,28.6469,77.3164,2026-09-06 15:00:00,25.6,90,0.5,6.6,22.7,23.1,7.8,154.0,21.1,415.0
Anand Vihar,28.6469,77.3164,2026-09-06 16:00:00,26.5,83,0.0,2.8,22.4,22.8,8.9,146.0,21.2,457.0
Anand Vihar,28.6469,77.3164,2026-09-06 17:00:00,28.0,80,0.0,6.3,23.6,23.7,16.5,93.0,17.0,639.0
Anand Vihar,28.6469,77.3164,2026-09-06 18:00:00,27.3,84,0.0,3.8,29.4,29.9,29.7,73.0,22.7,1099.0
Anand Vihar,28.6469,77.3164,2026-09-06 19:00:00,26.8,87,0.0,1.4,40.3,40.5,48.0,45.0,30.7,1697.0
Anand Vihar,28.6469,77.3164,2026-09-06 20:00:00,26.6,89,0.0,1.7,50.4,50.5,62.8,24.0,38.2,2125.0
Anand Vihar,28.6469,77.3164,2026-09-06 21:00:00,26.4,90,0.0,0.4,53.6,53.6,70.1,15.0,44.2,2238.0
Anand Vihar,28.6469,77.3164,2026-09-06 22:00:00,25.9,93,0.0,2.2,59.8,59.8,73.9,13.0,49.6,2180.0
Anand Vihar,28.6469,77.3164,2026-09-06 23:00:00,26.4,90,0.0,0.4,69.4,69.4,76.8,11.0,54.0,2069.0
Anand Vihar,28.6469,77.3164,2026-09-07 00:00:00,25.9,92,0.0,0.2,75.4,75.4,79.6,9.0,56.9,1912.0
Anand Vihar,28.6469,77.3164,2026-09-07 01:00:00,25.6,92,0.0,1.2,77.1,77.1,81.5,7.0,58.8,1702.0
Anand Vihar,28.6469,77.3164,2026-09-07 02:00:00,25.4,93,0.0,3.0,79.6,79.6,83.0,6.0,60.2,1531.0
Anand Vihar,28.6469,77.3164,2026-09-07 03:00:00,25.2,93,0.0,3.0,81.5,81.5,85.6,1.0,61.4,1445.0
Anand Vihar,28.6469,77.3164,2026-09-07 04:00:00,24.9,94,0.0,4.3,84.5,84.8,87.8,0.0,62.1,1399.0
Anand Vihar,28.6469,77.3164,2026-09-07 05:00:00,25.8,94,0.0,3.4,78.2,78.2,69.7,2.0,46.3,1350.0
Anand Vihar,28.6469,77.3164,2026-09-07 06:00:00,25.4,96,0.0,5.4,83.1,83.1,60.4,20.0,44.6,1293.0
Anand Vihar,28.6469,77.3164,2026-09-07 07:00:00,26.4,92,0.0,4.8,73.3,73.8,47.3,46.0,42.4,1233.0
Anand Vihar,28.6469,77.3164,2026-09-07 08:00:00,27.9,85,0.0,3.5,51.1,53.3,35.5,78.0,40.8,1140.0
Anand Vihar,28.6469,77.3164,2026-09-07 09:00:00,29.3,77,0.0,5.4,41.6,53.3,26.6,122.0,41.1,981.0
Anand Vihar,28.6469,77.3164,2026-09-07 10:00:00,30.4,72,0.0,4.0,46.8,64.7,19.0,172.0,42.1,790.0
Anand Vihar,28.6469,77.3164,2026-09-07 11:00:00,31.3,64,0.1,2.9,54.7,76.8,13.2,212.0,41.8,633.0
Anand Vihar,28.6469,77.3164,2026-09-07 12:00:00,32.0,61,0.0,2.3,59.6,78.9,9.1,237.0,38.9,524.0
Anand Vihar,28.6469,77.3164,2026-09-07 13:00:00,32.5,58,0.0,3.8,61.0,79.2,6.7,251.0,34.8,449.0
Anand Vihar,28.6469,77.3164,2026-09-07 14:00:00,32.3,58,0.0,8.2,59.6,76.6,7.0,252.0,31.2,443.0
Anand Vihar,28.6469,77.3164,2026-09-07 15:00:00,31.2,59,0.9,5.3,58.0,75.7,9.3,236.0,28.1,429.0
Anand Vihar,28.6469,77.3164,2026-09-07 16:00:00,31.2,61,0.0,5.3,54.0,72.6,14.2,206.0,25.5,483.0
Anand Vihar,28.6469,77.3164,2026-09-07 17:00:00,31.9,60,0.0,5.4,68.2,87.8,28.0,158.0,25.1,865.0
Anand Vihar,28.6469,77.3164,2026-09-07 18:00:00,30.9,68,0.0,1.6,82.2,97.8,48.0,125.0,30.1,1960.0
Anand Vihar,28.6469,77.3164,2026-09-07 19:00:00,30.2,70,0.0,0.9,99.7,115.0,75.2,79.0,36.9,3382.0
Anand Vihar,28.6469,77.3164,2026-09-07 20:00:00,29.3,75,0.0,1.0,105.2,118.5,93.8,46.0,42.5,4235.0
Anand Vihar,28.6469,77.3164,2026-09-07 21:00:00,28.3,81,0.0,3.0,99.9,111.1,95.7,37.0,45.3,3991.0
Anand Vihar,28.6469,77.3164,2026-09-07 22:00:00,27.9,82,0.0,4.6,100.1,110.8,88.9,40.0,46.9,3177.0
Anand Vihar,28.6469,77.3164,2026-09-07 23:00:00,27.8,85,0.0,3.6,99.7,110.6,81.1,44.0,47.9,2479.0
Anand Vihar,28.6469,77.3164,2026-09-08 00:00:00,27.1,85,0.0,4.8,98.7,109.4,74.6,44.0,49.1,2175.0
Anand Vihar,28.6469,77.3164,2026-09-08 01:00:00,26.6,83,0.0,5.9,98.3,109.0,67.2,45.0,49.8,1985.0
Anand Vihar,28.6469,77.3164,2026-09-08 02:00:00,26.2,84,0.0,5.4,96.6,108.0,60.1,45.0,49.1,1761.0
Anand Vihar,28.6469,77.3164,2026-09-08 03:00:00,25.9,85,0.0,4.9,92.7,104.5,53.3,44.0,46.5,1390.0
Anand Vihar,28.6469,77.3164,2026-09-08 04:00:00,25.7,86,0.0,5.2,87.5,100.1,46.8,42.0,42.5,984.0
Anand Vihar,28.6469,77.3164,2026-09-08 05:00:00,26.2,79,0.0,6.3,116.2,133.2,73.6,43.0,55.6,725.0
Anand Vihar,28.6469,77.3164,2026-09-08 06:00:00,26.3,79,0.0,3.8,99.0,113.4,63.4,62.0,50.6,761.0
Anand Vihar,28.6469,77.3164,2026-09-08 07:00:00,26.9,79,0.0,7.8,88.9,99.9,49.0,88.0,43.5,945.0
Anand Vihar,28.6469,77.3164,2026-09-08 08:00:00,28.1,76,0.0,7.3,61.9,75.4,35.6,117.0,36.8,1020.0
Anand Vihar,28.6469,77.3164,2026-09-08 09:00:00,29.7,69,0.0,9.0,47.0,68.2,24.4,150.0,31.2,843.0
Anand Vihar,28.6469,77.3164,2026-09-08 10:00:00,30.4,67,0.0,10.0,39.9,63.8,14.3,185.0,26.0,558.0
Anand Vihar,28.6469,77.3164,2026-09-08 11:00:00,32.1,60,0.0,10.2,37.3,62.2,7.2,208.0,21.7,341.0
Anand Vihar,28.6469,77.3164,2026-09-08 12:00:00,32.5,57,0.0,10.8,35.0,55.1,4.0,211.0,18.6,258.0
Anand Vihar,28.6469,77.3164,2026-09-08 13:00:00,32.0,60,0.2,10.9,34.8,58.1,3.9,201.0,16.5,244.0
Anand Vihar,28.6469,77.3164,2026-09-08 14:00:00,32.5,61,0.0,9.9,34.6,59.6,5.6,187.0,15.2,280.0
Anand Vihar,28.6469,77.3164,2026-09-08 15:00:00,32.7,59,0.0,9.8,34.7,62.4,8.9,171.0,14.5,365.0
Anand Vihar,28.6469,77.3164,2026-09-08 16:00:00,32.6,57,0.0,9.4,40.7,107.8,14.2,152.0,14.5,501.0
Anand Vihar,28.6469,77.3164,2026-09-08 17:00:00,31.8,65,0.0,6.1,44.4,114.3,21.6,122.0,15.5,672.0
Anand Vihar,28.6469,77.3164,2026-09-08 18:00:00,31.0,69,0.0,3.4,49.4,104.3,31.3,102.0,18.4,913.0
Anand Vihar,28.6469,77.3164,2026-09-08 19:00:00,30.5,71,0.0,4.1,53.2,101.7,44.7,74.0,22.4,1189.0
Anand Vihar,28.6469,77.3164,2026-09-08 20:00:00,29.7,76,0.0,4.3,56.8,109.0,55.0,52.0,25.9,1379.0
Anand Vihar,28.6469,77.3164,2026-09-08 21:00:00,29.2,78,0.0,3.5,62.2,122.5,59.2,42.0,28.6,1439.0
Anand Vihar,28.6469,77.3164,2026-09-08 22:00:00,28.8,80,0.0,3.5,68.2,136.4,60.2,37.0,30.8,1413.0
Anand Vihar,28.6469,77.3164,2026-09-08 23:00:00,29.2,79,0.0,4.9,73.1,145.8,60.2,34.0,31.7,1311.0
Anand Vihar,28.6469,77.3164,2026-09-09 00:00:00,28.4,82,0.0,5.0,74.5,147.6,59.9,30.0,30.4,1092.0
Anand Vihar,28.6469,77.3164,2026-09-09 01:00:00,27.7,85,0.0,4.7,73.8,145.3,58.5,27.0,27.8,797.0
Anand Vihar,28.6469,77.3164,2026-09-09 02:00:00,27.3,86,0.0,5.5,72.4,140.2,56.2,25.0,25.2,558.0
Anand Vihar,28.6469,77.3164,2026-09-09 03:00:00,27.1,85,0.0,5.0,70.1,139.7,52.8,21.0,23.2,421.0
Anand Vihar,28.6469,77.3164,2026-09-09 04:00:00,26.8,82,0.0,7.5,67.1,143.0,48.5,17.0,21.3,340.0
Anand Vihar,28.6469,77.3164,2026-09-09 05:00:00,27.9,81,0.0,8.5,54.0,169.0,23.4,38.0,13.7,316.0
Anand Vihar,28.6469,77.3164,2026-09-09 06:00:00,27.5,75,0.0,10.4,49.0,136.9,23.3,40.0,13.4,388.0
Anand Vihar,28.6469,77.3164,2026-09-09 07:00:00,28.2,72,0.0,11.5,48.7,143.4,22.8,45.0,13.0,517.0
Anand Vihar,28.6469,77.3164,2026-09-09 08:00:00,29.2,71,0.0,10.0,52.3,165.3,21.1,57.0,12.9,586.0
Anand Vihar,28.6469,77.3164,2026-09-09 09:00:00,30.2,67,0.0,11.8,59.1,232.4,16.7,84.0,13.2,526.0
Anand Vihar,28.6469,77.3164,2026-09-09 10:00:00,31.3,64,0.0,11.2,65.9,267.3,11.0,118.0,13.8,405.0
Anand Vihar,28.6469,77.3164,2026-09-09 11:00:00,32.9,54,0.0,13.3,72.6,299.0,6.7,143.0,14.1,310.0
Anand Vihar,28.6469,77.3164,2026-09-09 12:00:00,33.4,52,0.0,12.0,74.7,309.2,4.6,153.0,13.7,258.0
Anand Vihar,28.6469,77.3164,2026-09-09 13:00:00,33.7,51,0.0,11.4,74.0,309.2,4.0,154.0,13.1,233.0
Anand Vihar,28.6469,77.3164,2026-09-09 14:00:00,33.9,49,0.0,11.5,74.5,317.6,5.5,150.0,12.7,272.0
Anand Vihar,28.6469,77.3164,2026-09-09 15:00:00,33.7,49,0.0,11.5,75.7,330.6,9.3,140.0,12.5,385.0
Anand Vihar,28.6469,77.3164,2026-09-09 16:00:00,33.2,52,0.0,9.6,77.5,333.4,15.3,124.0,12.5,564.0
Anand Vihar,28.6469,77.3164,2026-09-09 17:00:00,33.3,53,0.0,7.8,70.8,273.8,22.3,104.0,13.6,819.0
Anand Vihar,28.6469,77.3164,2026-09-09 18:00:00,31.7,62,0.0,4.4,76.1,248.7,34.0,83.0,17.2,1255.0
Anand Vihar,28.6469,77.3164,2026-09-09 19:00:00,30.8,68,0.0,4.1,83.6,244.9,50.2,55.0,22.4,1768.0
Anand Vihar,28.6469,77.3164,2026-09-09 20:00:00,30.3,69,0.0,4.4,92.0,256.1,62.1,33.0,27.9,2061.0
Anand Vihar,28.6469,77.3164,2026-09-09 21:00:00,29.5,73,0.0,3.9,100.4,276.6,65.4,26.0,34.0,1966.0
Anand Vihar,28.6469,77.3164,2026-09-09 22:00:00,28.8,78,0.0,3.6,109.2,296.2,64.6,25.0,40.3,1650.0
Anand Vihar,28.6469,77.3164,2026-09-09 23:00:00,29.0,80,0.0,3.8,116.4,305.5,64.2,24.0,44.3,1323.0
Anand Vihar,28.6469,77.3164,2026-09-10 00:00:00,28.5,81,0.0,4.1,121.5,306.4,66.4,19.0,44.6,1024.0
Anand Vihar,28.6469,77.3164,2026-09-10 01:00:00,28.2,81,0.0,5.1,123.9,295.2,69.0,14.0,42.6,714.0
Anand Vihar,28.6469,77.3164,2026-09-10 02:00:00,27.8,83,0.0,4.4,117.8,268.2,70.5,9.0,39.9,481.0
Anand Vihar,28.6469,77.3164,2026-09-10 03:00:00,27.5,83,0.0,4.6,107.1,234.2,70.5,4.0,36.4,353.0
Anand Vihar,28.6469,77.3164,2026-09-10 04:00:00,27.3,84,0.0,4.0,96.4,202.1,69.4,0.0,32.2,301.0
Anand Vihar,28.6469,77.3164,2026-09-10 05:00:00,28.1,78,0.0,6.5,61.5,131.3,36.8,35.0,17.3,333.0
Anand Vihar,28.6469,77.3164,2026-09-10 06:00:00,27.6,81,0.0,7.3,61.0,128.1,35.5,43.0,17.6,523.0
Anand Vihar,28.6469,77.3164,2026-09-10 07:00:00,28.0,80,0.0,6.3,61.2,124.3,33.5,55.0,18.0,796.0
Anand Vihar,28.6469,77.3164,2026-09-10 08:00:00,29.6,72,0.0,8.3,58.2,131.3,29.7,73.0,18.2,934.0
Anand Vihar,28.6469,77.3164,2026-09-10 09:00:00,31.0,64,0.0,10.2,56.8,148.5,22.6,102.0,18.1,798.0
Anand Vihar,28.6469,77.3164,2026-09-10 10:00:00,32.1,60,0.0,9.2,56.9,171.4,13.7,137.0,17.8,527.0
Anand Vihar,28.6469,77.3164,2026-09-10 11:00:00,33.9,51,0.0,11.1,56.8,183.5,7.2,162.0,17.4,320.0
Anand Vihar,28.6469,77.3164,2026-09-10 12:00:00,34.3,48,0.0,11.2,52.4,161.6,4.4,170.0,16.8,250.0
Anand Vihar,28.6469,77.3164,2026-09-10 13:00:00,34.6,46,0.0,11.0,54.8,183.9,3.9,167.0,16.1,245.0
Anand Vihar,28.6469,77.3164,2026-09-10 14:00:00,34.6,45,0.0,11.1,55.8,197.0,5.7,160.0,15.7,285.0
Anand Vihar,28.6469,77.3164,2026-09-10 15:00:00,34.4,47,0.0,11.2,57.7,212.8,9.9,149.0,15.5,340.0
Anand Vihar,28.6469,77.3164,2026-09-10 16:00:00,33.8,49,0.0,10.0,59.3,213.7,16.5,133.0,15.6,441.0
Anand Vihar,28.6469,77.3164,2026-09-10 17:00:00,33.7,49,0.0,10.7,60.5,245.9,19.5,111.0,14.2,664.0
Anand Vihar,28.6469,77.3164,2026-09-10 18:00:00,32.0,57,0.0,6.4,65.4,242.1,27.2,94.0,17.0,1117.0
Anand Vihar,28.6469,77.3164,2026-09-10 19:00:00,31.0,63,0.0,5.2,71.2,236.6,38.1,71.0,20.9,1693.0
Anand Vihar,28.6469,77.3164,2026-09-10 20:00:00,30.2,67,0.0,5.1,77.1,244.9,47.8,51.0,24.5,2146.0
Anand Vihar,28.6469,77.3164,2026-09-10 21:00:00,29.5,70,0.0,4.4,83.6,255.2,55.5,38.0,27.8,2426.0
Anand Vihar,28.6469,77.3164,2026-09-10 22:00:00,29.1,70,0.0,4.2,90.3,265.4,62.0,29.0,30.8,2583.0
Anand Vihar,28.6469,77.3164,2026-09-10 23:00:00,29.3,73,0.0,4.1,95.0,255.2,65.4,23.0,32.5,2524.0
Anand Vihar,28.6469,77.3164,2026-09-11 00:00:00,29.0,70,0.0,2.9,93.6,222.6,64.1,20.0,31.7,2095.0
Anand Vihar,28.6469,77.3164,2026-09-11 01:00:00,27.9,76,0.0,4.9,87.3,182.5,59.8,19.0,29.5,1449.0
Anand Vihar,28.6469,77.3164,2026-09-11 02:00:00,27.0,85,0.0,3.2,80.3,151.3,55.7,20.0,28.0,953.0
Anand Vihar,28.6469,77.3164,2026-09-11 03:00:00,26.7,90,0.0,2.4,74.7,128.5,53.1,19.0,27.8,756.0
Anand Vihar,28.6469,77.3164,2026-09-11 04:00:00,26.5,91,0.0,1.4,72.9,114.1,50.8,19.0,28.3,707.0
Anand Vihar,28.6469,77.3164,2026-09-11 05:00:00,27.9,88,0.0,1.5,86.1,158.3,54.9,12.0,26.9,726.0
Anand Vihar,28.6469,77.3164,2026-09-11 06:00:00,27.5,89,0.0,1.6,90.6,154.1,51.3,32.0,29.9,843.0
Anand Vihar,28.6469,77.3164,2026-09-11 07:00:00,28.4,88,0.0,3.2,88.7,136.0,45.9,61.0,34.1,1026.0
Anand Vihar,28.6469,77.3164,2026-09-11 08:00:00,29.7,87,0.0,4.2,78.7,139.2,39.0,95.0,36.7,1100.0
Anand Vihar,28.6469,77.3164,2026-09-11 09:00:00,31.1,79,0.0,6.0,70.8,140.2,29.0,141.0,36.6,945.0
Anand Vihar,28.6469,77.3164,2026-09-11 10:00:00,29.4,79,3.0,7.8,65.0,122.9,17.5,193.0,35.0,679.0
Anand Vihar,28.6469,77.3164,2026-09-11 11:00:00,29.9,75,0.5,10.9,62.6,104.3,9.9,223.0,32.9,484.0
Anand Vihar,28.6469,77.3164,2026-09-11 12:00:00,31.2,69,0.6,4.1,61.5,93.4,9.1,215.0,29.9,420.0
Anand Vihar,28.6469,77.3164,2026-09-11 13:00:00,29.8,72,0.7,13.0,50.1,65.2,12.1,185.0,26.3,425.0
Anand Vihar,28.6469,77.3164,2026-09-11 14:00:00,30.1,76,0.4,6.3,39.2,43.1,15.5,158.0,24.0,502.0
Anand Vihar,28.6469,77.3164,2026-09-11 15:00:00,30.9,69,0.2,9.0,30.7,31.7,18.3,142.0,24.0,689.0
Anand Vihar,28.6469,77.3164,2026-09-11 16:00:00,30.3,69,0.1,8.1,26.2,26.5,21.6,129.0,25.2,946.0
Anand Vihar,28.6469,77.3164,2026-09-11 17:00:00,27.8,85,0.0,6.8,17.1,17.1,18.0,123.0,20.9,1155.0
Anand Vihar,28.6469,77.3164,2026-09-11 18:00:00,27.5,87,0.2,5.3,21.3,21.3,21.7,108.0,21.6,1286.0
Anand Vihar,28.6469,77.3164,2026-09-11 19:00:00,27.3,90,0.0,4.9,21.0,21.0,26.8,88.0,22.6,1368.0
Anand Vihar,28.6469,77.3164,2026-09-11 20:00:00,27.2,91,0.0,5.8,20.0,20.0,30.5,71.0,23.4,1369.0
Anand Vihar,28.6469,77.3164,2026-09-11 21:00:00,27.1,92,0.0,6.7,19.6,19.6,31.6,62.0,23.8,1245.0
Anand Vihar,28.6469,77.3164,2026-09-11 22:00:00,26.9,92,0.0,6.6,20.2,20.2,31.3,56.0,23.9,1040.0
Anand Vihar,28.6469,77.3164,2026-09-11 23:00:00,27.5,91,0.0,8.0,20.3,20.4,30.5,51.0,23.8,854.0
Anand Vihar,28.6469,77.3164,2026-09-12 00:00:00,27.2,90,0.0,6.8,19.6,19.8,29.2,47.0,23.2,715.0
Anand Vihar,28.6469,77.3164,2026-09-12 01:00:00,27.1,90,0.0,5.6,19.1,19.4,27.4,44.0,22.4,595.0
Anand Vihar,28.6469,77.3164,2026-09-12 02:00:00,26.9,90,0.0,6.8,18.9,19.3,26.1,42.0,21.8,509.0
Anand Vihar,28.6469,77.3164,2026-09-12 03:00:00,26.7,92,0.0,4.9,19.1,19.6,25.5,39.0,21.7,455.0
Anand Vihar,28.6469,77.3164,2026-09-12 04:00:00,26.0,94,2.1,6.2,18.8,19.3,25.4,37.0,21.8,436.0
Anand Vihar,28.6469,77.3164,2026-09-12 05:00:00,27.3,90,0.3,6.4,17.2,17.7,23.6,42.0,22.3,475.0
Anand Vihar,28.6469,77.3164,2026-09-12 06:00:00,27.2,91,0.3,7.8,17.4,18.1,26.7,43.0,23.2,636.0
Anand Vihar,28.6469,77.3164,2026-09-12 07:00:00,27.5,90,0.4,6.3,18.7,19.4,30.8,44.0,24.4,856.0
Anand Vihar,28.6469,77.3164,2026-09-12 08:00:00,28.7,85,0.0,4.9,19.8,20.4,32.7,50.0,25.5,966.0
Anand Vihar,28.6469,77.3164,2026-09-12 09:00:00,29.4,82,0.0,4.6,20.1,20.4,30.6,63.0,26.7,858.0
Anand Vihar,28.6469,77.3164,2026-09-12 10:00:00,30.5,74,0.0,7.8,19.3,19.4,26.2,80.0,27.9,641.0
Anand Vihar,28.6469,77.3164,2026-09-12 11:00:00,29.9,75,3.9,5.4,18.6,18.7,21.8,99.0,28.1,468.0
Anand Vihar,28.6469,77.3164,2026-09-12 12:00:00,30.6,70,0.3,7.5,20.0,20.1,16.9,123.0,26.7,386.0
Anand Vihar,28.6469,77.3164,2026-09-12 13:00:00,30.7,71,0.4,10.8,21.2,25.8,12.0,149.0,24.4,349.0
Anand Vihar,28.6469,77.3164,2026-09-12 14:00:00,31.0,72,0.2,8.1,21.3,22.7,10.1,163.0,22.4,374.0
Anand Vihar,28.6469,77.3164,2026-09-12 15:00:00,31.1,70,0.0,7.6,21.6,25.1,13.3,158.0,21.0,500.0
Anand Vihar,28.6469,77.3164,2026-09-12 16:00:00,30.9,70,0.0,7.9,21.4,23.5,19.7,141.0,19.9,687.0
Anand Vihar,28.6469,77.3164,2026-09-12 17:00:00,30.0,77,0.2,6.2,20.3,20.7,19.1,126.0,17.6,836.0
Anand Vihar,28.6469,77.3164,2026-09-12 18:00:00,29.3,82,0.0,4.6,28.1,28.2,32.6,100.0,20.9,915.0
Anand Vihar,28.6469,77.3164,2026-09-12 19:00:00,29.0,85,0.0,3.8,37.6,37.7,50.9,65.0,25.3,957.0
Anand Vihar,28.6469,77.3164,2026-09-12 20:00:00,28.8,86,0.0,4.2,41.9,42.0,62.8,39.0,28.1,955.0
Anand Vihar,28.6469,77.3164,2026-09-12 21:00:00,28.7,86,0.0,5.6,44.1,44.2,62.8,33.0,27.9,895.0
Anand Vihar,28.6469,77.3164,2026-09-12 22:00:00,28.5,85,0.0,6.0,42.6,42.7,56.4,36.0,26.1,792.0
Anand Vihar,28.6469,77.3164,2026-09-12 23:00:00,29.2,84,0.0,7.1,39.3,39.5,49.1,41.0,24.3,689.0
Anand Vihar,28.6469,77.3164,2026-09-13 00:00:00,28.6,86,0.0,5.8,36.4,36.6,41.7,44.0,22.9,593.0
Anand Vihar,28.6469,77.3164,2026-09-13 01:00:00,28.2,88,0.0,5.8,34.0,34.0,33.3,48.0,21.5,497.0
Anand Vihar,28.6469,77.3164,2026-09-13 02:00:00,27.9,89,0.0,6.1,31.7,31.7,26.9,51.0,20.3,422.0
Anand Vihar,28.6469,77.3164,2026-09-13 03:00:00,27.6,89,0.0,6.5,29.6,29.6,24.0,48.0,19.4,378.0
Anand Vihar,28.6469,77.3164,2026-09-13 04:00:00,27.4,90,0.0,6.3,28.0,28.1,23.0,44.0,18.7,356.0
Anand Vihar,28.6469,77.3164,2026-09-13 05:00:00,27.7,88,0.0,8.0,24.3,24.3,23.0,37.0,13.8,351.0
Anand Vihar,28.6469,77.3164,2026-09-13 06:00:00,27.4,89,0.0,8.8,25.4,25.5,21.4,51.0,15.9,375.0
Anand Vihar,28.6469,77.3164,2026-09-13 07:00:00,28.0,87,0.0,7.4,28.5,28.5,19.1,71.0,18.8,416.0
Anand Vihar,28.6469,77.3164,2026-09-13 08:00:00,29.1,81,0.0,9.4,25.6,25.7,16.4,94.0,20.9,431.0
Anand Vihar,28.6469,77.3164,2026-09-13 09:00:00,30.1,72,0.0,9.7,23.8,24.3,12.8,123.0,21.6,393.0
Anand Vihar,28.6469,77.3164,2026-09-13 10:00:00,31.1,66,0.0,10.2,25.1,26.3,8.7,155.0,21.5,331.0
Anand Vihar,28.6469,77.3164,2026-09-13 11:00:00,32.1,61,0.1,9.6,27.1,40.0,5.8,177.0,21.0,283.0
Anand Vihar,28.6469,77.3164,2026-09-13 12:00:00,32.4,59,0.1,9.7,27.0,31.8,4.6,184.0,19.8,262.0
Anand Vihar,28.6469,77.3164,2026-09-13 13:00:00,32.6,60,0.1,9.2,26.4,29.6,4.4,181.0,18.1,257.0
Anand Vihar,28.6469,77.3164,2026-09-13 14:00:00,32.8,59,0.1,9.4,25.5,27.6,5.3,174.0,17.0,273.0
Anand Vihar,28.6469,77.3164,2026-09-13 15:00:00,32.6,58,0.1,8.7,24.7,26.0,7.2,164.0,16.7,327.0
Anand Vihar,28.6469,77.3164,2026-09-13 16:00:00,32.2,60,0.0,8.3,24.1,25.0,10.1,150.0,16.9,404.0
Anand Vihar,28.6469,77.3164,2026-09-13 17:00:00,32.2,60,0.0,6.9,24.6,25.8,13.4,124.0,17.6,461.0
Anand Vihar,28.6469,77.3164,2026-09-13 18:00:00,29.6,74,0.5,8.8,28.9,30.3,16.7,110.0,18.4,482.0
Anand Vihar,28.6469,77.3164,2026-09-13 19:00:00,28.8,80,0.0,7.7,30.5,31.2,21.2,91.0,19.5,484.0
Anand Vihar,28.6469,77.3164,2026-09-13 20:00:00,28.3,83,0.0,7.6,30.2,31.2,24.1,77.0,20.3,475.0
Anand Vihar,28.6469,77.3164,2026-09-13 21:00:00,27.9,85,0.0,7.9,29.6,31.2,24.0,73.0,20.6,456.0
Anand Vihar,28.6469,77.3164,2026-09-13 22:00:00,27.6,87,0.0,7.7,28.2,29.7,22.3,74.0,20.5,427.0
Anand Vihar,28.6469,77.3164,2026-09-13 23:00:00,28.2,85,0.0,9.0,25.7,30.6,20.5,74.0,20.1,393.0
Anand Vihar,28.6469,77.3164,2026-09-14 00:00:00,27.6,87,0.1,9.2,23.1,31.1,18.9,73.0,19.1,352.0
Anand Vihar,28.6469,77.3164,2026-09-14 01:00:00,27.3,89,0.0,8.3,21.0,29.9,17.2,71.0,17.7,307.0
Anand Vihar,28.6469,77.3164,2026-09-14 02:00:00,27.0,90,0.0,8.3,19.2,29.2,16.0,68.0,16.7,275.0
Anand Vihar,28.6469,77.3164,2026-09-14 03:00:00,26.7,92,0.0,8.6,18.2,30.0,15.7,62.0,16.3,258.0
Anand Vihar,28.6469,77.3164,2026-09-14 04:00:00,26.4,91,0.2,8.3,18.0,31.4,15.9,56.0,16.3,254.0
Anand Vihar,28.6469,77.3164,2026-09-14 05:00:00,26.8,92,0.2,8.2,17.8,26.3,16.9,53.0,18.6,273.0
Anand Vihar,28.6469,77.3164,2026-09-14 06:00:00,26.6,93,0.0,8.3,19.7,27.7,17.8,57.0,20.4,337.0
Anand Vihar,28.6469,77.3164,2026-09-14 07:00:00,27.6,88,0.0,8.9,20.9,28.2,18.8,65.0,23.0,424.0
Anand Vihar,28.6469,77.3164,2026-09-14 08:00:00,28.4,84,0.1,10.3,21.4,24.8,18.4,80.0,24.8,474.0
Anand Vihar,28.6469,77.3164,2026-09-14 09:00:00,29.5,76,0.2,9.5,21.4,23.6,15.3,110.0,25.4,452.0
Anand Vihar,28.6469,77.3164,2026-09-14 10:00:00,30.5,73,0.1,9.3,21.8,23.4,10.8,148.0,25.3,394.0
Anand Vihar,28.6469,77.3164,2026-09-14 11:00:00,30.3,70,0.1,8.6,23.8,25.0,7.4,176.0,24.5,350.0
Anand Vihar,28.6469,77.3164,2026-09-14 12:00:00,31.5,67,0.3,9.6,25.5,26.5,5.6,188.0,22.5,330.0
Anand Vihar,28.6469,77.3164,2026-09-14 13:00:00,32.0,64,0.1,9.2,27.3,28.2,4.9,189.0,19.7,323.0
Anand Vihar,28.6469,77.3164,2026-09-14 14:00:00,31.9,64,0.3,8.8,26.1,30.7,5.9,185.0,18.0,346.0
Anand Vihar,28.6469,77.3164,2026-09-14 15:00:00,31.7,65,0.2,8.0,27.9,32.7,9.2,174.0,18.1,420.0
Anand Vihar,28.6469,77.3164,2026-09-14 16:00:00,31.4,66,0.0,7.4,27.4,29.3,14.2,157.0,19.3,524.0
Anand Vihar,28.6469,77.3164,2026-09-14 17:00:00,31.4,63,0.0,6.9,43.7,45.6,16.6,146.0,22.3,615.0
Anand Vihar,28.6469,77.3164,2026-09-14 18:00:00,30.5,71,0.0,3.6,46.1,47.5,24.7,123.0,24.3,687.0
Anand Vihar,28.6469,77.3164,2026-09-14 19:00:00,29.7,77,0.0,4.7,52.7,53.9,35.8,91.0,27.1,746.0
Anand Vihar,28.6469,77.3164,2026-09-14 20:00:00,29.2,79,0.0,6.0,55.3,56.3,42.9,67.0,29.1,760.0
Anand Vihar,28.6469,77.3164,2026-09-14 21:00:00,28.6,81,0.0,6.4,56.1,57.2,42.5,60.0,29.5,700.0
Anand Vihar,28.6469,77.3164,2026-09-14 22:00:00,25.5,91,1.8,11.4,55.9,56.9,38.2,62.0,29.2,594.0
Anand Vihar,28.6469,77.3164,2026-09-14 23:00:00,27.4,85,1.0,9.1,54.6,55.5,33.8,64.0,28.5,502.0
Anand Vihar,28.6469,77.3164,2026-09-15 00:00:00,26.5,89,0.0,7.4,53.6,54.4,30.4,63.0,27.5,441.0
Anand Vihar,28.6469,77.3164,2026-09-15 01:00:00,26.2,90,0.0,7.1,52.6,53.4,27.1,63.0,26.1,392.0
Anand Vihar,28.6469,77.3164,2026-09-15 02:00:00,26.0,91,0.0,6.3,51.2,51.9,24.6,62.0,25.2,361.0
Anand Vihar,28.6469,77.3164,2026-09-15 03:00:00,25.8,92,0.0,6.3,49.4,50.1,23.6,60.0,24.7,340.0
Anand Vihar,28.6469,77.3164,2026-09-15 04:00:00,25.7,93,0.0,6.0,47.7,48.4,23.5,57.0,24.5,336.0
Anand Vihar,28.6469,77.3164,2026-09-15 05:00:00,26.0,89,0.0,5.8,52.0,52.9,26.2,48.0,24.9,372.0
Anand Vihar,28.6469,77.3164,2026-09-15 06:00:00,26.0,89,0.0,4.1,56.1,56.9,27.3,57.0,28.2,498.0
Anand Vihar,28.6469,77.3164,2026-09-15 07:00:00,26.9,86,0.0,2.8,55.8,56.6,28.7,71.0,32.8,665.0
Anand Vihar,28.6469,77.3164,2026-09-15 08:00:00,28.5,79,0.0,4.9,46.7,47.7,27.8,92.0,35.8,745.0
Anand Vihar,28.6469,77.3164,2026-09-15 09:00:00,30.2,71,0.0,6.2,41.4,42.6,22.6,126.0,36.0,654.0
Anand Vihar,28.6469,77.3164,2026-09-15 10:00:00,31.5,64,0.1,8.1,37.6,38.6,15.3,166.0,34.8,476.0
Anand Vihar,28.6469,77.3164,2026-09-15 11:00:00,29.9,66,0.1,7.7,38.3,39.3,9.6,197.0,32.9,342.0
Anand Vihar,28.6469,77.3164,2026-09-15 12:00:00,29.4,66,1.3,10.3,39.8,41.0,7.1,213.0,30.3,303.0
Anand Vihar,28.6469,77.3164,2026-09-15 13:00:00,31.4,61,0.0,4.0,40.7,41.9,6.2,219.0,27.1,308.0
Anand Vihar,28.6469,77.3164,2026-09-15 14:00:00,32.1,59,0.0,4.4,41.3,42.5,6.8,219.0,24.9,334.0
Anand Vihar,28.6469,77.3164,2026-09-15 15:00:00,32.5,58,0.0,2.8,41.2,42.4,8.5,212.0,24.2,370.0
Anand Vihar,28.6469,77.3164,2026-09-15 16:00:00,32.3,58,0.0,0.7,40.0,41.2,11.5,199.0,24.4,426.0
Anand Vihar,28.6469,77.3164,2026-09-15 17:00:00,32.6,54,0.0,2.4,54.8,57.4,16.1,173.0,25.0,512.0
Anand Vihar,28.6469,77.3164,2026-09-15 18:00:00,31.7,61,0.0,2.6,60.8,62.9,18.8,156.0,26.6,668.0
Anand Vihar,28.6469,77.3164,2026-09-15 19:00:00,30.4,69,0.0,3.9,64.5,66.1,22.9,132.0,28.8,853.0
Anand Vihar,28.6469,77.3164,2026-09-15 20:00:00,29.7,74,0.0,4.3,61.7,63.3,27.9,108.0,30.8,956.0
Anand Vihar,28.6469,77.3164,2026-09-15 21:00:00,29.3,77,0.0,3.4,65.0,66.4,35.0,84.0,32.2,909.0
Anand Vihar,28.6469,77.3164,2026-09-15 22:00:00,28.9,80,0.0,3.1,70.8,72.2,43.1,61.0,33.4,780.0
Anand Vihar,28.6469,77.3164,2026-09-15 23:00:00,29.7,75,0.0,4.7,73.6,74.7,48.4,43.0,34.1,665.0
Anand Vihar,28.6469,77.3164,2026-09-16 00:00:00,28.9,80,0.0,2.9,73.3,74.5,48.3,35.0,33.9,592.0
Anand Vihar,28.6469,77.3164,2026-09-16 01:00:00,28.7,83,0.0,2.2,73.1,74.3,45.6,33.0,33.3,533.0
Anand Vihar,28.6469,77.3164,2026-09-16 02:00:00,28.4,84,0.0,1.4,75.7,76.8,44.5,30.0,33.3,492.0
Anand Vihar,28.6469,77.3164,2026-09-16 03:00:00,28.2,85,0.0,0.6,78.0,79.2,47.9,20.0,33.9,461.0
Anand Vihar,28.6469,77.3164,2026-09-16 04:00:00,28.0,86,0.0,0.0,80.6,81.7,53.0,9.0,35.1,448.0
Anand Vihar,28.6469,77.3164,2026-09-16 05:00:00,28.4,88,0.0,0.6,76.4,77.3,53.3,17.0,35.4,487.0
Anand Vihar,28.6469,77.3164,2026-09-16 06:00:00,28.1,88,0.0,1.4,86.8,87.8,52.3,32.0,38.8,638.0
Anand Vihar,28.6469,77.3164,2026-09-16 07:00:00,29.0,83,0.0,1.8,86.8,87.5,50.4,55.0,43.3,840.0
Anand Vihar,28.6469,77.3164,2026-09-16 08:00:00,30.3,74,0.0,2.4,75.2,76.1,45.5,87.0,45.5,942.0
Anand Vihar,28.6469,77.3164,2026-09-16 09:00:00,31.6,66,0.0,2.6,58.7,59.8,34.5,137.0,43.4,845.0
Anand Vihar,28.6469,77.3164,2026-09-16 10:00:00,32.8,61,0.0,2.4,55.3,56.8,20.5,196.0,39.0,649.0
Anand Vihar,28.6469,77.3164,2026-09-16 11:00:00,34.3,48,0.0,3.8,54.8,56.6,10.1,240.0,34.7,500.0
Anand Vihar,28.6469,77.3164,2026-09-16 12:00:00,34.5,49,0.1,3.4,55.8,57.7,6.3,259.0,31.2,458.0
Anand Vihar,28.6469,77.3164,2026-09-16 13:00:00,34.9,48,0.0,2.9,56.3,59.0,6.2,263.0,27.9,463.0
Anand Vihar,28.6469,77.3164,2026-09-16 14:00:00,35.0,48,0.0,4.0,56.8,60.1,7.4,257.0,25.1,481.0
Anand Vihar,28.6469,77.3164,2026-09-16 15:00:00,34.9,48,0.0,6.0,54.9,58.9,9.3,241.0,22.9,472.0
Anand Vihar,28.6469,77.3164,2026-09-16 16:00:00,34.4,48,0.0,7.8,51.8,55.5,12.6,215.0,21.3,475.0
Anand Vihar,28.6469,77.3164,2026-09-16 17:00:00,33.5,52,0.0,6.9,46.3,51.9,17.8,181.0,21.7,581.0
Anand Vihar,28.6469,77.3164,2026-09-16 18:00:00,32.6,52,0.0,4.2,51.2,56.3,24.1,157.0,24.5,901.0
Anand Vihar,28.6469,77.3164,2026-09-16 19:00:00,31.7,58,0.0,3.5,57.6,62.6,33.1,124.0,28.5,1323.0
Anand Vihar,28.6469,77.3164,2026-09-16 20:00:00,31.1,62,0.0,3.4,65.9,71.0,42.0,95.0,32.5,1598.0
Anand Vihar,28.6469,77.3164,2026-09-16 21:00:00,30.6,67,0.0,2.5,75.0,80.6,50.9,74.0,36.5,1617.0
Anand Vihar,28.6469,77.3164,2026-09-16 22:00:00,30.1,69,0.0,2.4,84.5,90.3,59.6,58.0,40.5,1489.0
Anand Vihar,28.6469,77.3164,2026-09-16 23:00:00,30.5,68,0.0,2.5,93.8,100.1,65.3,46.0,43.0,1297.0
Anand Vihar,28.6469,77.3164,2026-09-17 00:00:00,29.4,75,0.0,2.0,97.1,104.1,65.7,40.0,42.8,1012.0
Anand Vihar,28.6469,77.3164,2026-09-17 01:00:00,29.1,77,0.0,2.2,98.5,105.7,63.1,38.0,41.0,662.0
Anand Vihar,28.6469,77.3164,2026-09-17 02:00:00,27.0,82,0.6,6.1,99.9,107.1,60.9,36.0,39.5,420.0
Anand Vihar,28.6469,77.3164,2026-09-17 03:00:00,24.4,97,3.9,7.5,102.0,109.0,61.2,28.0,38.6,373.0
Anand Vihar,28.6469,77.3164,2026-09-17 04:00:00,24.6,97,0.2,6.9,103.1,109.4,62.0,19.0,37.9,433.0
Anand Vihar,28.6469,77.3164,2026-09-17 05:00:00,25.4,94,0.0,12.8,40.5,43.4,16.4,104.0,20.6,510.0
Anand Vihar,28.6469,77.3164,2026-09-17 06:00:00,24.3,88,0.0,6.2,40.2,42.8,18.9,103.0,21.6,598.0
Anand Vihar,28.6469,77.3164,2026-09-17 07:00:00,25.3,83,0.0,5.9,39.6,42.3,22.1,102.0,23.0,703.0
Anand Vihar,28.6469,77.3164,2026-09-17 08:00:00,26.6,78,0.0,6.8,38.5,42.5,23.0,111.0,24.1,750.0
Anand Vihar,28.6469,77.3164,2026-09-17 09:00:00,28.1,72,0.0,2.7,38.2,43.0,19.4,138.0,24.8,682.0
Anand Vihar,28.6469,77.3164,2026-09-17 10:00:00,30.1,65,0.0,5.6,37.5,42.7,13.5,175.0,25.2,556.0
Anand Vihar,28.6469,77.3164,2026-09-17 11:00:00,27.2,79,0.0,12.8,38.4,44.6,9.0,207.0,25.4,463.0
Anand Vihar,28.6469,77.3164,2026-09-17 12:00:00,30.1,66,0.1,2.5,40.7,47.5,7.2,230.0,25.6,439.0
Anand Vihar,28.6469,77.3164,2026-09-17 13:00:00,31.6,61,0.0,4.4,43.0,50.2,6.7,248.0,25.6,448.0
Anand Vihar,28.6469,77.3164,2026-09-17 14:00:00,32.4,58,0.0,2.5,44.8,52.7,7.3,253.0,25.0,478.0
Anand Vihar,28.6469,77.3164,2026-09-17 15:00:00,32.2,56,0.3,2.7,45.6,54.5,8.8,239.0,23.1,531.0
Anand Vihar,28.6469,77.3164,2026-09-17 16:00:00,32.5,52,0.0,4.7,44.7,54.4,11.4,213.0,20.5,606.0
Anand Vihar,28.6469,77.3164,2026-09-17 17:00:00,32.8,47,0.0,6.9,43.0,56.0,22.5,131.0,18.4,685.0
Anand Vihar,28.6469,77.3164,2026-09-17 18:00:00,31.9,50,0.0,7.9,48.3,60.5,26.1,118.0,19.5,779.0
Anand Vihar,28.6469,77.3164,2026-09-17 19:00:00,31.6,53,0.0,5.6,52.3,64.3,30.9,101.0,21.0,877.0
Anand Vihar,28.6469,77.3164,2026-09-17 20:00:00,31.0,58,0.0,5.1,51.6,63.3,33.5,88.0,21.7,932.0
Anand Vihar,28.6469,77.3164,2026-09-17 21:00:00,30.4,63,0.0,5.5,50.9,64.0,32.0,85.0,20.9,918.0
Anand Vihar,28.6469,77.3164,2026-09-17 22:00:00,30.0,66,0.0,2.7,47.5,57.7,28.4,87.0,19.2,860.0
Anand Vihar,28.6469,77.3164,2026-09-17 23:00:00,29.6,63,0.0,8.9,41.7,52.5,25.0,88.0,17.7,792.0
Anand Vihar,28.6469,77.3164,2026-09-18 00:00:00,27.8,71,0.0,9.5,37.7,48.8,22.6,86.0,16.5,710.0
Anand Vihar,28.6469,77.3164,2026-09-18 01:00:00,26.9,72,0.0,8.8,35.7,48.1,20.4,84.0,15.4,617.0
Anand Vihar,28.6469,77.3164,2026-09-18 02:00:00,26.4,75,0.0,5.9,35.0,47.8,19.0,81.0,14.9,554.0
Anand Vihar,28.6469,77.3164,2026-09-18 03:00:00,26.0,78,0.0,5.2,34.8,46.6,18.8,76.0,15.1,538.0
Anand Vihar,28.6469,77.3164,2026-09-18 04:00:00,25.6,80,0.0,5.8,35.0,45.1,19.3,71.0,15.8,553.0
Anand Vihar,28.6469,77.3164,2026-09-18 05:00:00,25.9,79,0.0,7.8,33.6,44.5,15.9,86.0,15.1,586.0
Anand Vihar,28.6469,77.3164,2026-09-18 06:00:00,25.5,84,0.0,6.6,34.7,46.8,16.8,92.0,16.2,663.0
Anand Vihar,28.6469,77.3164,2026-09-18 07:00:00,26.1,83,0.0,5.9,36.3,48.4,18.0,101.0,17.8,760.0
Anand Vihar,28.6469,77.3164,2026-09-18 08:00:00,27.6,79,0.0,6.5,33.5,48.3,17.7,114.0,18.8,791.0
Anand Vihar,28.6469,77.3164,2026-09-18 09:00:00,29.3,68,0.0,8.5,32.1,46.1,14.6,136.0,18.8,693.0
Anand Vihar,28.6469,77.3164,2026-09-18 10:00:00,30.7,59,0.0,8.6,31.7,45.9,10.0,163.0,18.2,530.0
Anand Vihar,28.6469,77.3164,2026-09-18 11:00:00,31.3,52,0.1,16.3,30.5,41.2,6.6,183.0,17.4,412.0
Anand Vihar,28.6469,77.3164,2026-09-18 12:00:00,28.8,63,1.1,4.5,29.6,39.9,5.1,191.0,16.4,388.0
Anand Vihar,28.6469,77.3164,2026-09-18 13:00:00,31.2,56,0.0,7.3,29.3,40.5,4.7,193.0,15.2,409.0
Anand Vihar,28.6469,77.3164,2026-09-18 14:00:00,31.5,54,0.0,6.5,32.2,49.0,5.5,189.0,14.5,439.0
Anand Vihar,28.6469,77.3164,2026-09-18 15:00:00,31.9,52,0.0,5.8,30.6,46.8,7.8,180.0,14.6,429.0
Anand Vihar,28.6469,77.3164,2026-09-18 16:00:00,31.5,53,0.0,5.6,32.1,50.9,11.2,167.0,15.2,429.0
Anand Vihar,28.6469,77.3164,2026-09-18 17:00:00,31.6,58,0.0,5.5,24.0,45.4,15.3,147.0,17.1,552.0
Anand Vihar,28.6469,77.3164,2026-09-18 18:00:00,30.6,68,0.0,1.8,31.8,51.7,27.4,121.0,20.4,906.0
Anand Vihar,28.6469,77.3164,2026-09-18 19:00:00,30.4,68,0.0,0.0,39.5,60.3,44.0,85.0,24.9,1383.0
Anand Vihar,28.6469,77.3164,2026-09-18 20:00:00,29.8,71,0.0,1.2,45.6,66.8,55.3,58.0,27.8,1768.0
Anand Vihar,28.6469,77.3164,2026-09-18 21:00:00,29.1,77,0.0,0.9,48.3,69.6,56.5,48.0,27.9,1985.0
Anand Vihar,28.6469,77.3164,2026-09-18 22:00:00,28.3,83,0.0,1.7,48.3,70.5,52.4,47.0,26.4,2111.0
Anand Vihar,28.6469,77.3164,2026-09-18 23:00:00,28.5,83,0.0,4.1,46.3,70.5,47.7,47.0,24.8,2159.0
Anand Vihar,28.6469,77.3164,2026-09-19 00:00:00,27.5,88,0.0,3.7,44.1,69.6,43.1,46.0,23.1,2097.0
Anand Vihar,28.6469,77.3164,2026-09-19 01:00:00,27.0,89,0.0,3.5,43.2,69.2,38.0,47.0,21.2,1956.0
Anand Vihar,28.6469,77.3164,2026-09-19 02:00:00,26.7,89,0.0,2.4,43.7,70.8,35.2,46.0,20.1,1848.0
Anand Vihar,28.6469,77.3164,2026-09-19 03:00:00,26.3,90,0.0,2.2,46.7,75.4,37.1,39.0,20.4,1842.0
Anand Vihar,28.6469,77.3164,2026-09-19 04:00:00,25.8,91,0.0,2.7,50.3,80.3,41.2,31.0,21.6,1868.0
Anand Vihar,28.6469,77.3164,2026-09-19 05:00:00,26.0,89,0.0,2.2,55.6,102.9,50.0,34.0,32.4,1825.0
Anand Vihar,28.6469,77.3164,2026-09-19 06:00:00,25.7,89,0.0,3.0,64.5,112.2,45.7,51.0,34.0,1654.0
Anand Vihar,28.6469,77.3164,2026-09-19 07:00:00,26.7,86,0.0,3.3,66.1,102.0,39.5,77.0,36.1,1414.0
Anand Vihar,28.6469,77.3164,2026-09-19 08:00:00,28.5,75,0.0,2.9,49.0,90.3,32.7,104.0,37.0,1178.0
Anand Vihar,28.6469,77.3164,2026-09-19 09:00:00,29.9,63,0.0,3.6,39.6,75.9,24.8,135.0,35.7,948.0
Anand Vihar,28.6469,77.3164,2026-09-19 10:00:00,30.8,58,0.0,4.1,38.2,71.9,16.3,167.0,33.2,722.0
Anand Vihar,28.6469,77.3164,2026-09-19 11:00:00,32.2,53,0.0,5.5,39.2,72.6,10.0,192.0,30.5,564.0
Anand Vihar,28.6469,77.3164,2026-09-19 12:00:00,32.6,49,0.0,6.0,40.5,73.6,6.8,206.0,27.7,517.0
Anand Vihar,28.6469,77.3164,2026-09-19 13:00:00,33.0,46,0.0,5.6,41.3,75.4,5.8,212.0,24.8,538.0
Anand Vihar,28.6469,77.3164,2026-09-19 14:00:00,33.2,44,0.0,5.7,41.3,75.4,6.7,211.0,22.8,564.0
Anand Vihar,28.6469,77.3164,2026-09-19 15:00:00,33.1,43,0.0,5.6,41.3,74.5,8.3,203.0,21.9,536.0
Anand Vihar,28.6469,77.3164,2026-09-19 16:00:00,32.7,45,0.0,5.4,41.4,73.6,11.9,188.0,22.0,512.0
Anand Vihar,28.6469,77.3164,2026-09-19 17:00:00,32.5,47,0.0,3.8,51.8,87.8,21.1,148.0,22.0,608.0
Anand Vihar,28.6469,77.3164,2026-09-19 18:00:00,30.9,59,0.0,2.9,62.9,92.7,41.6,115.0,26.4,930.0
Anand Vihar,28.6469,77.3164,2026-09-19 19:00:00,29.9,66,0.0,2.8,75.2,102.7,70.0,68.0,32.5,1371.0
Anand Vihar,28.6469,77.3164,2026-09-19 20:00:00,29.1,71,0.0,3.0,84.8,110.8,92.0,32.0,38.0,1728.0
Anand Vihar,28.6469,77.3164,2026-09-19 21:00:00,28.3,75,0.0,3.1,94.8,120.6,101.4,16.0,42.4,1918.0
Anand Vihar,28.6469,77.3164,2026-09-19 22:00:00,27.7,76,0.0,3.0,105.2,131.8,104.4,10.0,46.1,2024.0
Anand Vihar,28.6469,77.3164,2026-09-19 23:00:00,27.7,78,0.0,2.6,115.0,143.4,105.4,6.0,48.0,2089.0
Anand Vihar,28.6469,77.3164,2026-09-20 00:00:00,26.9,82,0.0,2.7,120.6,149.5,105.7,2.0,46.9,2120.0
Anand Vihar,28.6469,77.3164,2026-09-20 01:00:00,26.6,83,0.0,2.6,123.4,151.8,103.9,1.0,43.9,2111.0
Anand Vihar,28.6469,77.3164,2026-09-20 02:00:00,26.2,84,0.0,2.1,122.0,147.6,100.4,1.0,41.3,2086.0
Anand Vihar,28.6469,77.3164,2026-09-20 03:00:00,25.8,87,0.0,0.8,118.7,142.5,94.9,0.0,39.6,2061.0
Anand Vihar,28.6469,77.3164,2026-09-20 04:00:00,25.2,91,0.0,1.1,117.1,138.8,87.8,0.0,38.3,2019.0
Anand Vihar,28.6469,77.3164,2026-09-20 05:00:00,26.2,90,0.0,2.7,85.0,98.3,56.7,18.0,29.3,1937.0
Anand Vihar,28.6469,77.3164,2026-09-20 06:00:00,25.8,90,0.0,1.9,88.2,102.2,50.8,39.0,31.5,1809.0
Anand Vihar,28.6469,77.3164,2026-09-20 07:00:00,26.7,86,0.0,1.8,89.2,101.5,42.4,68.0,34.4,1641.0
Anand Vihar,28.6469,77.3164,2026-09-20 08:00:00,28.4,78,0.0,1.1,79.4,100.1,33.7,100.0,35.9,1427.0
Anand Vihar,28.6469,77.3164,2026-09-20 09:00:00,30.5,68,0.0,2.0,65.4,98.7,24.4,135.0,34.9,1119.0
Anand Vihar,28.6469,77.3164,2026-09-20 10:00:00,31.9,55,0.0,3.2,55.3,97.6,14.7,172.0,32.6,765.0
Anand Vihar,28.6469,77.3164,2026-09-20 11:00:00,32.9,48,0.0,3.6,52.2,93.6,7.7,200.0,30.4,505.0
Anand Vihar,28.6469,77.3164,2026-09-20 12:00:00,33.4,47,0.0,3.3,52.0,90.1,4.8,216.0,28.5,413.0
Anand Vihar,28.6469,77.3164,2026-09-20 13:00:00,33.8,44,0.0,3.2,52.3,88.9,4.5,224.0,26.7,415.0
Anand Vihar,28.6469,77.3164,2026-09-20 14:00:00,34.0,43,0.0,3.3,52.9,87.5,5.5,225.0,25.6,424.0
Anand Vihar,28.6469,77.3164,2026-09-20 15:00:00,33.7,43,0.0,4.6,53.4,87.1,7.5,218.0,25.6,401.0
Anand Vihar,28.6469,77.3164,2026-09-20 16:00:00,33.1,44,0.2,6.6,54.4,82.7,10.8,204.0,26.3,385.0
Anand Vihar,28.6469,77.3164,2026-09-20 17:00:00,32.5,48,0.3,8.9,60.3,91.7,15.6,183.0,28.5,407.0
Anand Vihar,28.6469,77.3164,2026-09-20 18:00:00,31.1,52,0.0,7.0,61.0,89.2,19.5,158.0,29.3,479.0
Anand Vihar,28.6469,77.3164,2026-09-20 19:00:00,30.4,56,0.0,4.1,62.4,87.8,25.2,123.0,30.5,590.0
Anand Vihar,28.6469,77.3164,2026-09-20 20:00:00,29.9,61,0.0,2.6,66.4,88.0,31.7,92.0,31.9,734.0
Anand Vihar,28.6469,77.3164,2026-09-20 21:00:00,29.3,64,0.0,2.2,71.9,91.5,39.4,70.0,33.7,940.0
Anand Vihar,28.6469,77.3164,2026-09-20 22:00:00,29.0,66,0.0,0.9,78.9,97.8,47.8,52.0,35.6,1180.0
Anand Vihar,28.6469,77.3164,2026-09-20 23:00:00,28.7,69,0.0,2.7,85.9,105.2,54.7,38.0,36.8,1361.0
Anand Vihar,28.6469,77.3164,2026-09-21 00:00:00,27.6,72,0.0,3.4,89.4,109.9,58.8,29.0,36.7,1447.0
Anand Vihar,28.6469,77.3164,2026-09-21 01:00:00,26.9,75,0.0,3.1,92.0,112.9,61.4,23.0,35.8,1474.0
Anand Vihar,28.6469,77.3164,2026-09-21 02:00:00,26.5,76,0.0,2.9,94.5,115.9,63.5,19.0,35.2,1456.0
Anand Vihar,28.6469,77.3164,2026-09-21 03:00:00,26.2,77,0.0,2.5,97.6,119.7,66.4,11.0,35.2,1360.0
Anand Vihar,28.6469,77.3164,2026-09-21 04:00:00,25.9,77,0.0,2.4,101.0,123.4,68.9,3.0,35.5,1219.0
Anand Vihar,28.6469,77.3164,2026-09-21 05:00:00,26.5,82,0.0,2.5,67.8,84.1,43.4,26.0,26.5,1146.0
Anand Vihar,28.6469,77.3164,2026-09-21 06:00:00,26.0,83,0.0,1.9,72.9,89.2,43.5,44.0,27.9,1249.0
Anand Vihar,28.6469,77.3164,2026-09-21 07:00:00,26.8,79,0.0,1.9,79.2,91.0,43.3,69.0,30.0,1420.0
Anand Vihar,28.6469,77.3164,2026-09-21 08:00:00,28.7,70,0.0,1.3,65.4,81.7,40.1,99.0,31.7,1449.0
Anand Vihar,28.6469,77.3164,2026-09-21 09:00:00,30.8,58,0.0,1.8,51.8,75.9,31.1,136.0,33.2,1184.0
Anand Vihar,28.6469,77.3164,2026-09-21 10:00:00,32.2,49,0.0,3.2,49.9,78.0,19.1,178.0,34.4,778.0
Anand Vihar,28.6469,77.3164,2026-09-21 11:00:00,33.2,46,0.0,4.8,51.6,83.4,10.0,210.0,34.5,479.0
Anand Vihar,28.6469,77.3164,2026-09-21 12:00:00,33.5,45,0.0,4.3,52.9,86.8,6.2,227.0,32.6,403.0
Anand Vihar,28.6469,77.3164,2026-09-21 13:00:00,33.8,44,0.0,4.4,53.8,88.7,5.3,233.0,29.5,436.0
Anand Vihar,28.6469,77.3164,2026-09-21 14:00:00,33.8,43,0.0,5.5,54.8,91.0,6.2,232.0,27.1,479.0
Anand Vihar,28.6469,77.3164,2026-09-21 15:00:00,33.4,44,0.0,6.3,55.9,94.3,8.6,222.0,26.0,484.0
Anand Vihar,28.6469,77.3164,2026-09-21 16:00:00,33.0,46,0.0,6.0,57.2,95.0,12.8,203.0,25.7,500.0
Anand Vihar,28.6469,77.3164,2026-09-21 17:00:00,32.8,46,0.0,8.1,60.1,90.8,19.5,184.0,27.9,581.0
Anand Vihar,28.6469,77.3164,2026-09-21 18:00:00,31.7,52,0.0,7.0,66.8,93.6,27.9,156.0,29.9,775.0
Anand Vihar,28.6469,77.3164,2026-09-21 19:00:00,30.9,56,0.0,6.1,71.5,99.2,39.7,116.0,32.8,1033.0
Anand Vihar,28.6469,77.3164,2026-09-21 20:00:00,30.1,61,0.0,3.5,75.0,105.5,51.1,82.0,35.6,1261.0
Anand Vihar,28.6469,77.3164,2026-09-21 21:00:00,29.4,65,0.0,2.7,80.8,115.0,61.3,60.0,38.3,1449.0
Anand Vihar,28.6469,77.3164,2026-09-21 22:00:00,28.8,68,0.0,2.7,89.6,129.5,71.0,44.0,40.8,1606.0
Anand Vihar,28.6469,77.3164,2026-09-21 23:00:00,29.2,68,0.0,2.5,95.0,141.1,78.0,31.0,42.1,1666.0
Anand Vihar,28.6469,77.3164,2026-09-22 00:00:00,28.2,73,0.0,2.2,97.8,150.9,80.8,22.0,41.1,1568.0
Anand Vihar,28.6469,77.3164,2026-09-22 01:00:00,27.6,75,0.0,2.6,100.4,159.3,80.9,17.0,38.8,1373.0
Anand Vihar,28.6469,77.3164,2026-09-22 02:00:00,27.2,77,0.0,2.7,102.4,166.2,80.9,13.0,37.1,1199.0
Anand Vihar,28.6469,77.3164,2026-09-22 03:00:00,26.6,79,0.0,3.0,103.1,172.3,83.0,5.0,36.7,1064.0
Anand Vihar,28.6469,77.3164,2026-09-22 04:00:00,26.3,82,0.0,1.5,103.8,178.8,84.9,0.0,36.9,949.0
Anand Vihar,28.6469,77.3164,2026-09-22 05:00:00,26.5,84,0.0,2.0,107.8,163.9,83.9,2.0,37.9,916.0
Anand Vihar,28.6469,77.3164,2026-09-22 06:00:00,26.1,85,0.0,2.1,102.7,161.6,72.2,31.0,36.3,1058.0
Anand Vihar,28.6469,77.3164,2026-09-22 07:00:00,27.2,79,0.0,1.4,95.0,146.2,55.8,74.0,34.1,1281.0
Anand Vihar,28.6469,77.3164,2026-09-22 08:00:00,29.7,65,0.0,1.3,69.8,152.3,40.7,115.0,33.2,1373.0
Anand Vihar,28.6469,77.3164,2026-09-22 09:00:00,31.8,52,0.0,0.9,58.0,153.2,28.4,155.0,35.2,1195.0
Anand Vihar,28.6469,77.3164,2026-09-22 10:00:00,33.2,45,0.0,1.9,52.0,133.2,17.5,194.0,38.5,886.0
Anand Vihar,28.6469,77.3164,2026-09-22 11:00:00,34.7,42,0.0,3.5,50.3,115.9,9.7,223.0,39.6,640.0
Anand Vihar,28.6469,77.3164,2026-09-22 12:00:00,35.3,39,0.0,5.3,49.2,104.1,6.0,237.0,36.4,539.0
Anand Vihar,28.6469,77.3164,2026-09-22 13:00:00,35.9,37,0.0,7.4,48.0,95.9,5.3,242.0,31.0,502.0
Anand Vihar,28.6469,77.3164,2026-09-22 14:00:00,35.9,36,0.0,9.0,46.0,90.8,6.2,238.0,26.7,485.0
Anand Vihar,28.6469,77.3164,2026-09-22 15:00:00,35.5,37,0.0,9.8,44.4,89.4,8.6,225.0,24.5,471.0
Anand Vihar,28.6469,77.3164,2026-09-22 16:00:00,34.8,40,0.0,10.4,44.0,93.4,12.5,205.0,23.3,476.0
Anand Vihar,28.6469,77.3164,2026-09-22 17:00:00,34.0,48,0.0,9.1,43.2,94.8,16.1,179.0,22.3,507.0
Anand Vihar,28.6469,77.3164,2026-09-22 18:00:00,33.2,51,0.0,6.7,46.2,100.4,21.9,157.0,23.9,576.0
Anand Vihar,28.6469,77.3164,2026-09-22 19:00:00,32.4,55,0.0,5.3,50.1,106.4,30.0,126.0,26.1,671.0
Anand Vihar,28.6469,77.3164,2026-09-22 20:00:00,31.7,60,0.0,3.1,53.7,112.2,36.7,100.0,27.8,762.0
Anand Vihar,28.6469,77.3164,2026-09-22 21:00:00,31.1,64,0.0,1.8,58.0,119.0,40.5,84.0,28.5,845.0
Anand Vihar,28.6469,77.3164,2026-09-22 22:00:00,30.7,68,0.0,1.4,61.2,126.2,42.8,73.0,28.8,924.0
Anand Vihar,28.6469,77.3164,2026-09-22 23:00:00,31.3,63,0.0,3.8,63.3,131.8,45.0,63.0,28.9,976.0
Anand Vihar,28.6469,77.3164,2026-09-23 00:00:00,29.8,72,0.0,3.1,65.7,138.8,47.3,54.0,28.9,979.0
Anand Vihar,28.6469,77.3164,2026-09-23 01:00:00,28.9,77,0.0,3.8,68.9,146.7,49.3,47.0,28.9,955.0
Anand Vihar,28.6469,77.3164,2026-09-23 02:00:00,27.9,81,0.0,3.8,71.2,150.9,51.3,41.0,29.0,950.0
Anand Vihar,28.6469,77.3164,2026-09-23 03:00:00,27.1,84,0.0,3.1,72.6,152.3,54.4,31.0,29.3,985.0
Anand Vihar,28.6469,77.3164,2026-09-23 04:00:00,26.7,87,0.0,1.9,74.3,153.7,57.5,21.0,29.8,1039.0
Anand Vihar,28.6469,77.3164,2026-09-23 05:00:00,27.0,85,0.0,1.9,62.9,120.1,33.8,59.0,24.8,1087.0
Anand Vihar,28.6469,77.3164,2026-09-23 06:00:00,26.5,87,0.0,1.3,70.3,123.9,32.7,75.0,27.0,1142.0
Anand Vihar,28.6469,77.3164,2026-09-23 07:00:00,27.8,79,0.0,0.6,74.3,112.7,30.9,99.0,30.1,1191.0
Anand Vihar,28.6469,77.3164,2026-09-23 08:00:00,29.9,65,0.0,1.3,63.1,96.2,28.1,126.0,33.0,1178.0
Anand Vihar,28.6469,77.3164,2026-09-23 09:00:00,31.8,54,0.0,0.4,60.8,88.5,23.4,158.0,36.0,1046.0
Anand Vihar,28.6469,77.3164,2026-09-23 10:00:00,33.2,47,0.0,1.3,57.7,82.7,17.6,193.0,38.7,852.0
Anand Vihar,28.6469,77.3164,2026-09-23 11:00:00,35.0,44,0.0,2.2,55.5,78.2,12.9,220.0,39.4,707.0
Anand Vihar,28.6469,77.3164,2026-09-23 12:00:00,36.2,38,0.0,3.6,54.0,73.8,9.8,236.0,36.3,666.0
Anand Vihar,28.6469,77.3164,2026-09-23 13:00:00,36.8,34,0.0,5.5,52.9,70.5,7.9,243.0,31.1,673.0
Anand Vihar,28.6469,77.3164,2026-09-23 14:00:00,36.6,33,0.0,8.1,52.2,68.9,7.8,243.0,27.0,674.0
Anand Vihar,28.6469,77.3164,2026-09-23 15:00:00,36.3,33,0.0,10.3,53.1,69.4,9.9,233.0,25.0,620.0
Anand Vihar,28.6469,77.3164,2026-09-23 16:00:00,35.4,35,0.0,11.0,56.0,71.2,13.9,216.0,24.2,560.0
Anand Vihar,28.6469,77.3164,2026-09-23 17:00:00,34.4,38,0.0,11.4,62.9,76.4,21.5,188.0,25.7,586.0
Anand Vihar,28.6469,77.3164,2026-09-23 18:00:00,32.9,42,0.0,7.4,69.6,84.8,27.5,163.0,27.5,780.0
Anand Vihar,28.6469,77.3164,2026-09-23 19:00:00,32.2,48,0.0,3.4,79.4,95.2,36.0,128.0,30.1,1061.0
Anand Vihar,28.6469,77.3164,2026-09-23 20:00:00,31.5,53,0.0,3.6,87.5,102.9,43.8,97.0,32.3,1271.0
Anand Vihar,28.6469,77.3164,2026-09-23 21:00:00,30.7,57,0.0,3.2,97.8,111.8,51.3,75.0,34.3,1360.0
Anand Vihar,28.6469,77.3164,2026-09-23 22:00:00,30.1,62,0.0,3.7,108.0,122.0,58.0,57.0,36.0,1378.0
Anand Vihar,28.6469,77.3164,2026-09-23 23:00:00,30.2,65,0.0,5.4,109.7,126.2,59.9,47.0,36.2,1328.0
Anand Vihar,28.6469,77.3164,2026-09-24 00:00:00,29.0,72,0.0,4.2,102.7,122.0,53.1,48.0,33.7,1170.0
Anand Vihar,28.6469,77.3164,2026-09-24 01:00:00,28.3,75,0.0,3.5,91.3,116.9,41.4,57.0,29.7,943.0
Anand Vihar,28.6469,77.3164,2026-09-24 02:00:00,27.6,76,0.0,4.7,76.1,112.7,31.9,63.0,26.6,761.0
Anand Vihar,28.6469,77.3164,2026-09-24 03:00:00,26.9,77,0.0,6.7,66.4,110.4,27.5,62.0,25.3,665.0
Anand Vihar,28.6469,77.3164,2026-09-24 04:00:00,26.3,81,0.0,6.1,58.3,102.4,25.2,58.0,24.9,613.0
Anand Vihar,28.6469,77.3164,2026-09-24 05:00:00,27.1,81,0.0,3.9,52.4,92.2,23.9,58.0,25.3,595.0
Anand Vihar,28.6469,77.3164,2026-09-24 06:00:00,26.4,85,0.0,6.2,50.3,85.2,23.8,60.0,26.8,632.0
Anand Vihar,28.6469,77.3164,2026-09-24 07:00:00,26.8,85,0.0,8.0,43.4,77.8,24.6,65.0,29.0,702.0
Anand Vihar,28.6469,77.3164,2026-09-24 08:00:00,28.0,79,0.0,8.9,34.6,62.6,23.9,81.0,31.0,726.0
Anand Vihar,28.6469,77.3164,2026-09-24 09:00:00,29.4,72,0.0,9.7,32.1,52.3,20.1,116.0,32.5,656.0
Anand Vihar,28.6469,77.3164,2026-09-24 10:00:00,30.8,64,0.0,7.7,35.9,50.6,14.8,162.0,33.7,540.0
Anand Vihar,28.6469,77.3164,2026-09-24 11:00:00,32.3,56,0.0,6.4,41.0,59.0,10.7,199.0,33.9,448.0
Anand Vihar,28.6469,77.3164,2026-09-24 12:00:00,33.3,49,0.0,5.9,44.2,61.7,8.3,219.0,32.3,405.0
Anand Vihar,28.6469,77.3164,2026-09-24 13:00:00,34.1,44,0.0,4.1,44.7,58.7,7.1,230.0,29.7,385.0
Anand Vihar,28.6469,77.3164,2026-09-24 14:00:00,34.7,39,0.0,3.9,44.4,56.3,7.6,232.0,27.7,379.0
Anand Vihar,28.6469,77.3164,2026-09-24 15:00:00,34.6,38,0.0,5.9,44.0,57.0,10.6,223.0,27.0,378.0
Anand Vihar,28.6469,77.3164,2026-09-24 16:00:00,34.0,41,0.0,6.8,43.9,55.9,15.3,206.0,27.0,392.0
Anand Vihar,28.6469,77.3164,2026-09-24 17:00:00,32.9,46,0.0,8.8,45.3,55.3,20.1,184.0,27.4,440.0
Anand Vihar,28.6469,77.3164,2026-09-24 18:00:00,31.7,53,0.0,9.2,48.9,58.1,25.1,156.0,28.6,562.0
Anand Vihar,28.6469,77.3164,2026-09-24 19:00:00,30.7,58,0.0,9.0,48.7,61.2,30.1,124.0,30.1,718.0
Anand Vihar,28.6469,77.3164,2026-09-24 20:00:00,29.8,64,0.0,8.3,44.6,65.7,33.0,99.0,30.9,814.0
Anand Vihar,28.6469,77.3164,2026-09-24 21:00:00,29.1,68,0.0,8.1,41.6,72.9,32.4,88.0,30.1,802.0
Anand Vihar,28.6469,77.3164,2026-09-24 22:00:00,28.5,71,0.0,8.5,39.3,78.2,29.6,85.0,28.5,728.0
Anand Vihar,28.6469,77.3164,2026-09-24 23:00:00,27.9,73,0.0,7.6,37.0,84.3,26.8,82.0,27.1,640.0
Anand Vihar,28.6469,77.3164,2026-09-25 00:00:00,27.2,76,0.0,7.6,34.6,86.6,24.2,76.0,26.4,534.0
Anand Vihar,28.6469,77.3164,2026-09-25 01:00:00,26.6,79,0.0,6.3,31.1,82.0,21.6,69.0,25.9,413.0
Anand Vihar,28.6469,77.3164,2026-09-25 02:00:00,26.1,82,0.0,4.8,27.5,72.6,20.2,62.0,25.5,329.0
Anand Vihar,28.6469,77.3164,2026-09-25 03:00:00,25.7,84,0.0,3.1,24.4,61.0,21.3,52.0,25.0,306.0
Anand Vihar,28.6469,77.3164,2026-09-25 04:00:00,25.5,86,0.0,3.0,22.6,49.5,23.7,40.0,24.7,321.0
Anand Vihar,28.6469,77.3164,2026-09-25 05:00:00,25.2,88,0.0,1.0,22.0,40.6,25.2,35.0,25.1,358.0
Anand Vihar,28.6469,77.3164,2026-09-25 06:00:00,25.2,87,0.0,0.9,24.9,37.7,24.9,37.0,27.1,435.0
Anand Vihar,28.6469,77.3164,2026-09-25 07:00:00,25.9,83,0.0,2.1,23.9,33.6,23.7,46.0,30.0,533.0
Anand Vihar,28.6469,77.3164,2026-09-25 08:00:00,27.3,74,0.0,4.0,19.8,28.2,21.6,59.0,31.5,581.0
Anand Vihar,28.6469,77.3164,2026-09-25 09:00:00,28.9,63,0.0,5.7,17.7,28.9,18.0,80.0,30.6,529.0
Anand Vihar,28.6469,77.3164,2026-09-25 10:00:00,30.5,56,0.0,4.2,17.4,34.3,13.6,107.0,28.5,427.0
Anand Vihar,28.6469,77.3164,2026-09-25 11:00:00,32.0,50,0.0,3.5,17.8,36.9,10.2,131.0,26.6,357.0
Anand Vihar,28.6469,77.3164,2026-09-25 12:00:00,33.1,45,0.0,4.4,17.5,29.9,8.1,150.0,25.1,357.0
Anand Vihar,28.6469,77.3164,2026-09-25 13:00:00,33.5,43,0.0,5.8,19.0,31.2,7.1,167.0,23.7,390.0
Anand Vihar,28.6469,77.3164,2026-09-25 14:00:00,33.8,41,0.0,5.4,21.2,34.7,7.7,176.0,23.2,421.0
Anand Vihar,28.6469,77.3164,2026-09-25 15:00:00,33.8,39,0.0,4.5,23.1,36.1,10.7,177.0,24.1,442.0
Anand Vihar,28.6469,77.3164,2026-09-25 16:00:00,33.5,41,0.0,6.2,24.9,37.1,15.4,172.0,25.9,461.0
Anand Vihar,28.6469,77.3164,2026-09-25 17:00:00,32.6,45,0.0,8.5,28.2,38.1,20.6,159.0,27.6,477.0
Anand Vihar,28.6469,77.3164,2026-09-25 18:00:00,31.5,50,0.0,8.1,34.5,45.9,26.8,134.0,29.1,487.0
Anand Vihar,28.6469,77.3164,2026-09-25 19:00:00,30.9,53,0.0,5.0,37.0,54.0,33.4,102.0,30.5,492.0
Anand Vihar,28.6469,77.3164,2026-09-25 20:00:00,30.3,56,0.0,2.5,33.8,62.6,37.7,75.0,31.5,497.0
Anand Vihar,28.6469,77.3164,2026-09-25 21:00:00,29.6,61,0.0,6.6,29.6,68.5,37.7,60.0,31.8,509.0
Anand Vihar,28.6469,77.3164,2026-09-25 22:00:00,28.0,69,0.0,11.1,26.4,66.1,35.4,51.0,31.6,520.0
Anand Vihar,28.6469,77.3164,2026-09-25 23:00:00,27.1,72,0.0,6.3,24.3,58.9,33.4,44.0,31.1,511.0
Anand Vihar,28.6469,77.3164,2026-09-26 00:00:00,26.7,74,0.0,1.6,22.6,53.2,32.4,39.0,30.0,464.0
Anand Vihar,28.6469,77.3164,2026-09-26 01:00:00,26.5,74,0.0,3.4,21.2,43.1,31.7,36.0,28.5,396.0
Anand Vihar,28.6469,77.3164,2026-09-26 02:00:00,26.1,75,0.0,5.1,21.0,35.9,32.2,33.0,27.6,344.0
Anand Vihar,28.6469,77.3164,2026-09-26 03:00:00,25.4,78,0.0,5.6,22.4,34.7,35.0,26.0,27.6,316.0
Anand Vihar,28.6469,77.3164,2026-09-26 04:00:00,24.7,81,0.0,6.4,24.4,35.0,39.0,19.0,28.1,303.0
Anand Vihar,28.6469,77.3164,2026-09-26 05:00:00,24.5,82,0.0,1.7,25.7,33.9,41.2,16.0,28.8,315.0
Anand Vihar,28.6469,77.3164,2026-09-26 06:00:00,24.6,82,0.0,5.0,27.9,34.5,40.5,19.0,29.7,377.0
Anand Vihar,28.6469,77.3164,2026-09-26 07:00:00,25.7,77,0.0,3.5,30.6,37.7,38.0,26.0,30.7,464.0
Anand Vihar,28.6469,77.3164,2026-09-26 08:00:00,27.0,71,0.0,5.6,26.3,34.9,34.7,37.0,31.1,505.0
Anand Vihar,28.6469,77.3164,2026-09-26 09:00:00,29.4,62,0.0,4.7,22.9,34.7,30.2,52.0,30.7,453.0
Anand Vihar,28.6469,77.3164,2026-09-26 10:00:00,30.9,56,0.0,6.8,22.0,39.8,24.8,71.0,29.8,356.0
Anand Vihar,28.6469,77.3164,2026-09-26 11:00:00,31.7,50,0.0,11.2,22.3,46.0,20.2,87.0,28.4,286.0
Anand Vihar,28.6469,77.3164,2026-09-26 12:00:00,29.4,57,0.0,11.8,22.8,49.8,16.8,101.0,26.4,271.0
Anand Vihar,28.6469,77.3164,2026-09-26 13:00:00,27.1,66,1.0,14.1,22.4,41.7,14.1,113.0,23.9,284.0
Anand Vihar,28.6469,77.3164,2026-09-26 14:00:00,25.9,72,0.9,10.4,21.0,46.9,12.9,119.0,21.6,313.0
Anand Vihar,28.6469,77.3164,2026-09-26 15:00:00,25.4,79,1.0,11.9,19.4,45.8,13.6,116.0,19.3,373.0
Anand Vihar,28.6469,77.3164,2026-09-26 16:00:00,25.4,74,0.0,12.1,19.2,42.8,15.6,106.0,17.2,449.0
Anand Vihar,28.6469,77.3164,2026-09-26 17:00:00,25.3,73,0.0,11.2,20.4,40.6,18.0,97.0,15.8,487.0
Anand Vihar,28.6469,77.3164,2026-09-26 18:00:00,25.3,74,0.0,7.6,23.5,40.2,20.9,88.0,15.3,451.0
Anand Vihar,28.6469,77.3164,2026-09-26 19:00:00,25.0,74,0.0,9.3,26.5,45.1,24.0,78.0,15.6,376.0
Anand Vihar,28.6469,77.3164,2026-09-26 20:00:00,24.5,77,0.0,4.4,28.5,52.5,25.7,74.0,17.3,318.0
Anand Vihar,28.6469,77.3164,2026-09-26 21:00:00,24.6,77,0.0,4.8,30.7,60.8,25.0,78.0,21.7,300.0
Anand Vihar,28.6469,77.3164,2026-09-26 22:00:00,24.2,77,0.0,5.3,34.3,72.4,22.8,88.0,27.5,298.0
Anand Vihar,28.6469,77.3164,2026-09-26 23:00:00,23.9,78,0.0,4.6,39.5,91.7,20.2,99.0,31.0,294.0
Anand Vihar,28.6469,77.3164,2026-09-27 00:00:00,23.6,79,0.0,3.1,44.4,114.6,16.9,112.0,30.1,275.0
Anand Vihar,28.6469,77.3164,2026-09-27 01:00:00,23.4,79,0.0,5.2,48.8,133.6,13.1,126.0,26.9,254.0
Anand Vihar,28.6469,77.3164,2026-09-27 02:00:00,22.9,80,0.0,5.2,52.4,149.5,10.5,135.0,24.7,249.0
Anand Vihar,28.6469,77.3164,2026-09-27 03:00:00,22.6,83,0.0,3.6,55.4,162.5,9.5,137.0,24.8,266.0
Anand Vihar,28.6469,77.3164,2026-09-27 04:00:00,22.6,86,0.0,2.7,60.3,178.3,9.6,135.0,25.8,298.0
Anand Vihar,28.6469,77.3164,2026-09-27 05:00:00,22.6,86,0.0,5.0,61.5,171.8,11.0,130.0,26.5,349.0
Anand Vihar,28.6469,77.3164,2026-09-27 06:00:00,22.9,85,0.1,3.0,65.0,177.4,15.3,118.0,26.6,446.0
Anand Vihar,28.6469,77.3164,2026-09-27 07:00:00,23.8,81,0.0,3.8,70.1,183.5,21.0,102.0,26.4,561.0
Anand Vihar,28.6469,77.3164,2026-09-27 08:00:00,25.4,75,0.0,1.6,73.3,191.9,23.5,101.0,25.9,610.0
Anand Vihar,28.6469,77.3164,2026-09-27 09:00:00,27.3,67,0.0,3.7,77.3,231.9,19.6,126.0,25.0,528.0
Anand Vihar,28.6469,77.3164,2026-09-27 10:00:00,28.6,63,0.0,3.1,80.1,254.3,12.5,164.0,23.8,379.0
Anand Vihar,28.6469,77.3164,2026-09-27 11:00:00,30.0,59,0.0,2.9,79.4,242.1,7.1,195.0,22.9,274.0
Anand Vihar,28.6469,77.3164,2026-09-27 12:00:00,31.0,54,0.1,4.7,73.1,209.1,5.2,212.0,22.4,259.0
Anand Vihar,28.6469,77.3164,2026-09-27 13:00:00,32.0,51,0.1,5.7,65.9,170.4,5.1,221.0,22.1,288.0
Anand Vihar,28.6469,77.3164,2026-09-27 14:00:00,32.4,50,0.0,5.4,60.3,140.6,5.9,221.0,21.9,332.0
Anand Vihar,28.6469,77.3164,2026-09-27 15:00:00,32.6,48,0.0,5.6,54.8,119.2,7.8,208.0,21.6,379.0
Anand Vihar,28.6469,77.3164,2026-09-27 16:00:00,32.2,50,0.0,7.2,47.0,97.6,10.7,185.0,21.3,441.0
Anand Vihar,28.6469,77.3164,2026-09-27 17:00:00,30.3,59,0.0,11.2,37.1,76.1,13.6,160.0,21.2,520.0
Anand Vihar,28.6469,77.3164,2026-09-27 18:00:00,27.6,71,0.0,9.3,28.8,62.4,16.5,130.0,21.4,648.0
Anand Vihar,28.6469,77.3164,2026-09-27 19:00:00,26.8,75,0.0,7.3,24.0,56.9,19.5,98.0,21.8,793.0
Anand Vihar,28.6469,77.3164,2026-09-27 20:00:00,26.7,78,0.0,8.1,21.7,54.8,21.6,73.0,21.6,867.0
Anand Vihar,28.6469,77.3164,2026-09-27 21:00:00,26.4,79,0.0,6.9,20.8,53.2,22.3,61.0,20.5,811.0
Anand Vihar,28.6469,77.3164,2026-09-27 22:00:00,25.8,82,0.0,6.5,19.8,48.2,22.1,57.0,18.9,683.0
Anand Vihar,28.6469,77.3164,2026-09-27 23:00:00,25.5,85,0.0,3.8,18.5,43.4,21.8,53.0,17.6,571.0
Anand Vihar,28.6469,77.3164,2026-09-28 00:00:00,25.1,88,0.0,2.7,17.2,39.0,21.3,49.0,16.8,505.0
Anand Vihar,28.6469,77.3164,2026-09-28 01:00:00,24.7,91,0.0,2.0,16.8,36.2,20.7,46.0,16.3,455.0
Anand Vihar,28.6469,77.3164,2026-09-28 02:00:00,24.3,94,0.0,2.4,16.5,31.5,20.8,42.0,16.3,420.0
Anand Vihar,28.6469,77.3164,2026-09-28 03:00:00,23.8,95,0.0,3.3,17.4,27.9,22.5,34.0,16.9,403.0
Anand Vihar,28.6469,77.3164,2026-09-28 04:00:00,23.4,96,0.0,4.6,18.9,25.4,25.0,26.0,18.0,401.0
Anand Vihar,28.6469,77.3164,2026-09-28 05:00:00,23.2,96,0.0,5.2,21.1,25.3,26.7,23.0,20.1,397.3
Anand Vihar,28.6469,77.3164,2026-09-28 06:00:00,23.4,94,0.0,5.2,25.3,29.2,27.2,27.0,24.0,411.0
Anand Vihar,28.6469,77.3164,2026-09-28 07:00:00,24.0,90,0.0,4.7,28.3,34.2,27.0,37.0,28.8,450.8
Anand Vihar,28.6469,77.3164,2026-09-28 08:00:00,24.9,85,0.0,3.7,25.0,32.9,25.8,53.0,32.5,492.0
Anand Vihar,28.6469,77.3164,2026-09-28 09:00:00,26.6,77,0.0,2.2,24.3,35.6,23.0,81.0,34.5,475.0
Anand Vihar,28.6469,77.3164,2026-09-28 10:00:00,28.7,68,0.0,0.3,23.6,40.5,19.2,117.0,35.5,435.0
Anand Vihar,28.6469,77.3164,2026-09-28 11:00:00,30.6,60,0.0,1.5,23.3,46.0,15.7,146.0,35.1,402.0
Anand Vihar,28.6469,77.3164,2026-09-28 12:00:00,32.1,52,0.0,3.3,24.5,50.4,12.6,166.0,32.6,385.0
Anand Vihar,28.6469,77.3164,2026-09-28 13:00:00,33.2,45,0.0,5.9,25.5,46.3,9.7,180.0,28.8,374.0
Anand Vihar,28.6469,77.3164,2026-09-28 14:00:00,33.5,43,0.0,7.2,25.2,40.9,8.6,184.0,25.5,368.0
Anand Vihar,28.6469,77.3164,2026-09-28 15:00:00,32.3,46,0.3,6.0,23.7,36.8,10.4,173.0,23.5,370.0
Anand Vihar,28.6469,77.3164,2026-09-28 16:00:00,30.2,54,0.3,3.3,21.4,32.6,13.9,152.0,22.0,378.0
Anand Vihar,28.6469,77.3164,2026-09-28 17:00:00,28.4,62,0.3,2.4,19.6,37.1,16.5,136.0,21.1,384.0
Anand Vihar,28.6469,77.3164,2026-09-28 18:00:00,27.6,67,0.0,3.8,64.32494004796163,163.75721822541968,34.71918465227818,96.20911270983214,27.67671462829736,719.0801318944845
Anand Vihar,28.6469,77.3164,2026-09-28 19:00:00,27.3,72,0.0,5.9,64.32494004796163,163.75721822541968,34.71918465227818,96.20911270983214,27.67671462829736,719.0801318944845
Anand Vihar,28.6469,77.3164,2026-09-28 20:00:00,26.8,76,0.0,7.2,64.32494004796163,163.75721822541968,34.71918465227818,96.20911270983214,27.67671462829736,719.0801318944845
Anand Vihar,28.6469,77.3164,2026-09-28 21:00:00,26.2,80,0.0,7.0,64.32494004796163,163.75721822541968,34.71918465227818,96.20911270983214,27.67671462829736,719.0801318944845
Anand Vihar,28.6469,77.3164,2026-09-28 22:00:00,25.5,84,0.0,7.1,64.32494004796163,163.75721822541968,34.71918465227818,96.20911270983214,27.67671462829736,719.0801318944845
Anand Vihar,28.6469,77.3164,2026-09-28 23:00:00,24.9,87,0.0,7.4,64.32494004796163,163.75721822541968,34.71918465227818,96.20911270983214,27.67671462829736,719.0801318944845
Vasant Kunj,28.52,77.1577,2026-08-25 00:00:00,28.0,91,0.0,3.0,113.6,142.0,98.8,10.0,64.3,631.0
Vasant Kunj,28.52,77.1577,2026-08-25 01:00:00,27.7,92,0.0,1.9,117.6,146.7,101.8,4.0,62.7,654.0
Vasant Kunj,28.52,77.1577,2026-08-25 02:00:00,27.5,93,0.0,3.2,118.7,146.7,99.7,3.0,59.2,694.0
Vasant Kunj,28.52,77.1577,2026-08-25 03:00:00,27.4,94,0.0,2.4,115.3,142.0,88.2,8.0,52.1,689.0
Vasant Kunj,28.52,77.1577,2026-08-25 04:00:00,27.3,94,0.0,2.2,96.6,117.8,71.5,19.0,43.0,700.0
Vasant Kunj,28.52,77.1577,2026-08-25 05:00:00,26.0,97,0.0,3.3,66.6,82.0,41.8,44.0,35.3,749.0
Vasant Kunj,28.52,77.1577,2026-08-25 06:00:00,25.9,99,1.3,3.7,63.6,77.3,43.3,43.0,35.5,878.0
Vasant Kunj,28.52,77.1577,2026-08-25 07:00:00,26.2,98,1.7,5.2,59.6,75.4,45.1,45.0,36.1,1046.0
Vasant Kunj,28.52,77.1577,2026-08-25 08:00:00,26.8,95,1.0,3.6,61.0,77.5,44.6,60.0,38.5,1150.0
Vasant Kunj,28.52,77.1577,2026-08-25 09:00:00,28.2,90,0.1,3.1,58.7,76.8,40.0,100.0,45.1,1141.0
Vasant Kunj,28.52,77.1577,2026-08-25 10:00:00,29.5,83,0.0,4.1,55.9,75.0,33.2,155.0,53.6,1067.0
Vasant Kunj,28.52,77.1577,2026-08-25 11:00:00,30.7,71,0.0,2.9,58.7,80.6,26.7,204.0,58.5,974.0
Vasant Kunj,28.52,77.1577,2026-08-25 12:00:00,31.3,66,0.1,4.8,62.6,84.5,20.6,243.0,56.4,851.0
Vasant Kunj,28.52,77.1577,2026-08-25 13:00:00,32.1,63,0.1,4.1,65.9,87.8,14.9,277.0,50.7,708.0
Vasant Kunj,28.52,77.1577,2026-08-25 14:00:00,32.3,62,0.0,4.2,68.9,92.7,12.1,296.0,46.1,624.0
Vasant Kunj,28.52,77.1577,2026-08-25 15:00:00,32.5,61,0.0,4.0,71.5,96.6,10.1,301.0,43.7,564.0
Vasant Kunj,28.52,77.1577,2026-08-25 16:00:00,32.3,63,0.0,2.5,73.6,102.9,11.0,291.0,42.3,563.0
Vasant Kunj,28.52,77.1577,2026-08-25 17:00:00,28.3,96,0.0,5.5,65.4,74.7,35.4,216.0,56.0,802.0
Vasant Kunj,28.52,77.1577,2026-08-25 18:00:00,28.2,96,0.9,4.0,68.9,75.0,41.6,183.0,54.5,1592.0
Vasant Kunj,28.52,77.1577,2026-08-25 19:00:00,27.8,97,0.3,4.3,75.9,79.9,50.2,137.0,52.5,2623.0
Vasant Kunj,28.52,77.1577,2026-08-25 20:00:00,27.6,96,0.0,3.8,84.1,86.8,57.8,99.0,51.7,3143.0
Vasant Kunj,28.52,77.1577,2026-08-25 21:00:00,27.4,95,0.0,4.2,91.7,93.8,63.6,77.0,53.4,2661.0
Vasant Kunj,28.52,77.1577,2026-08-25 22:00:00,27.1,95,0.0,6.7,101.3,103.1,68.4,63.0,56.3,1668.0
Vasant Kunj,28.52,77.1577,2026-08-25 23:00:00,27.5,93,0.0,4.2,111.5,113.2,70.8,51.0,57.8,890.0
Vasant Kunj,28.52,77.1577,2026-08-26 00:00:00,27.2,95,0.0,4.1,115.3,116.6,69.1,41.0,56.1,632.0
Vasant Kunj,28.52,77.1577,2026-08-26 01:00:00,26.9,96,0.0,4.6,122.9,124.3,65.1,33.0,53.1,590.0
Vasant Kunj,28.52,77.1577,2026-08-26 02:00:00,26.8,95,0.0,4.0,126.7,128.1,63.0,26.0,51.1,575.0
Vasant Kunj,28.52,77.1577,2026-08-26 03:00:00,26.7,95,0.0,3.6,130.4,131.8,66.7,14.0,51.1,523.0
Vasant Kunj,28.52,77.1577,2026-08-26 04:00:00,26.6,95,0.0,3.4,136.4,138.3,72.4,3.0,52.3,500.0
Vasant Kunj,28.52,77.1577,2026-08-26 05:00:00,27.1,96,0.0,2.7,108.3,108.3,52.3,37.0,57.9,508.0
Vasant Kunj,28.52,77.1577,2026-08-26 06:00:00,26.0,97,2.4,7.9,117.6,117.6,50.1,60.0,61.5,576.0
Vasant Kunj,28.52,77.1577,2026-08-26 07:00:00,26.0,99,4.2,3.3,104.5,104.8,46.8,93.0,66.3,676.0
Vasant Kunj,28.52,77.1577,2026-08-26 08:00:00,26.7,96,1.3,1.3,88.0,90.3,41.7,133.0,69.1,733.0
Vasant Kunj,28.52,77.1577,2026-08-26 09:00:00,28.3,89,0.3,3.1,73.6,79.6,33.3,183.0,68.3,695.0
Vasant Kunj,28.52,77.1577,2026-08-26 10:00:00,29.7,83,0.2,3.1,70.5,79.6,23.0,239.0,65.5,613.0
Vasant Kunj,28.52,77.1577,2026-08-26 11:00:00,28.4,92,0.1,4.0,72.9,83.8,15.1,284.0,61.6,565.0
Vasant Kunj,28.52,77.1577,2026-08-26 12:00:00,28.8,88,0.9,7.9,77.8,89.6,10.8,316.0,56.8,588.0
Vasant Kunj,28.52,77.1577,2026-08-26 13:00:00,30.3,81,0.1,3.1,81.5,94.5,8.8,338.0,50.9,644.0
Vasant Kunj,28.52,77.1577,2026-08-26 14:00:00,31.8,71,0.0,2.5,82.0,95.5,8.9,342.0,45.1,697.0
Vasant Kunj,28.52,77.1577,2026-08-26 15:00:00,32.3,64,0.0,3.5,79.2,93.8,9.4,325.0,38.8,681.0
Vasant Kunj,28.52,77.1577,2026-08-26 16:00:00,31.9,67,0.1,4.7,76.1,96.6,12.0,290.0,32.6,661.0
Vasant Kunj,28.52,77.1577,2026-08-26 17:00:00,28.3,94,0.1,5.3,73.6,99.9,30.9,155.0,24.1,794.0
Vasant Kunj,28.52,77.1577,2026-08-26 18:00:00,28.5,91,0.8,1.7,72.9,87.5,43.2,122.0,25.1,1282.0
Vasant Kunj,28.52,77.1577,2026-08-26 19:00:00,28.1,95,0.1,6.5,82.7,93.1,59.7,78.0,26.4,1922.0
Vasant Kunj,28.52,77.1577,2026-08-26 20:00:00,27.9,95,0.0,7.6,84.5,93.1,69.2,45.0,26.6,2269.0
Vasant Kunj,28.52,77.1577,2026-08-26 21:00:00,27.6,95,0.0,8.3,85.2,102.2,65.2,36.0,25.0,2043.0
Vasant Kunj,28.52,77.1577,2026-08-26 22:00:00,27.4,95,0.0,7.9,80.6,119.0,54.1,40.0,22.4,1522.0
Vasant Kunj,28.52,77.1577,2026-08-26 23:00:00,28.6,93,0.0,7.6,71.5,117.1,44.2,44.0,19.9,1097.0
Vasant Kunj,28.52,77.1577,2026-08-27 00:00:00,28.2,94,0.0,8.1,66.4,108.5,37.9,45.0,17.7,923.0
Vasant Kunj,28.52,77.1577,2026-08-27 01:00:00,27.9,94,0.0,8.5,61.9,95.5,32.8,46.0,15.7,845.0
Vasant Kunj,28.52,77.1577,2026-08-27 02:00:00,27.7,93,0.0,7.8,58.8,90.1,29.4,46.0,14.2,782.0
Vasant Kunj,28.52,77.1577,2026-08-27 03:00:00,27.5,93,0.0,5.8,55.9,84.5,28.7,41.0,13.5,698.0
Vasant Kunj,28.52,77.1577,2026-08-27 04:00:00,27.3,92,0.0,6.1,52.7,74.0,29.7,34.0,13.5,630.0
Vasant Kunj,28.52,77.1577,2026-08-27 05:00:00,28.2,91,0.0,7.0,53.0,67.1,27.7,37.0,14.5,606.0
Vasant Kunj,28.52,77.1577,2026-08-27 06:00:00,27.9,91,0.0,6.9,61.7,72.2,28.4,42.0,16.5,665.0
Vasant Kunj,28.52,77.1577,2026-08-27 07:00:00,28.9,88,0.0,7.4,59.4,75.2,29.1,51.0,19.3,768.0
Vasant Kunj,28.52,77.1577,2026-08-27 08:00:00,30.0,83,0.0,3.8,53.9,68.9,28.6,67.0,22.1,827.0
Vasant Kunj,28.52,77.1577,2026-08-27 09:00:00,30.5,81,0.0,1.5,50.4,65.9,25.7,96.0,25.0,791.0
Vasant Kunj,28.52,77.1577,2026-08-27 10:00:00,31.9,76,0.0,0.2,50.5,68.0,21.5,132.0,27.8,711.0
Vasant Kunj,28.52,77.1577,2026-08-27 11:00:00,33.7,52,0.0,3.1,51.1,68.9,17.9,162.0,29.3,658.0
Vasant Kunj,28.52,77.1577,2026-08-27 12:00:00,34.2,50,0.0,3.4,50.4,68.2,15.0,181.0,28.6,654.0
Vasant Kunj,28.52,77.1577,2026-08-27 13:00:00,32.6,57,0.0,7.9,54.0,71.9,12.6,193.0,26.7,677.0
Vasant Kunj,28.52,77.1577,2026-08-27 14:00:00,31.5,70,0.0,8.4,54.0,78.7,12.3,199.0,24.7,725.0
Vasant Kunj,28.52,77.1577,2026-08-27 15:00:00,31.6,72,0.0,6.2,55.6,88.9,12.7,201.0,22.5,755.0
Vasant Kunj,28.52,77.1577,2026-08-27 16:00:00,32.3,70,0.0,2.3,56.6,103.1,15.2,196.0,20.3,810.0
Vasant Kunj,28.52,77.1577,2026-08-27 17:00:00,30.2,79,0.0,7.6,56.9,108.0,24.8,177.0,19.9,1023.0
Vasant Kunj,28.52,77.1577,2026-08-27 18:00:00,29.8,85,0.0,2.5,64.3,98.7,48.7,131.0,22.9,1623.0
Vasant Kunj,28.52,77.1577,2026-08-27 19:00:00,29.1,88,0.0,5.6,83.8,113.4,79.7,71.0,27.8,2381.0
Vasant Kunj,28.52,77.1577,2026-08-27 20:00:00,28.9,86,0.0,6.0,93.6,119.2,101.8,26.0,31.7,2742.0
Vasant Kunj,28.52,77.1577,2026-08-27 21:00:00,28.8,84,0.0,6.3,96.6,127.1,107.7,10.0,33.9,2326.0
Vasant Kunj,28.52,77.1577,2026-08-27 22:00:00,28.5,86,0.0,7.3,107.3,139.7,104.6,8.0,35.2,1512.0
Vasant Kunj,28.52,77.1577,2026-08-27 23:00:00,28.8,87,0.0,8.8,111.8,144.8,98.5,9.0,34.9,882.0
Vasant Kunj,28.52,77.1577,2026-08-28 00:00:00,28.2,88,0.0,9.0,105.7,143.0,90.5,9.0,32.1,702.0
Vasant Kunj,28.52,77.1577,2026-08-28 01:00:00,27.8,88,0.0,7.8,101.5,140.2,79.4,13.0,27.7,706.0
Vasant Kunj,28.52,77.1577,2026-08-28 02:00:00,27.6,88,0.0,6.8,94.1,131.8,68.1,16.0,23.8,683.0
Vasant Kunj,28.52,77.1577,2026-08-28 03:00:00,27.9,83,0.0,8.8,82.2,122.5,56.7,18.0,21.2,523.0
Vasant Kunj,28.52,77.1577,2026-08-28 04:00:00,28.2,74,0.0,11.9,71.2,139.7,45.0,20.0,19.0,334.0
Vasant Kunj,28.52,77.1577,2026-08-28 05:00:00,26.1,94,0.0,16.1,46.9,102.0,25.4,46.0,16.6,233.0
Vasant Kunj,28.52,77.1577,2026-08-28 06:00:00,26.5,90,0.6,13.5,43.4,89.9,24.8,48.0,15.4,310.0
Vasant Kunj,28.52,77.1577,2026-08-28 07:00:00,27.9,87,0.0,8.8,43.2,89.2,23.7,51.0,13.7,474.0
Vasant Kunj,28.52,77.1577,2026-08-28 08:00:00,29.3,80,0.0,7.6,51.3,141.6,21.4,62.0,12.5,565.0
Vasant Kunj,28.52,77.1577,2026-08-28 09:00:00,30.6,71,0.0,12.5,75.7,338.1,16.7,88.0,12.5,494.0
Vasant Kunj,28.52,77.1577,2026-08-28 10:00:00,31.7,66,0.0,11.1,198.4,1452.9,10.7,123.0,13.0,350.0
Vasant Kunj,28.52,77.1577,2026-08-28 11:00:00,32.3,63,0.0,12.1,222.6,1598.1,6.3,148.0,13.3,242.0
Vasant Kunj,28.52,77.1577,2026-08-28 12:00:00,33.0,59,0.0,11.7,217.5,1534.8,4.2,158.0,13.2,207.0
Vasant Kunj,28.52,77.1577,2026-08-28 13:00:00,33.6,56,0.0,11.3,206.3,1438.0,3.7,159.0,12.9,208.0
Vasant Kunj,28.52,77.1577,2026-08-28 14:00:00,34.0,54,0.0,11.6,205.4,1452.9,5.4,155.0,12.7,243.0
Vasant Kunj,28.52,77.1577,2026-08-28 15:00:00,33.8,54,0.0,12.0,206.3,1464.0,9.4,146.0,12.5,291.0
Vasant Kunj,28.52,77.1577,2026-08-28 16:00:00,33.4,56,0.0,11.0,220.3,1508.7,15.7,131.0,12.4,374.0
Vasant Kunj,28.52,77.1577,2026-08-28 17:00:00,33.0,60,0.0,9.9,170.4,1043.1,23.1,108.0,13.2,548.0
Vasant Kunj,28.52,77.1577,2026-08-28 18:00:00,31.4,70,0.0,4.7,144.8,698.5,46.6,78.0,19.1,936.0
Vasant Kunj,28.52,77.1577,2026-08-28 19:00:00,30.7,72,0.0,3.8,149.0,637.0,78.7,37.0,27.1,1415.0
Vasant Kunj,28.52,77.1577,2026-08-28 20:00:00,29.9,75,0.0,3.9,158.8,592.3,99.8,7.0,32.4,1681.0
Vasant Kunj,28.52,77.1577,2026-08-28 21:00:00,29.3,79,0.0,4.0,157.9,499.2,100.4,0.0,32.7,1552.0
Vasant Kunj,28.52,77.1577,2026-08-28 22:00:00,29.0,79,0.0,4.0,143.9,386.5,90.1,0.0,30.3,1209.0
Vasant Kunj,28.52,77.1577,2026-08-28 23:00:00,29.0,78,0.0,4.7,122.5,285.9,78.3,2.0,27.1,889.0
Vasant Kunj,28.52,77.1577,2026-08-29 00:00:00,28.4,79,0.0,5.1,101.5,238.0,67.0,6.0,23.0,657.0
Vasant Kunj,28.52,77.1577,2026-08-29 01:00:00,28.2,79,0.0,7.1,93.1,284.1,54.2,13.0,18.1,447.0
Vasant Kunj,28.52,77.1577,2026-08-29 02:00:00,28.0,79,0.0,8.6,105.5,486.2,42.8,20.0,14.1,297.0
Vasant Kunj,28.52,77.1577,2026-08-29 03:00:00,27.9,79,0.0,10.0,143.9,871.7,33.6,26.0,11.9,230.0
Vasant Kunj,28.52,77.1577,2026-08-29 04:00:00,27.6,79,0.0,11.1,183.0,1214.4,25.8,32.0,10.7,223.0
Vasant Kunj,28.52,77.1577,2026-08-29 05:00:00,28.0,79,0.0,13.5,293.4,2048.9,13.8,51.0,8.0,238.0
Vasant Kunj,28.52,77.1577,2026-08-29 06:00:00,27.7,79,0.0,13.1,299.0,2063.8,14.7,53.0,8.6,282.0
Vasant Kunj,28.52,77.1577,2026-08-29 07:00:00,28.2,77,0.0,13.3,299.0,2071.3,15.9,58.0,9.5,349.0
Vasant Kunj,28.52,77.1577,2026-08-29 08:00:00,29.1,73,0.0,13.5,244.9,1676.4,15.7,68.0,10.3,382.0
Vasant Kunj,28.52,77.1577,2026-08-29 09:00:00,30.1,70,0.0,13.2,244.9,1799.3,12.8,91.0,10.8,347.0
Vasant Kunj,28.52,77.1577,2026-08-29 10:00:00,31.4,66,0.0,12.9,246.8,1829.1,8.6,120.0,11.2,279.0
Vasant Kunj,28.52,77.1577,2026-08-29 11:00:00,32.8,60,0.0,11.9,224.0,1628.0,5.5,141.0,11.5,228.0
Vasant Kunj,28.52,77.1577,2026-08-29 12:00:00,33.5,57,0.0,11.3,192.3,1363.5,3.7,150.0,11.7,204.0
Vasant Kunj,28.52,77.1577,2026-08-29 13:00:00,34.1,55,0.0,10.8,170.4,1180.9,3.0,152.0,11.8,197.0
Vasant Kunj,28.52,77.1577,2026-08-29 14:00:00,34.3,53,0.0,10.7,154.6,1043.1,4.9,147.0,11.9,223.0
Vasant Kunj,28.52,77.1577,2026-08-29 15:00:00,34.1,54,0.0,10.3,143.4,946.2,10.3,135.0,11.8,283.0
Vasant Kunj,28.52,77.1577,2026-08-29 16:00:00,33.8,54,0.0,9.8,139.2,892.2,18.2,117.0,11.7,376.0
Vasant Kunj,28.52,77.1577,2026-08-29 17:00:00,33.0,61,0.0,7.4,113.2,655.7,21.6,98.0,9.4,518.0
Vasant Kunj,28.52,77.1577,2026-08-29 18:00:00,32.0,69,0.0,2.9,103.4,444.2,42.2,71.0,13.7,787.0
Vasant Kunj,28.52,77.1577,2026-08-29 19:00:00,31.1,73,0.0,1.8,109.4,402.3,70.0,33.0,19.5,1104.0
Vasant Kunj,28.52,77.1577,2026-08-29 20:00:00,30.2,76,0.0,5.2,109.7,330.6,87.0,7.0,23.2,1256.0
Vasant Kunj,28.52,77.1577,2026-08-29 21:00:00,29.9,75,0.0,5.8,99.2,245.9,83.4,2.0,23.2,1095.0
Vasant Kunj,28.52,77.1577,2026-08-29 22:00:00,29.4,75,0.0,5.1,88.5,196.5,69.0,9.0,21.1,768.0
Vasant Kunj,28.52,77.1577,2026-08-29 23:00:00,29.5,74,0.0,7.6,85.9,266.4,55.0,17.0,18.5,499.0
Vasant Kunj,28.52,77.1577,2026-08-30 00:00:00,28.9,78,0.0,6.7,113.2,599.8,44.5,24.0,15.5,374.0
Vasant Kunj,28.52,77.1577,2026-08-30 01:00:00,28.7,78,0.0,7.8,146.7,920.1,34.3,33.0,12.1,306.0
Vasant Kunj,28.52,77.1577,2026-08-30 02:00:00,28.3,78,0.0,8.4,172.8,1132.5,26.4,39.0,9.5,260.0
Vasant Kunj,28.52,77.1577,2026-08-30 03:00:00,28.0,76,0.0,9.7,182.5,1180.9,21.8,40.0,8.4,225.0
Vasant Kunj,28.52,77.1577,2026-08-30 04:00:00,27.5,76,0.0,9.7,177.4,1099.0,19.5,39.0,8.3,212.0
Vasant Kunj,28.52,77.1577,2026-08-30 05:00:00,27.9,75,0.0,11.9,247.7,1713.6,11.8,55.0,7.5,217.0
Vasant Kunj,28.52,77.1577,2026-08-30 06:00:00,27.6,76,0.0,11.2,238.4,1598.1,12.1,58.0,8.3,252.0
Vasant Kunj,28.52,77.1577,2026-08-30 07:00:00,28.3,75,0.0,10.4,248.7,1668.9,12.3,62.0,9.5,305.0
Vasant Kunj,28.52,77.1577,2026-08-30 08:00:00,29.1,72,0.0,11.3,207.2,1397.0,11.8,72.0,10.5,331.0
Vasant Kunj,28.52,77.1577,2026-08-30 09:00:00,29.7,71,0.0,10.4,211.9,1519.9,9.6,92.0,11.1,303.0
Vasant Kunj,28.52,77.1577,2026-08-30 10:00:00,31.2,67,0.0,10.5,211.4,1519.9,6.6,116.0,11.5,248.0
Vasant Kunj,28.52,77.1577,2026-08-30 11:00:00,32.3,62,0.0,10.4,196.5,1385.8,4.4,135.0,11.7,206.0
Vasant Kunj,28.52,77.1577,2026-08-30 12:00:00,32.6,60,0.0,9.6,158.3,1065.4,3.3,143.0,11.6,188.0
Vasant Kunj,28.52,77.1577,2026-08-30 13:00:00,32.3,61,0.0,7.8,120.1,733.9,2.9,145.0,11.4,182.0
Vasant Kunj,28.52,77.1577,2026-08-30 14:00:00,32.3,61,0.0,6.2,90.6,462.9,3.9,142.0,11.1,197.0
Vasant Kunj,28.52,77.1577,2026-08-30 15:00:00,33.1,56,0.0,5.5,73.8,330.6,5.8,133.0,10.5,239.0
Vasant Kunj,28.52,77.1577,2026-08-30 16:00:00,32.8,57,0.0,6.8,62.4,239.3,9.0,118.0,9.8,301.0
Vasant Kunj,28.52,77.1577,2026-08-30 17:00:00,32.6,62,0.0,7.5,62.4,216.1,16.2,96.0,10.2,370.0
Vasant Kunj,28.52,77.1577,2026-08-30 18:00:00,31.1,71,0.0,5.0,68.9,170.4,31.8,72.0,13.9,465.0
Vasant Kunj,28.52,77.1577,2026-08-30 19:00:00,30.5,72,0.0,5.8,77.5,166.7,53.0,40.0,19.0,567.0
Vasant Kunj,28.52,77.1577,2026-08-30 20:00:00,30.2,72,0.0,6.2,78.9,146.2,66.1,17.0,22.2,611.0
Vasant Kunj,28.52,77.1577,2026-08-30 21:00:00,29.7,74,0.0,6.7,70.1,114.3,64.1,13.0,21.8,547.0
Vasant Kunj,28.52,77.1577,2026-08-30 22:00:00,29.2,75,0.0,6.3,59.8,88.0,54.0,18.0,19.5,425.0
Vasant Kunj,28.52,77.1577,2026-08-30 23:00:00,29.3,77,0.0,7.8,51.2,72.9,44.0,24.0,17.1,324.0
Vasant Kunj,28.52,77.1577,2026-08-31 00:00:00,28.8,78,0.0,7.6,43.9,73.3,36.0,30.0,14.8,275.0
Vasant Kunj,28.52,77.1577,2026-08-31 01:00:00,28.6,76,0.0,8.7,40.6,89.2,28.1,36.0,12.4,248.0
Vasant Kunj,28.52,77.1577,2026-08-31 02:00:00,28.3,73,0.0,9.9,41.4,124.3,21.9,41.0,10.5,227.0
Vasant Kunj,28.52,77.1577,2026-08-31 03:00:00,27.8,72,0.0,10.3,56.1,240.3,18.3,42.0,9.5,202.0
Vasant Kunj,28.52,77.1577,2026-08-31 04:00:00,27.3,74,0.0,10.5,71.5,329.7,16.4,41.0,9.1,183.0
Vasant Kunj,28.52,77.1577,2026-08-31 05:00:00,27.6,73,0.0,14.0,172.3,1177.2,11.3,49.0,7.6,188.0
Vasant Kunj,28.52,77.1577,2026-08-31 06:00:00,27.2,73,0.0,13.1,136.9,746.9,12.9,48.0,8.8,240.0
Vasant Kunj,28.52,77.1577,2026-08-31 07:00:00,27.7,72,0.0,12.3,113.4,542.0,15.1,49.0,10.4,315.0
Vasant Kunj,28.52,77.1577,2026-08-31 08:00:00,28.7,69,0.0,13.0,103.6,504.8,15.7,57.0,11.8,357.0
Vasant Kunj,28.52,77.1577,2026-08-31 09:00:00,29.3,68,0.0,12.6,145.3,957.4,13.3,81.0,12.7,332.0
Vasant Kunj,28.52,77.1577,2026-08-31 10:00:00,31.1,62,0.0,12.0,170.4,1154.8,9.5,113.0,13.4,274.0
Vasant Kunj,28.52,77.1577,2026-08-31 11:00:00,32.4,57,0.0,13.3,172.3,1136.2,6.5,138.0,13.8,229.0
Vasant Kunj,28.52,77.1577,2026-08-31 12:00:00,33.0,54,0.1,10.9,152.7,938.8,4.9,151.0,13.9,208.0
Vasant Kunj,28.52,77.1577,2026-08-31 13:00:00,33.5,52,0.2,8.9,125.7,707.8,4.3,157.0,13.7,199.0
Vasant Kunj,28.52,77.1577,2026-08-31 14:00:00,33.4,52,0.2,8.6,100.6,502.9,5.4,155.0,13.3,215.0
Vasant Kunj,28.52,77.1577,2026-08-31 15:00:00,33.3,52,0.1,9.1,87.5,411.6,7.7,145.0,12.3,231.0
Vasant Kunj,28.52,77.1577,2026-08-31 16:00:00,33.1,52,0.0,10.3,75.9,304.5,11.8,127.0,11.1,272.0
Vasant Kunj,28.52,77.1577,2026-08-31 17:00:00,32.5,59,0.0,8.5,64.3,253.3,16.4,98.0,9.1,424.0
Vasant Kunj,28.52,77.1577,2026-08-31 18:00:00,31.3,66,0.0,5.8,72.6,237.0,38.8,70.0,13.5,785.0
Vasant Kunj,28.52,77.1577,2026-08-31 19:00:00,30.6,72,0.0,3.3,83.8,225.8,69.5,31.0,19.5,1257.0
Vasant Kunj,28.52,77.1577,2026-08-31 20:00:00,30.5,74,0.0,1.0,96.2,228.6,90.6,3.0,24.7,1634.0
Vasant Kunj,28.52,77.1577,2026-08-31 21:00:00,30.3,74,0.0,0.4,106.9,225.4,93.7,0.0,28.4,1886.0
Vasant Kunj,28.52,77.1577,2026-08-31 22:00:00,29.7,77,0.0,2.4,110.4,209.1,87.2,0.0,31.1,2042.0
Vasant Kunj,28.52,77.1577,2026-08-31 23:00:00,29.6,77,0.0,6.9,105.5,189.1,79.1,0.0,31.9,1987.0
Vasant Kunj,28.52,77.1577,2026-09-01 00:00:00,28.8,80,0.0,5.5,91.5,156.9,70.9,3.0,29.6,1557.0
Vasant Kunj,28.52,77.1577,2026-09-01 01:00:00,28.5,80,0.0,6.0,74.7,126.2,61.0,8.0,25.4,916.0
Vasant Kunj,28.52,77.1577,2026-09-01 02:00:00,28.0,79,0.0,6.1,61.7,105.2,52.7,12.0,22.1,431.0
Vasant Kunj,28.52,77.1577,2026-09-01 03:00:00,27.6,77,0.0,8.1,52.0,91.0,47.5,14.0,21.0,269.0
Vasant Kunj,28.52,77.1577,2026-09-01 04:00:00,27.4,76,0.0,7.6,46.1,95.2,43.8,15.0,20.8,264.0
Vasant Kunj,28.52,77.1577,2026-09-01 05:00:00,27.8,74,0.0,11.6,75.2,358.6,14.8,45.0,8.6,287.0
Vasant Kunj,28.52,77.1577,2026-09-01 06:00:00,27.4,76,0.0,10.1,78.0,352.0,15.9,45.0,9.7,316.0
Vasant Kunj,28.52,77.1577,2026-09-01 07:00:00,28.1,75,0.0,9.5,81.0,353.9,17.2,47.0,11.4,373.0
Vasant Kunj,28.52,77.1577,2026-09-01 08:00:00,29.2,70,0.0,11.1,130.4,873.6,17.1,57.0,12.7,401.0
Vasant Kunj,28.52,77.1577,2026-09-01 09:00:00,30.4,67,0.0,10.7,148.1,1039.4,14.2,83.0,13.6,364.0
Vasant Kunj,28.52,77.1577,2026-09-01 10:00:00,31.6,62,0.0,9.7,149.0,1028.2,9.9,117.0,14.2,299.0
Vasant Kunj,28.52,77.1577,2026-09-01 11:00:00,32.1,58,0.1,9.4,120.6,780.4,6.6,144.0,14.5,250.0
Vasant Kunj,28.52,77.1577,2026-09-01 12:00:00,32.9,55,0.0,5.2,79.6,405.1,5.1,159.0,14.4,229.0
Vasant Kunj,28.52,77.1577,2026-09-01 13:00:00,33.9,51,0.1,2.5,68.0,311.1,4.6,166.0,14.0,224.0
Vasant Kunj,28.52,77.1577,2026-09-01 14:00:00,32.8,55,0.1,4.2,63.6,272.9,5.6,167.0,13.7,256.0
Vasant Kunj,28.52,77.1577,2026-09-01 15:00:00,30.7,67,1.2,10.7,62.6,261.7,8.6,158.0,13.3,334.0
Vasant Kunj,28.52,77.1577,2026-09-01 16:00:00,31.5,64,0.1,3.6,57.6,217.5,13.1,143.0,13.0,447.0
Vasant Kunj,28.52,77.1577,2026-09-01 17:00:00,31.2,69,1.1,3.4,65.0,184.9,20.2,175.0,23.4,582.0
Vasant Kunj,28.52,77.1577,2026-09-01 18:00:00,30.9,69,0.0,4.9,71.0,173.7,29.4,147.0,24.7,765.0
Vasant Kunj,28.52,77.1577,2026-09-01 19:00:00,30.0,75,0.0,4.0,76.4,154.6,41.9,109.0,26.6,969.0
Vasant Kunj,28.52,77.1577,2026-09-01 20:00:00,29.3,79,0.0,5.3,74.7,136.9,49.9,79.0,27.9,1099.0
Vasant Kunj,28.52,77.1577,2026-09-01 21:00:00,29.0,80,0.0,4.1,68.9,117.8,49.1,68.0,28.5,1106.0
Vasant Kunj,28.52,77.1577,2026-09-01 22:00:00,28.6,84,0.0,2.9,64.3,101.5,43.8,65.0,28.7,1040.0
Vasant Kunj,28.52,77.1577,2026-09-01 23:00:00,26.1,98,0.0,4.6,60.5,89.9,39.1,62.0,28.1,954.0
Vasant Kunj,28.52,77.1577,2026-09-02 00:00:00,26.6,92,0.0,6.2,57.7,81.7,36.2,56.0,26.3,851.0
Vasant Kunj,28.52,77.1577,2026-09-02 01:00:00,25.9,93,0.0,6.4,56.5,75.9,34.0,49.0,23.8,729.0
Vasant Kunj,28.52,77.1577,2026-09-02 02:00:00,25.7,92,0.0,3.3,56.0,71.9,33.3,42.0,22.1,632.0
Vasant Kunj,28.52,77.1577,2026-09-02 03:00:00,25.7,93,0.0,2.2,56.3,70.3,36.0,30.0,21.4,569.0
Vasant Kunj,28.52,77.1577,2026-09-02 04:00:00,25.6,93,0.0,2.4,57.6,70.5,40.4,18.0,21.6,532.0
Vasant Kunj,28.52,77.1577,2026-09-02 05:00:00,25.4,93,0.1,5.1,55.9,85.4,37.3,43.0,29.2,540.0
Vasant Kunj,28.52,77.1577,2026-09-02 06:00:00,25.9,92,0.2,4.7,56.6,81.7,38.3,52.0,35.4,637.0
Vasant Kunj,28.52,77.1577,2026-09-02 07:00:00,26.3,87,0.0,4.6,52.2,93.4,39.4,66.0,43.8,779.0
Vasant Kunj,28.52,77.1577,2026-09-02 08:00:00,27.9,79,0.0,3.6,54.8,113.6,37.6,88.0,48.8,855.0
Vasant Kunj,28.52,77.1577,2026-09-02 09:00:00,29.5,71,0.0,3.1,57.6,133.2,30.4,125.0,47.4,803.0
Vasant Kunj,28.52,77.1577,2026-09-02 10:00:00,31.2,65,0.0,2.3,59.4,141.1,20.3,169.0,42.5,686.0
Vasant Kunj,28.52,77.1577,2026-09-02 11:00:00,31.1,68,0.3,4.4,58.7,139.7,12.6,203.0,37.9,577.0
Vasant Kunj,28.52,77.1577,2026-09-02 12:00:00,25.8,94,12.7,9.2,57.5,138.3,8.9,219.0,34.6,490.0
Vasant Kunj,28.52,77.1577,2026-09-02 13:00:00,26.4,96,2.5,6.9,54.8,133.2,7.5,224.0,31.6,412.0
Vasant Kunj,28.52,77.1577,2026-09-02 14:00:00,28.6,84,0.6,4.9,61.9,150.9,8.7,219.0,29.0,378.0
Vasant Kunj,28.52,77.1577,2026-09-02 15:00:00,28.7,80,0.0,6.7,51.3,112.2,12.9,200.0,26.4,406.0
Vasant Kunj,28.52,77.1577,2026-09-02 16:00:00,29.1,77,0.0,5.2,44.5,87.1,19.6,169.0,24.3,479.0
Vasant Kunj,28.52,77.1577,2026-09-02 17:00:00,30.3,67,0.0,9.7,44.7,97.1,26.6,127.0,24.2,577.0
Vasant Kunj,28.52,77.1577,2026-09-02 18:00:00,28.8,74,0.1,9.2,45.9,92.9,39.3,103.0,28.5,730.0
Vasant Kunj,28.52,77.1577,2026-09-02 19:00:00,28.2,78,0.0,6.5,54.9,90.6,56.6,69.0,34.3,908.0
Vasant Kunj,28.52,77.1577,2026-09-02 20:00:00,27.6,82,0.0,6.9,56.9,84.8,68.1,43.0,38.0,1007.0
Vasant Kunj,28.52,77.1577,2026-09-02 21:00:00,27.1,86,0.0,6.1,56.9,78.0,68.8,32.0,38.0,955.0
Vasant Kunj,28.52,77.1577,2026-09-02 22:00:00,26.6,90,0.0,5.1,55.1,69.6,63.6,29.0,35.9,823.0
Vasant Kunj,28.52,77.1577,2026-09-02 23:00:00,27.0,92,0.0,5.4,48.2,56.8,57.2,29.0,33.4,718.0
Vasant Kunj,28.52,77.1577,2026-09-03 00:00:00,26.4,94,0.0,6.9,43.5,48.3,49.9,32.0,30.6,682.0
Vasant Kunj,28.52,77.1577,2026-09-03 01:00:00,26.0,93,0.1,8.2,38.2,40.2,41.3,38.0,27.4,672.0
Vasant Kunj,28.52,77.1577,2026-09-03 02:00:00,25.5,94,0.1,4.8,33.2,34.0,34.5,43.0,24.7,667.0
Vasant Kunj,28.52,77.1577,2026-09-03 03:00:00,25.3,95,0.1,4.7,29.5,29.8,30.9,44.0,23.0,661.0
Vasant Kunj,28.52,77.1577,2026-09-03 04:00:00,25.2,96,0.1,5.0,27.9,27.9,29.2,44.0,22.0,661.0
Vasant Kunj,28.52,77.1577,2026-09-03 05:00:00,25.5,99,0.0,3.4,10.3,10.3,18.9,66.0,17.2,663.0
Vasant Kunj,28.52,77.1577,2026-09-03 06:00:00,25.5,98,0.2,4.0,10.0,10.0,20.2,66.0,18.5,677.0
Vasant Kunj,28.52,77.1577,2026-09-03 07:00:00,26.2,97,0.1,4.3,10.0,10.0,21.9,68.0,20.3,694.0
Vasant Kunj,28.52,77.1577,2026-09-03 08:00:00,27.5,88,0.0,6.4,10.9,10.9,22.1,74.0,21.7,680.0
Vasant Kunj,28.52,77.1577,2026-09-03 09:00:00,28.9,84,0.1,6.9,12.8,12.9,19.6,89.0,22.5,608.0
Vasant Kunj,28.52,77.1577,2026-09-03 10:00:00,29.9,78,0.1,7.0,15.7,20.4,15.7,110.0,23.0,505.0
Vasant Kunj,28.52,77.1577,2026-09-03 11:00:00,30.8,72,0.1,6.9,17.2,24.6,12.6,125.0,22.8,419.0
Vasant Kunj,28.52,77.1577,2026-09-03 12:00:00,31.3,70,0.6,8.3,17.5,21.5,10.9,131.0,21.3,357.0
Vasant Kunj,28.52,77.1577,2026-09-03 13:00:00,30.2,71,0.7,9.4,18.9,21.5,9.9,132.0,19.3,313.0
Vasant Kunj,28.52,77.1577,2026-09-03 14:00:00,30.8,69,0.6,6.5,19.0,20.7,10.2,132.0,18.3,316.0
Vasant Kunj,28.52,77.1577,2026-09-03 15:00:00,31.2,65,0.1,4.8,20.4,23.9,10.3,138.0,19.0,400.0
Vasant Kunj,28.52,77.1577,2026-09-03 16:00:00,31.2,64,0.0,5.2,21.9,24.2,11.6,143.0,20.8,530.0
Vasant Kunj,28.52,77.1577,2026-09-03 17:00:00,28.1,86,0.1,7.6,26.8,27.2,33.9,85.0,26.9,635.0
Vasant Kunj,28.52,77.1577,2026-09-03 18:00:00,27.1,93,0.3,5.3,30.7,31.1,47.9,66.0,29.9,667.0
Vasant Kunj,28.52,77.1577,2026-09-03 19:00:00,26.8,95,0.1,3.4,40.5,40.9,67.4,39.0,34.0,673.0
Vasant Kunj,28.52,77.1577,2026-09-03 20:00:00,26.7,96,0.0,5.9,52.2,52.6,82.7,18.0,37.3,724.0
Vasant Kunj,28.52,77.1577,2026-09-03 21:00:00,26.7,93,0.0,4.9,67.5,68.0,90.8,8.0,39.1,880.0
Vasant Kunj,28.52,77.1577,2026-09-03 22:00:00,26.6,93,0.0,3.9,71.7,72.2,94.8,3.0,40.1,1080.0
Vasant Kunj,28.52,77.1577,2026-09-03 23:00:00,27.9,92,0.0,2.7,70.3,71.0,94.7,2.0,39.9,1211.0
Vasant Kunj,28.52,77.1577,2026-09-04 00:00:00,26.8,97,0.4,2.3,68.0,68.5,89.2,4.0,37.8,1216.0
Vasant Kunj,28.52,77.1577,2026-09-04 01:00:00,26.5,99,0.0,0.6,65.2,65.7,79.7,8.0,34.6,1152.0
Vasant Kunj,28.52,77.1577,2026-09-04 02:00:00,26.6,98,0.0,3.9,61.7,62.2,70.1,13.0,31.8,1080.0
Vasant Kunj,28.52,77.1577,2026-09-04 03:00:00,26.5,97,0.1,5.8,57.5,58.0,61.4,15.0,30.0,1024.0
Vasant Kunj,28.52,77.1577,2026-09-04 04:00:00,26.2,97,0.0,5.7,52.9,53.2,52.8,17.0,28.6,959.0
Vasant Kunj,28.52,77.1577,2026-09-04 05:00:00,26.7,98,0.0,8.1,53.1,53.4,54.3,20.0,29.9,880.0
Vasant Kunj,28.52,77.1577,2026-09-04 06:00:00,25.4,98,1.0,9.9,49.4,49.7,55.8,17.0,30.9,771.0
Vasant Kunj,28.52,77.1577,2026-09-04 07:00:00,25.3,97,0.9,9.8,51.3,51.6,57.5,13.0,32.2,646.0
Vasant Kunj,28.52,77.1577,2026-09-04 08:00:00,26.4,92,0.3,8.8,55.1,55.3,55.9,20.0,33.0,543.0
Vasant Kunj,28.52,77.1577,2026-09-04 09:00:00,28.2,83,0.1,8.8,45.4,45.8,47.8,47.0,32.8,473.0
Vasant Kunj,28.52,77.1577,2026-09-04 10:00:00,29.3,80,0.0,7.8,40.4,40.6,36.3,84.0,32.1,425.0
Vasant Kunj,28.52,77.1577,2026-09-04 11:00:00,28.4,86,0.1,9.5,34.7,34.9,27.8,112.0,31.9,400.0
Vasant Kunj,28.52,77.1577,2026-09-04 12:00:00,28.5,86,2.2,3.7,33.8,34.2,24.5,124.0,32.2,393.0
Vasant Kunj,28.52,77.1577,2026-09-04 13:00:00,29.6,80,0.4,5.0,34.2,34.7,24.2,126.0,32.9,409.0
Vasant Kunj,28.52,77.1577,2026-09-04 14:00:00,28.9,84,0.4,7.8,35.0,35.5,26.1,125.0,34.6,464.0
Vasant Kunj,28.52,77.1577,2026-09-04 15:00:00,29.1,80,0.1,5.6,35.4,35.9,29.4,122.0,37.8,591.0
Vasant Kunj,28.52,77.1577,2026-09-04 16:00:00,29.2,79,0.0,6.4,36.7,37.1,34.8,115.0,42.0,757.0
Vasant Kunj,28.52,77.1577,2026-09-04 17:00:00,28.2,81,0.0,5.9,79.2,269.2,35.1,98.0,30.9,885.0
Vasant Kunj,28.52,77.1577,2026-09-04 18:00:00,27.6,87,0.1,3.7,74.3,176.0,44.4,79.0,31.5,945.0
Vasant Kunj,28.52,77.1577,2026-09-04 19:00:00,27.2,89,0.3,6.4,65.2,101.5,57.0,54.0,32.2,967.0
Vasant Kunj,28.52,77.1577,2026-09-04 20:00:00,26.8,91,0.3,8.0,61.0,76.4,63.9,36.0,31.8,959.0
Vasant Kunj,28.52,77.1577,2026-09-04 21:00:00,26.5,95,0.6,7.1,56.2,62.4,60.4,33.0,29.6,913.0
Vasant Kunj,28.52,77.1577,2026-09-04 22:00:00,25.8,97,3.2,6.3,48.1,49.9,51.4,37.0,26.4,836.0
Vasant Kunj,28.52,77.1577,2026-09-04 23:00:00,26.4,95,4.1,8.3,41.4,42.0,42.3,43.0,23.2,763.0
Vasant Kunj,28.52,77.1577,2026-09-05 00:00:00,26.1,97,0.8,7.6,31.8,31.9,34.4,50.0,20.3,704.0
Vasant Kunj,28.52,77.1577,2026-09-05 01:00:00,26.1,98,0.5,7.2,24.9,25.0,26.5,60.0,17.6,647.0
Vasant Kunj,28.52,77.1577,2026-09-05 02:00:00,25.5,93,2.7,11.1,19.4,19.6,20.6,66.0,15.5,593.0
Vasant Kunj,28.52,77.1577,2026-09-05 03:00:00,25.4,97,2.6,8.2,14.2,14.3,17.6,67.0,14.4,529.0
Vasant Kunj,28.52,77.1577,2026-09-05 04:00:00,25.3,98,1.9,7.2,11.6,11.7,16.7,66.0,14.0,469.0
Vasant Kunj,28.52,77.1577,2026-09-05 05:00:00,25.4,98,1.1,11.8,13.4,13.5,19.2,61.0,15.7,446.0
Vasant Kunj,28.52,77.1577,2026-09-05 06:00:00,25.0,97,2.6,8.8,15.8,15.9,23.4,58.0,16.5,499.0
Vasant Kunj,28.52,77.1577,2026-09-05 07:00:00,25.2,96,1.6,5.1,19.5,19.6,29.0,54.0,17.6,590.0
Vasant Kunj,28.52,77.1577,2026-09-05 08:00:00,25.2,96,2.3,7.5,20.5,20.7,32.3,54.0,19.0,645.0
Vasant Kunj,28.52,77.1577,2026-09-05 09:00:00,25.8,95,0.7,1.9,18.7,18.9,31.2,61.0,20.7,615.0
Vasant Kunj,28.52,77.1577,2026-09-05 10:00:00,27.0,92,0.6,5.0,16.9,17.1,27.8,72.0,22.7,550.0
Vasant Kunj,28.52,77.1577,2026-09-05 11:00:00,27.9,86,0.5,6.4,17.3,17.5,24.8,86.0,24.6,522.0
Vasant Kunj,28.52,77.1577,2026-09-05 12:00:00,27.2,89,0.9,9.4,19.4,19.6,22.5,106.0,26.4,576.0
Vasant Kunj,28.52,77.1577,2026-09-05 13:00:00,25.9,93,4.6,6.6,22.3,22.6,20.7,128.0,28.2,668.0
Vasant Kunj,28.52,77.1577,2026-09-05 14:00:00,26.1,96,1.3,6.7,24.7,25.0,21.3,141.0,30.1,737.0
Vasant Kunj,28.52,77.1577,2026-09-05 15:00:00,26.6,93,0.5,8.9,28.2,28.6,24.6,141.0,31.9,706.0
Vasant Kunj,28.52,77.1577,2026-09-05 16:00:00,26.9,92,0.3,6.6,33.6,34.0,30.5,132.0,33.8,653.0
Vasant Kunj,28.52,77.1577,2026-09-05 17:00:00,26.8,94,0.2,6.0,40.2,41.9,35.9,102.0,32.7,750.0
Vasant Kunj,28.52,77.1577,2026-09-05 18:00:00,26.6,93,0.0,7.1,47.7,48.9,47.4,79.0,33.3,1145.0
Vasant Kunj,28.52,77.1577,2026-09-05 19:00:00,26.5,93,0.0,6.4,53.8,54.7,62.9,46.0,34.1,1690.0
Vasant Kunj,28.52,77.1577,2026-09-05 20:00:00,26.6,93,0.0,6.2,56.8,57.6,72.6,23.0,34.1,2116.0
Vasant Kunj,28.52,77.1577,2026-09-05 21:00:00,26.5,93,0.0,5.9,55.5,56.2,71.2,17.0,32.7,2351.0
Vasant Kunj,28.52,77.1577,2026-09-05 22:00:00,26.3,92,0.0,4.6,55.8,56.3,63.9,20.0,30.5,2468.0
Vasant Kunj,28.52,77.1577,2026-09-05 23:00:00,26.4,92,0.0,4.0,56.1,56.6,57.0,23.0,28.5,2415.0
Vasant Kunj,28.52,77.1577,2026-09-06 00:00:00,26.0,93,0.0,5.1,54.7,55.2,52.4,23.0,26.8,2099.0
Vasant Kunj,28.52,77.1577,2026-09-06 01:00:00,25.9,91,0.0,5.4,52.7,53.2,48.2,23.0,25.2,1614.0
Vasant Kunj,28.52,77.1577,2026-09-06 02:00:00,25.6,92,0.0,5.8,53.2,53.6,44.4,24.0,24.0,1188.0
Vasant Kunj,28.52,77.1577,2026-09-06 03:00:00,25.3,94,0.0,7.8,52.7,53.1,41.5,24.0,23.5,895.0
Vasant Kunj,28.52,77.1577,2026-09-06 04:00:00,25.0,95,0.0,7.8,51.2,51.6,39.1,25.0,23.5,662.0
Vasant Kunj,28.52,77.1577,2026-09-06 05:00:00,24.7,99,0.0,5.5,44.6,44.9,35.4,34.0,25.5,501.0
Vasant Kunj,28.52,77.1577,2026-09-06 06:00:00,24.0,99,2.9,3.9,46.6,46.8,33.6,42.0,27.5,437.0
Vasant Kunj,28.52,77.1577,2026-09-06 07:00:00,24.0,98,3.1,9.6,41.7,41.9,31.0,54.0,30.3,446.0
Vasant Kunj,28.52,77.1577,2026-09-06 08:00:00,24.7,95,0.8,8.3,33.4,33.6,27.7,73.0,32.9,466.0
Vasant Kunj,28.52,77.1577,2026-09-06 09:00:00,25.0,95,0.7,6.2,27.8,28.1,23.0,105.0,35.4,489.0
Vasant Kunj,28.52,77.1577,2026-09-06 10:00:00,26.2,91,0.9,3.9,27.6,27.8,17.6,145.0,37.7,523.0
Vasant Kunj,28.52,77.1577,2026-09-06 11:00:00,25.4,94,0.8,12.5,29.7,29.9,13.5,176.0,39.0,534.0
Vasant Kunj,28.52,77.1577,2026-09-06 12:00:00,25.6,96,4.5,13.2,30.7,30.9,11.2,193.0,38.6,492.0
Vasant Kunj,28.52,77.1577,2026-09-06 13:00:00,25.5,95,1.5,13.2,32.0,32.1,10.1,202.0,37.1,426.0
Vasant Kunj,28.52,77.1577,2026-09-06 14:00:00,25.7,92,0.7,10.7,34.7,34.8,10.5,204.0,36.4,397.0
Vasant Kunj,28.52,77.1577,2026-09-06 15:00:00,25.6,91,0.4,9.1,33.4,33.9,11.1,202.0,36.7,398.0
Vasant Kunj,28.52,77.1577,2026-09-06 16:00:00,25.8,87,0.0,5.6,33.5,33.9,13.3,193.0,37.6,436.0
Vasant Kunj,28.52,77.1577,2026-09-06 17:00:00,27.1,86,0.0,7.9,21.3,21.4,19.8,102.0,23.7,584.0
Vasant Kunj,28.52,77.1577,2026-09-06 18:00:00,26.4,90,0.0,4.9,26.3,26.8,35.2,79.0,27.9,960.0
Vasant Kunj,28.52,77.1577,2026-09-06 19:00:00,25.7,93,0.0,1.7,37.6,37.8,56.7,48.0,33.8,1447.0
Vasant Kunj,28.52,77.1577,2026-09-06 20:00:00,25.4,95,0.0,2.4,55.6,55.8,74.0,23.0,39.0,1768.0
Vasant Kunj,28.52,77.1577,2026-09-06 21:00:00,25.4,94,0.0,0.7,67.5,67.5,83.0,11.0,42.8,1767.0
Vasant Kunj,28.52,77.1577,2026-09-06 22:00:00,25.0,96,0.0,1.4,72.9,72.9,87.8,5.0,46.0,1601.0
Vasant Kunj,28.52,77.1577,2026-09-06 23:00:00,25.2,97,0.0,0.4,81.7,81.7,90.9,2.0,48.2,1465.0
Vasant Kunj,28.52,77.1577,2026-09-07 00:00:00,24.6,98,0.0,0.6,87.1,87.3,92.4,0.0,49.0,1436.0
Vasant Kunj,28.52,77.1577,2026-09-07 01:00:00,24.4,99,0.0,0.6,88.9,89.6,92.2,1.0,48.8,1436.0
Vasant Kunj,28.52,77.1577,2026-09-07 02:00:00,24.2,99,0.0,4.3,89.4,90.3,91.7,2.0,49.0,1436.0
Vasant Kunj,28.52,77.1577,2026-09-07 03:00:00,23.8,100,0.0,3.6,87.8,88.9,92.8,0.0,50.3,1435.0
Vasant Kunj,28.52,77.1577,2026-09-07 04:00:00,23.7,99,0.0,6.7,86.1,87.1,93.6,0.0,51.9,1432.0
Vasant Kunj,28.52,77.1577,2026-09-07 05:00:00,24.6,99,0.0,5.9,72.9,72.9,77.6,5.0,62.5,1394.0
Vasant Kunj,28.52,77.1577,2026-09-07 06:00:00,24.4,100,0.0,6.4,76.8,77.1,70.0,18.0,61.7,1302.0
Vasant Kunj,28.52,77.1577,2026-09-07 07:00:00,25.6,97,0.0,5.8,68.0,68.5,59.2,38.0,60.5,1175.0
Vasant Kunj,28.52,77.1577,2026-09-07 08:00:00,27.5,88,0.0,4.8,52.7,54.8,48.1,68.0,58.8,1035.0
Vasant Kunj,28.52,77.1577,2026-09-07 09:00:00,29.0,78,0.0,5.8,41.6,50.4,36.8,115.0,56.5,876.0
Vasant Kunj,28.52,77.1577,2026-09-07 10:00:00,30.3,71,0.0,4.6,45.9,59.4,25.2,172.0,53.6,704.0
Vasant Kunj,28.52,77.1577,2026-09-07 11:00:00,31.4,62,0.0,4.6,56.5,124.8,16.3,218.0,50.1,564.0
Vasant Kunj,28.52,77.1577,2026-09-07 12:00:00,31.8,60,0.1,5.3,66.4,127.1,10.7,248.0,45.4,460.0
Vasant Kunj,28.52,77.1577,2026-09-07 13:00:00,32.2,58,0.1,4.2,69.2,113.4,7.8,267.0,40.0,387.0
Vasant Kunj,28.52,77.1577,2026-09-07 14:00:00,32.0,57,0.1,8.1,66.8,101.5,8.0,271.0,35.5,381.0
Vasant Kunj,28.52,77.1577,2026-09-07 15:00:00,30.6,64,1.2,7.0,63.6,92.4,10.1,255.0,31.5,430.0
Vasant Kunj,28.52,77.1577,2026-09-07 16:00:00,30.9,62,0.0,5.8,59.0,84.1,15.3,223.0,28.4,544.0
Vasant Kunj,28.52,77.1577,2026-09-07 17:00:00,31.2,64,0.0,6.2,72.9,92.9,31.2,197.0,33.4,792.0
Vasant Kunj,28.52,77.1577,2026-09-07 18:00:00,29.6,73,0.0,3.8,87.8,104.3,55.5,153.0,38.3,1330.0
Vasant Kunj,28.52,77.1577,2026-09-07 19:00:00,29.6,71,0.0,0.9,105.0,119.2,88.4,93.0,45.1,2001.0
Vasant Kunj,28.52,77.1577,2026-09-07 20:00:00,28.9,74,0.0,1.9,115.7,126.7,109.2,49.0,49.7,2400.0
Vasant Kunj,28.52,77.1577,2026-09-07 21:00:00,28.0,77,0.0,5.0,118.5,126.7,106.8,38.0,50.4,2290.0
Vasant Kunj,28.52,77.1577,2026-09-07 22:00:00,27.2,80,0.0,4.2,119.0,126.7,92.2,44.0,49.0,1909.0
Vasant Kunj,28.52,77.1577,2026-09-07 23:00:00,27.0,82,0.0,4.0,104.1,114.6,77.9,49.0,46.6,1565.0
Vasant Kunj,28.52,77.1577,2026-09-08 00:00:00,26.2,84,0.0,5.1,97.6,108.7,67.5,48.0,43.2,1377.0
Vasant Kunj,28.52,77.1577,2026-09-08 01:00:00,25.9,84,0.0,6.7,98.5,109.9,57.3,46.0,38.7,1227.0
Vasant Kunj,28.52,77.1577,2026-09-08 02:00:00,25.5,84,0.0,7.2,96.4,107.8,48.6,46.0,34.6,1067.0
Vasant Kunj,28.52,77.1577,2026-09-08 03:00:00,25.2,86,0.0,6.5,88.2,100.8,41.8,48.0,31.3,847.0
Vasant Kunj,28.52,77.1577,2026-09-08 04:00:00,24.9,88,0.0,7.2,78.0,92.7,36.3,51.0,28.3,617.0
Vasant Kunj,28.52,77.1577,2026-09-08 05:00:00,25.5,80,0.0,5.7,135.5,147.1,85.7,12.0,47.6,481.0
Vasant Kunj,28.52,77.1577,2026-09-08 06:00:00,25.0,84,0.0,8.4,112.5,125.3,72.1,34.0,43.2,535.0
Vasant Kunj,28.52,77.1577,2026-09-08 07:00:00,26.1,83,0.0,9.4,95.5,108.0,52.9,66.0,37.0,684.0
Vasant Kunj,28.52,77.1577,2026-09-08 08:00:00,27.7,76,0.0,8.5,66.6,87.1,36.0,97.0,31.1,746.0
Vasant Kunj,28.52,77.1577,2026-09-08 09:00:00,28.7,70,0.0,11.2,47.7,75.9,23.7,129.0,25.8,615.0
Vasant Kunj,28.52,77.1577,2026-09-08 10:00:00,29.1,69,0.0,12.8,73.1,358.6,13.7,161.0,20.9,397.0
Vasant Kunj,28.52,77.1577,2026-09-08 11:00:00,31.5,63,0.0,10.5,57.4,215.1,6.8,182.0,17.0,236.0
Vasant Kunj,28.52,77.1577,2026-09-08 12:00:00,31.2,62,1.4,14.3,48.8,152.3,3.5,187.0,14.7,183.0
Vasant Kunj,28.52,77.1577,2026-09-08 13:00:00,31.7,65,0.4,11.9,44.6,123.9,3.4,182.0,13.6,187.0
Vasant Kunj,28.52,77.1577,2026-09-08 14:00:00,32.2,63,0.0,12.0,41.2,105.2,5.3,172.0,13.0,231.0
Vasant Kunj,28.52,77.1577,2026-09-08 15:00:00,32.3,59,0.0,12.7,45.6,146.7,8.6,158.0,12.5,320.0
Vasant Kunj,28.52,77.1577,2026-09-08 16:00:00,31.6,64,0.1,10.3,49.0,153.2,14.0,140.0,12.5,449.0
Vasant Kunj,28.52,77.1577,2026-09-08 17:00:00,31.6,66,0.0,5.8,57.7,192.8,24.2,114.0,14.5,593.0
Vasant Kunj,28.52,77.1577,2026-09-08 18:00:00,30.5,74,0.0,2.3,64.7,183.9,40.5,89.0,18.5,766.0
Vasant Kunj,28.52,77.1577,2026-09-08 19:00:00,30.0,74,0.0,1.8,72.2,181.1,63.0,53.0,24.1,953.0
Vasant Kunj,28.52,77.1577,2026-09-08 20:00:00,29.5,75,0.0,4.1,79.9,185.3,79.9,25.0,28.5,1088.0
Vasant Kunj,28.52,77.1577,2026-09-08 21:00:00,28.8,77,0.0,4.9,89.2,197.0,86.3,11.0,30.9,1159.0
Vasant Kunj,28.52,77.1577,2026-09-08 22:00:00,28.0,81,0.0,6.2,96.9,201.6,87.2,5.0,32.0,1178.0
Vasant Kunj,28.52,77.1577,2026-09-08 23:00:00,28.3,73,0.0,11.0,96.9,190.9,84.8,1.0,31.4,1107.0
Vasant Kunj,28.52,77.1577,2026-09-09 00:00:00,27.8,71,0.0,7.5,89.9,172.3,79.3,0.0,28.2,880.0
Vasant Kunj,28.52,77.1577,2026-09-09 01:00:00,27.1,76,0.0,7.6,81.3,155.1,70.6,2.0,23.2,564.0
Vasant Kunj,28.52,77.1577,2026-09-09 02:00:00,26.8,78,0.0,7.8,76.1,187.7,61.3,5.0,18.9,326.0
Vasant Kunj,28.52,77.1577,2026-09-09 03:00:00,26.4,77,0.0,6.6,78.0,278.5,51.2,9.0,15.9,238.0
Vasant Kunj,28.52,77.1577,2026-09-09 04:00:00,26.2,75,0.0,7.8,84.3,391.2,40.5,14.0,13.5,229.0
Vasant Kunj,28.52,77.1577,2026-09-09 05:00:00,27.2,74,0.0,12.6,110.8,713.4,15.6,45.0,8.8,249.0
Vasant Kunj,28.52,77.1577,2026-09-09 06:00:00,27.1,74,0.0,13.7,110.1,668.7,17.6,46.0,9.7,305.0
Vasant Kunj,28.52,77.1577,2026-09-09 07:00:00,27.7,74,0.0,13.1,116.2,702.2,20.2,49.0,10.9,391.0
Vasant Kunj,28.52,77.1577,2026-09-09 08:00:00,28.7,73,0.0,12.2,114.3,644.5,20.6,59.0,11.8,434.0
Vasant Kunj,28.52,77.1577,2026-09-09 09:00:00,29.7,69,0.0,13.6,111.8,689.2,16.9,85.0,12.3,391.0
Vasant Kunj,28.52,77.1577,2026-09-09 10:00:00,30.8,65,0.0,13.0,118.5,741.3,11.0,119.0,12.5,307.0
Vasant Kunj,28.52,77.1577,2026-09-09 11:00:00,32.5,55,0.0,15.1,121.1,746.9,6.6,144.0,12.5,242.0
Vasant Kunj,28.52,77.1577,2026-09-09 12:00:00,32.9,53,0.0,13.3,116.9,705.9,4.5,153.0,12.3,205.0
Vasant Kunj,28.52,77.1577,2026-09-09 13:00:00,33.3,52,0.0,12.3,109.0,648.2,3.7,154.0,11.8,187.0
Vasant Kunj,28.52,77.1577,2026-09-09 14:00:00,33.3,51,0.0,12.7,103.8,614.7,5.4,148.0,11.5,226.0
Vasant Kunj,28.52,77.1577,2026-09-09 15:00:00,33.2,51,0.0,12.4,102.4,605.4,9.5,137.0,11.0,332.0
Vasant Kunj,28.52,77.1577,2026-09-09 16:00:00,32.6,56,0.0,9.8,108.5,618.4,15.9,121.0,10.7,494.0
Vasant Kunj,28.52,77.1577,2026-09-09 17:00:00,32.3,61,0.0,7.5,83.6,402.3,24.8,98.0,11.4,714.0
Vasant Kunj,28.52,77.1577,2026-09-09 18:00:00,30.7,65,0.0,5.6,79.6,294.3,43.6,71.0,15.2,1087.0
Vasant Kunj,28.52,77.1577,2026-09-09 19:00:00,30.0,69,0.0,4.5,85.0,256.1,69.3,34.0,20.6,1517.0
Vasant Kunj,28.52,77.1577,2026-09-09 20:00:00,29.1,74,0.0,5.3,93.8,246.8,87.1,7.0,25.5,1721.0
Vasant Kunj,28.52,77.1577,2026-09-09 21:00:00,28.6,74,0.0,6.5,103.8,246.8,89.7,0.0,30.0,1502.0
Vasant Kunj,28.52,77.1577,2026-09-09 22:00:00,28.2,76,0.0,5.1,110.1,234.2,84.4,0.0,34.0,1056.0
Vasant Kunj,28.52,77.1577,2026-09-09 23:00:00,28.4,77,0.0,5.6,109.9,216.1,78.4,0.0,35.8,686.0
Vasant Kunj,28.52,77.1577,2026-09-10 00:00:00,27.7,79,0.0,6.0,107.3,198.4,74.2,0.0,33.8,508.0
Vasant Kunj,28.52,77.1577,2026-09-10 01:00:00,27.2,79,0.0,6.5,99.7,170.0,69.3,0.0,29.6,405.0
Vasant Kunj,28.52,77.1577,2026-09-10 02:00:00,26.9,79,0.0,6.3,83.1,136.9,63.6,0.0,25.6,334.0
Vasant Kunj,28.52,77.1577,2026-09-10 03:00:00,26.5,81,0.0,6.2,74.0,183.5,56.2,3.0,22.4,274.0
Vasant Kunj,28.52,77.1577,2026-09-10 04:00:00,26.2,82,0.0,7.3,74.0,263.6,47.9,9.0,19.4,245.0
Vasant Kunj,28.52,77.1577,2026-09-10 05:00:00,26.7,82,0.0,8.1,79.2,328.8,40.3,20.0,15.4,267.0
Vasant Kunj,28.52,77.1577,2026-09-10 06:00:00,26.3,82,0.0,9.7,81.7,375.3,36.9,28.0,15.1,393.0
Vasant Kunj,28.52,77.1577,2026-09-10 07:00:00,27.5,76,0.0,10.6,84.8,407.0,32.0,40.0,14.8,569.0
Vasant Kunj,28.52,77.1577,2026-09-10 08:00:00,29.2,73,0.0,10.0,79.9,377.2,26.5,59.0,14.7,658.0
Vasant Kunj,28.52,77.1577,2026-09-10 09:00:00,30.3,67,0.0,12.1,80.1,421.9,19.8,91.0,15.1,568.0
Vasant Kunj,28.52,77.1577,2026-09-10 10:00:00,31.4,64,0.0,11.4,89.2,493.6,12.6,130.0,15.8,391.0
Vasant Kunj,28.52,77.1577,2026-09-10 11:00:00,33.2,54,0.0,12.3,91.5,504.8,7.3,159.0,16.4,256.0
Vasant Kunj,28.52,77.1577,2026-09-10 12:00:00,33.7,50,0.0,12.2,67.1,271.9,4.6,172.0,16.6,205.0
Vasant Kunj,28.52,77.1577,2026-09-10 13:00:00,34.0,48,0.0,12.1,78.2,386.5,4.0,175.0,16.7,196.0
Vasant Kunj,28.52,77.1577,2026-09-10 14:00:00,34.1,47,0.0,12.0,77.3,381.8,6.1,171.0,16.8,240.0
Vasant Kunj,28.52,77.1577,2026-09-10 15:00:00,33.7,49,0.0,11.7,76.8,376.3,10.9,159.0,16.4,331.0
Vasant Kunj,28.52,77.1577,2026-09-10 16:00:00,33.0,55,0.0,9.6,78.5,361.4,18.4,139.0,16.1,474.0
Vasant Kunj,28.52,77.1577,2026-09-10 17:00:00,32.3,58,0.0,10.1,80.3,413.5,23.5,110.0,14.4,691.0
Vasant Kunj,28.52,77.1577,2026-09-10 18:00:00,30.7,63,0.0,7.0,84.3,383.7,34.2,91.0,18.7,1051.0
Vasant Kunj,28.52,77.1577,2026-09-10 19:00:00,29.9,67,0.0,5.2,85.4,317.6,49.2,64.0,24.7,1484.0
Vasant Kunj,28.52,77.1577,2026-09-10 20:00:00,29.6,68,0.0,5.1,91.5,334.3,61.3,42.0,29.8,1802.0
Vasant Kunj,28.52,77.1577,2026-09-10 21:00:00,29.2,70,0.0,4.8,91.7,287.8,68.7,29.0,33.6,1923.0
Vasant Kunj,28.52,77.1577,2026-09-10 22:00:00,28.8,72,0.0,3.8,98.0,278.5,73.3,21.0,36.5,1928.0
Vasant Kunj,28.52,77.1577,2026-09-10 23:00:00,29.2,73,0.0,3.2,95.5,245.9,74.1,17.0,37.4,1871.0
Vasant Kunj,28.52,77.1577,2026-09-11 00:00:00,28.8,73,0.0,3.1,87.8,202.6,68.7,18.0,34.9,1755.0
Vasant Kunj,28.52,77.1577,2026-09-11 01:00:00,28.1,74,0.0,5.5,82.4,176.5,59.5,23.0,30.4,1576.0
Vasant Kunj,28.52,77.1577,2026-09-11 02:00:00,26.9,82,0.0,5.4,78.5,157.9,53.0,27.0,27.1,1383.0
Vasant Kunj,28.52,77.1577,2026-09-11 03:00:00,26.2,89,0.0,3.0,77.3,147.1,53.0,23.0,26.5,1146.0
Vasant Kunj,28.52,77.1577,2026-09-11 04:00:00,26.0,91,0.0,2.6,77.5,139.2,55.7,18.0,27.2,894.0
Vasant Kunj,28.52,77.1577,2026-09-11 05:00:00,28.1,81,0.0,1.3,85.2,150.4,67.9,10.0,35.8,758.0
Vasant Kunj,28.52,77.1577,2026-09-11 06:00:00,27.7,81,0.0,3.1,88.7,147.6,61.3,31.0,36.9,860.0
Vasant Kunj,28.52,77.1577,2026-09-11 07:00:00,28.7,81,0.0,4.3,88.7,128.1,51.8,63.0,38.2,1079.0
Vasant Kunj,28.52,77.1577,2026-09-11 08:00:00,29.7,84,0.0,5.1,78.7,126.2,41.6,98.0,38.7,1176.0
Vasant Kunj,28.52,77.1577,2026-09-11 09:00:00,30.4,83,0.0,7.8,68.7,135.5,30.0,144.0,37.9,1009.0
Vasant Kunj,28.52,77.1577,2026-09-11 10:00:00,28.6,84,2.1,12.0,60.3,108.5,17.8,194.0,36.1,720.0
Vasant Kunj,28.52,77.1577,2026-09-11 11:00:00,31.0,69,0.5,11.7,56.2,86.6,9.5,223.0,33.3,503.0
Vasant Kunj,28.52,77.1577,2026-09-11 12:00:00,31.1,72,0.3,4.5,52.3,71.5,7.5,213.0,28.3,427.0
Vasant Kunj,28.52,77.1577,2026-09-11 13:00:00,28.5,83,1.6,15.9,42.0,49.2,9.4,182.0,22.1,422.0
Vasant Kunj,28.52,77.1577,2026-09-11 14:00:00,28.2,87,1.5,8.0,33.6,35.6,12.4,154.0,18.4,477.0
Vasant Kunj,28.52,77.1577,2026-09-11 15:00:00,30.0,74,0.1,9.0,28.0,28.6,16.0,140.0,19.1,591.0
Vasant Kunj,28.52,77.1577,2026-09-11 16:00:00,29.6,74,0.1,9.9,24.4,24.7,20.8,130.0,22.2,765.0
Vasant Kunj,28.52,77.1577,2026-09-11 17:00:00,27.6,88,0.0,10.3,18.8,18.8,17.8,120.0,15.8,984.0
Vasant Kunj,28.52,77.1577,2026-09-11 18:00:00,26.9,94,0.5,8.0,22.2,22.2,21.8,107.0,17.1,1336.0
Vasant Kunj,28.52,77.1577,2026-09-11 19:00:00,26.6,95,0.0,7.1,22.6,22.6,27.3,89.0,18.9,1732.0
Vasant Kunj,28.52,77.1577,2026-09-11 20:00:00,26.5,95,0.0,7.3,21.6,21.6,31.2,74.0,20.2,1898.0
Vasant Kunj,28.52,77.1577,2026-09-11 21:00:00,26.6,94,0.0,8.4,20.4,20.4,32.2,65.0,20.6,1628.0
Vasant Kunj,28.52,77.1577,2026-09-11 22:00:00,26.4,95,0.0,8.0,20.5,20.5,31.7,60.0,20.6,1127.0
Vasant Kunj,28.52,77.1577,2026-09-11 23:00:00,27.0,94,0.0,9.0,21.1,21.1,30.6,55.0,20.2,733.0
Vasant Kunj,28.52,77.1577,2026-09-12 00:00:00,26.7,94,0.0,8.5,20.5,20.5,28.7,51.0,19.2,589.0
Vasant Kunj,28.52,77.1577,2026-09-12 01:00:00,26.6,93,0.0,7.3,19.7,19.8,26.2,49.0,17.9,551.0
Vasant Kunj,28.52,77.1577,2026-09-12 02:00:00,26.6,92,0.0,8.6,19.2,19.3,24.4,46.0,17.0,528.0
Vasant Kunj,28.52,77.1577,2026-09-12 03:00:00,26.5,91,0.0,6.4,18.9,19.0,23.9,42.0,16.9,477.0
Vasant Kunj,28.52,77.1577,2026-09-12 04:00:00,25.3,97,2.2,5.4,18.1,18.3,24.2,37.0,17.2,440.0
Vasant Kunj,28.52,77.1577,2026-09-12 05:00:00,26.9,91,0.9,8.7,16.1,16.3,22.3,44.0,18.6,455.0
Vasant Kunj,28.52,77.1577,2026-09-12 06:00:00,26.8,91,0.0,8.2,16.1,16.6,26.1,43.0,19.7,581.0
Vasant Kunj,28.52,77.1577,2026-09-12 07:00:00,27.4,90,0.0,7.4,17.6,18.2,31.2,43.0,21.2,759.0
Vasant Kunj,28.52,77.1577,2026-09-12 08:00:00,28.6,85,0.0,6.2,20.1,20.7,33.3,49.0,22.1,845.0
Vasant Kunj,28.52,77.1577,2026-09-12 09:00:00,29.7,80,0.0,6.0,20.3,20.7,29.8,65.0,22.1,745.0
Vasant Kunj,28.52,77.1577,2026-09-12 10:00:00,31.1,72,0.1,8.1,19.0,19.1,23.4,86.0,21.5,552.0
Vasant Kunj,28.52,77.1577,2026-09-12 11:00:00,29.6,76,1.9,2.4,18.0,18.2,17.7,108.0,20.6,406.0
Vasant Kunj,28.52,77.1577,2026-09-12 12:00:00,30.3,72,0.4,6.4,19.2,19.3,13.0,132.0,19.2,352.0
Vasant Kunj,28.52,77.1577,2026-09-12 13:00:00,29.6,76,0.7,11.5,20.1,23.6,9.0,156.0,17.5,344.0
Vasant Kunj,28.52,77.1577,2026-09-12 14:00:00,30.4,74,0.1,8.4,19.7,20.9,8.1,168.0,16.5,383.0
Vasant Kunj,28.52,77.1577,2026-09-12 15:00:00,30.6,72,0.1,9.4,19.9,23.1,12.1,161.0,16.5,486.0
Vasant Kunj,28.52,77.1577,2026-09-12 16:00:00,30.3,72,0.0,9.7,20.4,22.5,19.3,143.0,17.1,635.0
Vasant Kunj,28.52,77.1577,2026-09-12 17:00:00,29.7,80,0.0,6.9,19.7,20.1,19.8,118.0,14.1,779.0
Vasant Kunj,28.52,77.1577,2026-09-12 18:00:00,29.0,84,0.0,5.9,26.9,27.1,35.2,92.0,17.4,927.0
Vasant Kunj,28.52,77.1577,2026-09-12 19:00:00,28.6,87,0.0,6.1,36.3,36.6,56.3,55.0,21.9,1069.0
Vasant Kunj,28.52,77.1577,2026-09-12 20:00:00,28.4,88,0.0,6.4,42.6,43.0,70.2,29.0,25.1,1122.0
Vasant Kunj,28.52,77.1577,2026-09-12 21:00:00,28.3,88,0.0,7.4,44.2,44.7,70.8,23.0,25.8,1022.0
Vasant Kunj,28.52,77.1577,2026-09-12 22:00:00,28.1,87,0.0,7.4,42.5,42.8,64.3,27.0,25.1,833.0
Vasant Kunj,28.52,77.1577,2026-09-12 23:00:00,28.6,85,0.0,8.1,39.1,39.3,56.3,32.0,23.8,669.0
Vasant Kunj,28.52,77.1577,2026-09-13 00:00:00,28.2,85,0.0,6.9,35.2,35.4,47.3,36.0,21.9,570.0
Vasant Kunj,28.52,77.1577,2026-09-13 01:00:00,27.9,86,0.0,6.7,31.5,31.8,36.8,42.0,19.5,494.0
Vasant Kunj,28.52,77.1577,2026-09-13 02:00:00,27.4,88,0.0,7.1,28.2,28.4,28.5,46.0,17.5,434.0
Vasant Kunj,28.52,77.1577,2026-09-13 03:00:00,27.2,90,0.0,8.2,25.1,25.3,24.1,45.0,16.1,385.0
Vasant Kunj,28.52,77.1577,2026-09-13 04:00:00,27.0,91,0.0,7.8,22.8,22.8,21.9,42.0,15.1,350.0
Vasant Kunj,28.52,77.1577,2026-09-13 05:00:00,27.3,88,0.0,9.2,20.0,20.1,23.2,43.0,18.1,333.0
Vasant Kunj,28.52,77.1577,2026-09-13 06:00:00,27.0,90,0.0,10.0,20.3,20.4,21.0,54.0,18.3,346.0
Vasant Kunj,28.52,77.1577,2026-09-13 07:00:00,27.7,88,0.0,8.8,21.8,21.8,17.8,70.0,18.5,377.0
Vasant Kunj,28.52,77.1577,2026-09-13 08:00:00,28.8,81,0.0,11.1,20.7,20.9,14.5,89.0,18.4,388.0
Vasant Kunj,28.52,77.1577,2026-09-13 09:00:00,29.8,74,0.0,11.0,22.1,24.3,11.0,114.0,17.7,358.0
Vasant Kunj,28.52,77.1577,2026-09-13 10:00:00,30.7,70,0.0,10.8,23.6,26.7,7.4,142.0,16.7,309.0
Vasant Kunj,28.52,77.1577,2026-09-13 11:00:00,31.8,62,0.0,11.1,24.9,35.6,4.8,163.0,15.8,272.0
Vasant Kunj,28.52,77.1577,2026-09-13 12:00:00,32.1,60,0.2,11.2,24.7,29.5,3.6,171.0,15.1,256.0
Vasant Kunj,28.52,77.1577,2026-09-13 13:00:00,32.2,60,0.2,11.2,24.4,27.8,3.4,172.0,14.5,252.0
Vasant Kunj,28.52,77.1577,2026-09-13 14:00:00,32.3,60,0.2,10.9,24.1,26.4,4.6,168.0,14.4,266.0
Vasant Kunj,28.52,77.1577,2026-09-13 15:00:00,32.2,60,0.1,9.4,23.6,25.2,7.7,159.0,15.0,308.0
Vasant Kunj,28.52,77.1577,2026-09-13 16:00:00,31.8,62,0.0,9.1,23.6,24.8,12.1,146.0,16.1,368.0
Vasant Kunj,28.52,77.1577,2026-09-13 17:00:00,31.3,66,0.0,8.4,22.6,24.0,13.2,124.0,14.3,420.0
Vasant Kunj,28.52,77.1577,2026-09-13 18:00:00,29.9,71,0.0,7.6,28.0,29.7,17.9,109.0,16.6,463.0
Vasant Kunj,28.52,77.1577,2026-09-13 19:00:00,29.0,76,0.0,7.7,30.6,31.5,24.3,89.0,19.6,498.0
Vasant Kunj,28.52,77.1577,2026-09-13 20:00:00,28.4,81,0.0,7.2,29.3,30.7,27.8,75.0,21.3,507.0
Vasant Kunj,28.52,77.1577,2026-09-13 21:00:00,28.1,83,0.0,8.7,26.4,28.2,25.8,73.0,20.3,472.0
Vasant Kunj,28.52,77.1577,2026-09-13 22:00:00,27.7,84,0.0,9.4,23.6,25.2,21.0,78.0,18.0,410.0
Vasant Kunj,28.52,77.1577,2026-09-13 23:00:00,28.3,82,0.0,10.8,21.8,25.6,17.2,80.0,16.2,357.0
Vasant Kunj,28.52,77.1577,2026-09-14 00:00:00,27.7,86,0.0,10.4,20.5,26.3,15.8,77.0,15.7,323.0
Vasant Kunj,28.52,77.1577,2026-09-14 01:00:00,27.2,88,0.0,10.3,19.7,26.0,15.4,72.0,15.6,298.0
Vasant Kunj,28.52,77.1577,2026-09-14 02:00:00,26.8,90,0.0,10.1,23.7,73.3,15.3,66.0,15.8,279.0
Vasant Kunj,28.52,77.1577,2026-09-14 03:00:00,26.5,91,0.0,10.1,26.5,96.4,15.5,59.0,16.1,262.0
Vasant Kunj,28.52,77.1577,2026-09-14 04:00:00,25.7,95,0.3,9.9,28.1,106.2,16.1,52.0,16.7,252.0
Vasant Kunj,28.52,77.1577,2026-09-14 05:00:00,26.3,94,0.3,9.8,18.8,24.7,16.5,53.0,19.4,263.0
Vasant Kunj,28.52,77.1577,2026-09-14 06:00:00,26.3,95,0.0,9.5,20.4,26.0,17.1,57.0,20.1,318.0
Vasant Kunj,28.52,77.1577,2026-09-14 07:00:00,27.0,91,0.0,10.5,23.0,44.9,17.7,64.0,21.1,394.0
Vasant Kunj,28.52,77.1577,2026-09-14 08:00:00,28.0,87,0.2,11.2,23.2,44.7,17.1,78.0,21.5,438.0
Vasant Kunj,28.52,77.1577,2026-09-14 09:00:00,29.3,78,0.1,10.4,21.9,29.9,13.9,104.0,21.0,417.0
Vasant Kunj,28.52,77.1577,2026-09-14 10:00:00,30.3,71,0.1,11.8,21.0,24.9,9.4,137.0,19.9,364.0
Vasant Kunj,28.52,77.1577,2026-09-14 11:00:00,30.1,70,0.1,10.8,21.9,24.0,6.1,162.0,18.8,323.0
Vasant Kunj,28.52,77.1577,2026-09-14 12:00:00,31.4,64,0.1,10.9,23.1,24.4,4.5,175.0,17.6,302.0
Vasant Kunj,28.52,77.1577,2026-09-14 13:00:00,31.8,63,0.0,11.0,25.4,26.6,4.0,181.0,16.4,293.0
Vasant Kunj,28.52,77.1577,2026-09-14 14:00:00,31.6,62,0.1,11.2,25.8,29.2,5.2,181.0,16.0,316.0
Vasant Kunj,28.52,77.1577,2026-09-14 15:00:00,29.5,70,0.3,9.9,28.3,31.8,8.4,175.0,17.0,395.0
Vasant Kunj,28.52,77.1577,2026-09-14 16:00:00,30.6,69,0.6,7.9,28.9,30.7,13.3,162.0,18.7,505.0
Vasant Kunj,28.52,77.1577,2026-09-14 17:00:00,30.8,66,0.1,8.5,41.7,43.2,17.4,140.0,18.5,593.0
Vasant Kunj,28.52,77.1577,2026-09-14 18:00:00,30.2,68,0.0,6.5,46.8,48.1,27.1,116.0,20.8,642.0
Vasant Kunj,28.52,77.1577,2026-09-14 19:00:00,29.7,71,0.0,8.0,54.0,55.1,40.3,84.0,23.8,669.0
Vasant Kunj,28.52,77.1577,2026-09-14 20:00:00,29.2,75,0.0,8.3,57.5,58.4,48.3,61.0,25.9,665.0
Vasant Kunj,28.52,77.1577,2026-09-14 21:00:00,28.5,78,0.0,8.5,55.9,56.8,46.4,56.0,26.1,618.0
Vasant Kunj,28.52,77.1577,2026-09-14 22:00:00,27.6,81,0.1,9.6,53.8,54.7,39.4,61.0,25.2,540.0
Vasant Kunj,28.52,77.1577,2026-09-14 23:00:00,27.6,84,0.2,9.2,49.8,50.6,33.0,65.0,24.0,466.0
Vasant Kunj,28.52,77.1577,2026-09-15 00:00:00,27.0,84,0.0,9.3,46.4,47.3,28.8,65.0,22.5,401.0
Vasant Kunj,28.52,77.1577,2026-09-15 01:00:00,26.5,87,0.0,8.8,44.4,45.1,25.2,64.0,20.7,339.0
Vasant Kunj,28.52,77.1577,2026-09-15 02:00:00,26.1,90,0.0,8.6,42.7,43.4,22.6,63.0,19.3,300.0
Vasant Kunj,28.52,77.1577,2026-09-15 03:00:00,25.9,91,0.0,8.1,41.2,41.9,21.5,60.0,18.8,290.0
Vasant Kunj,28.52,77.1577,2026-09-15 04:00:00,25.8,92,0.0,7.8,40.7,41.3,21.4,56.0,18.7,301.0
Vasant Kunj,28.52,77.1577,2026-09-15 05:00:00,26.0,90,0.0,6.4,36.9,37.5,19.9,62.0,19.3,336.0
Vasant Kunj,28.52,77.1577,2026-09-15 06:00:00,25.9,91,0.0,5.4,41.4,42.0,21.3,66.0,20.7,419.0
Vasant Kunj,28.52,77.1577,2026-09-15 07:00:00,27.0,87,0.0,4.0,42.4,43.0,23.1,74.0,22.7,524.0
Vasant Kunj,28.52,77.1577,2026-09-15 08:00:00,28.5,79,0.0,6.0,38.9,39.7,22.8,87.0,23.7,575.0
Vasant Kunj,28.52,77.1577,2026-09-15 09:00:00,30.1,71,0.0,6.9,33.9,34.8,18.5,112.0,23.0,518.0
Vasant Kunj,28.52,77.1577,2026-09-15 10:00:00,31.2,65,0.1,8.7,29.3,30.3,12.2,144.0,21.4,406.0
Vasant Kunj,28.52,77.1577,2026-09-15 11:00:00,30.6,64,0.2,8.7,28.3,29.3,7.4,169.0,19.8,319.0
Vasant Kunj,28.52,77.1577,2026-09-15 12:00:00,29.8,66,0.7,13.2,28.6,29.6,5.0,183.0,18.3,284.0
Vasant Kunj,28.52,77.1577,2026-09-15 13:00:00,30.8,63,0.0,4.8,29.6,30.7,4.1,190.0,16.8,274.0
Vasant Kunj,28.52,77.1577,2026-09-15 14:00:00,31.7,61,0.1,4.5,30.3,31.3,5.4,190.0,16.0,289.0
Vasant Kunj,28.52,77.1577,2026-09-15 15:00:00,31.9,61,0.0,3.1,29.3,30.4,9.7,179.0,16.0,322.0
Vasant Kunj,28.52,77.1577,2026-09-15 16:00:00,31.7,62,0.0,0.9,29.9,31.0,16.3,161.0,16.6,380.0
Vasant Kunj,28.52,77.1577,2026-09-15 17:00:00,31.3,61,0.0,2.2,41.1,43.2,16.6,148.0,17.1,480.0
Vasant Kunj,28.52,77.1577,2026-09-15 18:00:00,31.0,63,0.1,2.3,55.4,57.3,23.9,129.0,18.8,679.0
Vasant Kunj,28.52,77.1577,2026-09-15 19:00:00,30.5,65,0.0,1.6,59.6,61.2,33.9,102.0,21.1,919.0
Vasant Kunj,28.52,77.1577,2026-09-15 20:00:00,30.1,67,0.1,3.1,53.0,54.2,41.1,79.0,22.8,1047.0
Vasant Kunj,28.52,77.1577,2026-09-15 21:00:00,29.7,69,0.0,4.7,51.7,52.7,41.8,66.0,23.3,962.0
Vasant Kunj,28.52,77.1577,2026-09-15 22:00:00,29.1,73,0.0,4.3,49.0,49.9,39.6,58.0,23.3,765.0
Vasant Kunj,28.52,77.1577,2026-09-15 23:00:00,29.4,75,0.0,6.0,45.1,45.9,39.7,49.0,23.4,604.0
Vasant Kunj,28.52,77.1577,2026-09-16 00:00:00,28.6,78,0.0,4.8,45.4,46.1,45.4,37.0,23.9,535.0
Vasant Kunj,28.52,77.1577,2026-09-16 01:00:00,28.2,80,0.0,4.7,48.7,49.2,53.4,25.0,24.5,501.0
Vasant Kunj,28.52,77.1577,2026-09-16 02:00:00,27.7,83,0.0,3.1,52.4,53.0,59.2,15.0,25.0,481.0
Vasant Kunj,28.52,77.1577,2026-09-16 03:00:00,27.3,86,0.0,1.8,54.1,54.7,61.3,7.0,25.1,465.0
Vasant Kunj,28.52,77.1577,2026-09-16 04:00:00,27.2,87,0.0,0.7,53.3,53.7,61.1,1.0,25.0,463.0
Vasant Kunj,28.52,77.1577,2026-09-16 05:00:00,27.6,84,0.0,3.0,37.0,37.3,45.1,17.0,24.8,485.0
Vasant Kunj,28.52,77.1577,2026-09-16 06:00:00,27.3,86,0.0,3.2,44.9,45.5,44.4,26.0,28.1,561.0
Vasant Kunj,28.52,77.1577,2026-09-16 07:00:00,28.5,80,0.0,2.7,47.5,48.0,43.1,40.0,32.5,661.0
Vasant Kunj,28.52,77.1577,2026-09-16 08:00:00,30.2,73,0.0,4.2,36.3,36.8,39.0,64.0,34.3,702.0
Vasant Kunj,28.52,77.1577,2026-09-16 09:00:00,31.8,63,0.0,4.7,29.7,30.2,29.4,107.0,31.3,626.0
Vasant Kunj,28.52,77.1577,2026-09-16 10:00:00,32.9,58,0.0,4.5,30.5,31.5,17.0,161.0,25.8,492.0
Vasant Kunj,28.52,77.1577,2026-09-16 11:00:00,34.3,50,0.0,5.0,33.3,34.8,7.8,201.0,21.2,390.0
Vasant Kunj,28.52,77.1577,2026-09-16 12:00:00,34.5,49,0.0,5.4,34.9,36.8,4.3,219.0,18.8,358.0
Vasant Kunj,28.52,77.1577,2026-09-16 13:00:00,34.9,47,0.0,4.4,36.4,38.8,4.0,223.0,17.3,358.0
Vasant Kunj,28.52,77.1577,2026-09-16 14:00:00,35.2,45,0.0,5.1,38.1,43.5,5.7,219.0,16.1,371.0
Vasant Kunj,28.52,77.1577,2026-09-16 15:00:00,35.0,45,0.0,7.1,38.4,45.8,8.3,206.0,14.7,338.0
Vasant Kunj,28.52,77.1577,2026-09-16 16:00:00,34.4,44,0.0,9.0,37.5,42.3,12.9,184.0,13.7,318.0
Vasant Kunj,28.52,77.1577,2026-09-16 17:00:00,34.2,42,0.0,4.2,38.4,42.4,25.3,175.0,17.3,462.0
Vasant Kunj,28.52,77.1577,2026-09-16 18:00:00,33.0,47,0.0,3.4,49.8,53.2,43.7,137.0,19.8,934.0
Vasant Kunj,28.52,77.1577,2026-09-16 19:00:00,32.1,51,0.0,4.1,64.3,67.3,69.0,84.0,23.3,1570.0
Vasant Kunj,28.52,77.1577,2026-09-16 20:00:00,31.5,54,0.0,4.0,71.7,74.3,86.7,43.0,26.1,2036.0
Vasant Kunj,28.52,77.1577,2026-09-16 21:00:00,31.0,56,0.0,5.9,68.9,71.2,89.8,27.0,27.7,2224.0
Vasant Kunj,28.52,77.1577,2026-09-16 22:00:00,30.4,60,0.0,4.2,72.9,75.4,85.3,23.0,28.7,2242.0
Vasant Kunj,28.52,77.1577,2026-09-16 23:00:00,30.4,64,0.0,6.0,77.3,80.3,80.4,21.0,28.9,2072.0
Vasant Kunj,28.52,77.1577,2026-09-17 00:00:00,29.5,68,0.0,5.1,76.8,80.6,77.0,18.0,27.9,1584.0
Vasant Kunj,28.52,77.1577,2026-09-17 01:00:00,29.1,70,0.0,4.6,72.4,76.4,73.2,17.0,26.2,909.0
Vasant Kunj,28.52,77.1577,2026-09-17 02:00:00,28.9,73,0.0,7.9,67.5,71.5,69.7,16.0,25.1,425.0
Vasant Kunj,28.52,77.1577,2026-09-17 03:00:00,25.4,85,0.7,10.5,65.7,69.4,67.6,12.0,25.0,317.0
Vasant Kunj,28.52,77.1577,2026-09-17 04:00:00,25.0,91,0.3,6.4,64.5,68.2,65.9,8.0,25.5,399.0
Vasant Kunj,28.52,77.1577,2026-09-17 05:00:00,26.5,80,0.0,10.8,46.0,48.8,26.5,82.0,30.9,491.0
Vasant Kunj,28.52,77.1577,2026-09-17 06:00:00,25.0,90,0.0,11.2,48.7,51.0,28.7,86.0,33.2,549.0
Vasant Kunj,28.52,77.1577,2026-09-17 07:00:00,25.6,83,0.0,7.4,51.0,53.3,31.5,94.0,36.2,616.0
Vasant Kunj,28.52,77.1577,2026-09-17 08:00:00,27.1,74,0.0,9.0,51.8,55.3,31.4,114.0,38.0,648.0
Vasant Kunj,28.52,77.1577,2026-09-17 09:00:00,28.0,71,0.0,3.3,51.7,56.3,25.5,156.0,37.6,612.0
Vasant Kunj,28.52,77.1577,2026-09-17 10:00:00,30.4,59,0.0,6.1,50.6,58.0,16.7,209.0,36.0,541.0
Vasant Kunj,28.52,77.1577,2026-09-17 11:00:00,31.5,55,0.0,9.7,50.8,59.8,9.9,250.0,34.0,483.0
Vasant Kunj,28.52,77.1577,2026-09-17 12:00:00,31.8,57,0.1,8.6,51.3,64.5,6.8,272.0,31.8,453.0
Vasant Kunj,28.52,77.1577,2026-09-17 13:00:00,32.7,53,0.0,7.4,51.0,59.4,5.8,281.0,29.3,437.0
Vasant Kunj,28.52,77.1577,2026-09-17 14:00:00,32.8,52,0.0,2.8,51.2,59.8,7.0,277.0,26.6,437.0
Vasant Kunj,28.52,77.1577,2026-09-17 15:00:00,32.6,48,0.1,4.5,50.4,59.4,10.9,253.0,23.3,442.0
Vasant Kunj,28.52,77.1577,2026-09-17 16:00:00,32.7,48,0.0,2.7,47.8,56.9,16.9,215.0,19.7,464.0
Vasant Kunj,28.52,77.1577,2026-09-17 17:00:00,32.3,53,0.0,7.1,53.0,68.7,22.2,138.0,17.3,542.0
Vasant Kunj,28.52,77.1577,2026-09-17 18:00:00,30.8,61,0.0,6.5,53.3,63.8,23.7,131.0,17.8,746.0
Vasant Kunj,28.52,77.1577,2026-09-17 19:00:00,30.1,64,0.0,6.5,51.6,59.1,25.7,121.0,18.5,1006.0
Vasant Kunj,28.52,77.1577,2026-09-17 20:00:00,29.6,68,0.0,4.4,48.7,54.6,26.7,114.0,18.7,1151.0
Vasant Kunj,28.52,77.1577,2026-09-17 21:00:00,29.1,72,0.0,3.8,44.6,49.9,25.6,112.0,18.1,1078.0
Vasant Kunj,28.52,77.1577,2026-09-17 22:00:00,28.3,73,0.0,7.3,40.3,43.1,23.5,112.0,17.1,889.0
Vasant Kunj,28.52,77.1577,2026-09-17 23:00:00,27.0,71,0.0,11.6,35.6,37.7,21.8,110.0,16.4,723.0
Vasant Kunj,28.52,77.1577,2026-09-18 00:00:00,26.1,75,0.0,9.6,32.2,34.6,21.1,103.0,16.2,624.0
Vasant Kunj,28.52,77.1577,2026-09-18 01:00:00,25.5,79,0.0,8.5,31.0,34.6,20.9,94.0,16.2,549.0
Vasant Kunj,28.52,77.1577,2026-09-18 02:00:00,25.1,81,0.0,7.1,29.9,34.8,21.3,86.0,16.7,501.0
Vasant Kunj,28.52,77.1577,2026-09-18 03:00:00,24.8,83,0.0,7.8,29.6,35.0,22.7,77.0,17.6,488.0
Vasant Kunj,28.52,77.1577,2026-09-18 04:00:00,24.6,83,0.0,8.5,30.6,36.1,24.8,68.0,18.9,503.0
Vasant Kunj,28.52,77.1577,2026-09-18 05:00:00,25.2,79,0.0,10.2,25.1,29.5,17.9,85.0,16.0,530.0
Vasant Kunj,28.52,77.1577,2026-09-18 06:00:00,24.9,82,0.0,7.8,26.7,31.1,19.3,89.0,17.4,582.0
Vasant Kunj,28.52,77.1577,2026-09-18 07:00:00,25.8,81,0.0,7.1,29.1,33.2,21.0,95.0,19.4,645.0
Vasant Kunj,28.52,77.1577,2026-09-18 08:00:00,27.3,77,0.0,8.0,26.1,30.9,20.9,107.0,20.4,662.0
Vasant Kunj,28.52,77.1577,2026-09-18 09:00:00,28.9,68,0.0,10.4,25.2,51.9,17.1,132.0,19.7,586.0
Vasant Kunj,28.52,77.1577,2026-09-18 10:00:00,30.2,62,0.0,10.0,26.4,66.4,11.4,162.0,18.2,463.0
Vasant Kunj,28.52,77.1577,2026-09-18 11:00:00,32.4,47,0.2,7.5,23.5,38.5,7.0,186.0,16.5,373.0
Vasant Kunj,28.52,77.1577,2026-09-18 12:00:00,29.1,61,1.4,12.3,22.9,34.3,4.9,198.0,14.9,340.0
Vasant Kunj,28.52,77.1577,2026-09-18 13:00:00,30.5,57,0.0,8.2,22.9,32.8,4.0,203.0,13.2,339.0
Vasant Kunj,28.52,77.1577,2026-09-18 14:00:00,31.0,56,0.0,8.1,24.7,36.2,5.1,200.0,12.0,375.0
Vasant Kunj,28.52,77.1577,2026-09-18 15:00:00,31.1,54,0.0,6.8,23.5,33.2,8.4,186.0,11.4,446.0
Vasant Kunj,28.52,77.1577,2026-09-18 16:00:00,30.9,55,0.0,5.9,24.2,34.8,13.5,163.0,11.3,553.0
Vasant Kunj,28.52,77.1577,2026-09-18 17:00:00,29.4,73,0.0,3.8,26.4,39.1,17.5,181.0,18.9,707.0
Vasant Kunj,28.52,77.1577,2026-09-18 18:00:00,28.6,82,0.0,1.5,38.9,49.7,33.5,143.0,20.7,950.0
Vasant Kunj,28.52,77.1577,2026-09-18 19:00:00,28.1,86,0.0,1.7,50.2,60.8,55.4,90.0,23.2,1241.0
Vasant Kunj,28.52,77.1577,2026-09-18 20:00:00,27.6,88,0.0,1.7,51.5,60.3,70.9,50.0,24.8,1462.0
Vasant Kunj,28.52,77.1577,2026-09-18 21:00:00,27.2,88,0.0,5.1,53.0,61.7,73.9,34.0,24.8,1569.0
Vasant Kunj,28.52,77.1577,2026-09-18 22:00:00,26.9,86,0.0,4.5,53.7,62.9,70.5,30.0,23.9,1608.0
Vasant Kunj,28.52,77.1577,2026-09-18 23:00:00,27.7,83,0.0,4.8,51.3,61.9,66.6,28.0,23.1,1594.0
Vasant Kunj,28.52,77.1577,2026-09-19 00:00:00,27.1,84,0.0,4.4,49.1,61.7,63.4,26.0,22.7,1507.0
Vasant Kunj,28.52,77.1577,2026-09-19 01:00:00,26.7,86,0.0,3.7,49.8,63.6,59.7,27.0,22.5,1368.0
Vasant Kunj,28.52,77.1577,2026-09-19 02:00:00,26.1,88,0.0,2.2,51.9,66.6,57.5,26.0,22.5,1259.0
Vasant Kunj,28.52,77.1577,2026-09-19 03:00:00,25.4,90,0.0,3.3,54.4,69.8,58.8,19.0,22.7,1213.0
Vasant Kunj,28.52,77.1577,2026-09-19 04:00:00,24.8,91,0.0,4.0,56.8,73.3,61.5,10.0,23.2,1198.0
Vasant Kunj,28.52,77.1577,2026-09-19 05:00:00,24.9,89,0.0,3.1,73.3,102.9,79.9,11.0,43.0,1191.0
Vasant Kunj,28.52,77.1577,2026-09-19 06:00:00,24.7,90,0.0,4.8,83.6,114.1,71.2,31.0,45.5,1215.0
Vasant Kunj,28.52,77.1577,2026-09-19 07:00:00,26.2,82,0.0,4.8,86.8,115.9,58.9,60.0,48.7,1247.0
Vasant Kunj,28.52,77.1577,2026-09-19 08:00:00,28.1,75,0.0,3.9,66.8,110.4,46.4,94.0,50.2,1206.0
Vasant Kunj,28.52,77.1577,2026-09-19 09:00:00,29.6,65,0.0,4.5,48.8,100.4,33.9,135.0,48.4,1017.0
Vasant Kunj,28.52,77.1577,2026-09-19 10:00:00,30.6,58,0.0,4.9,45.5,90.8,21.3,180.0,44.8,753.0
Vasant Kunj,28.52,77.1577,2026-09-19 11:00:00,32.1,52,0.0,5.7,48.7,100.1,12.0,217.0,41.4,554.0
Vasant Kunj,28.52,77.1577,2026-09-19 12:00:00,32.4,50,0.0,6.1,51.8,104.3,7.3,242.0,38.5,465.0
Vasant Kunj,28.52,77.1577,2026-09-19 13:00:00,32.6,48,0.0,6.2,54.7,108.0,6.0,259.0,35.8,440.0
Vasant Kunj,28.52,77.1577,2026-09-19 14:00:00,32.7,47,0.0,6.4,55.4,105.9,7.8,265.0,34.0,479.0
Vasant Kunj,28.52,77.1577,2026-09-19 15:00:00,32.7,45,0.0,5.1,55.9,103.4,11.6,258.0,33.2,585.0
Vasant Kunj,28.52,77.1577,2026-09-19 16:00:00,32.3,46,0.0,5.3,56.6,99.0,18.5,240.0,33.3,754.0
Vasant Kunj,28.52,77.1577,2026-09-19 17:00:00,31.5,53,0.0,7.1,70.5,125.7,29.8,191.0,32.5,980.0
Vasant Kunj,28.52,77.1577,2026-09-19 18:00:00,29.8,60,0.0,4.5,81.5,129.0,53.8,147.0,36.1,1347.0
Vasant Kunj,28.52,77.1577,2026-09-19 19:00:00,29.4,63,0.0,3.8,94.5,138.3,86.4,86.0,41.0,1769.0
Vasant Kunj,28.52,77.1577,2026-09-19 20:00:00,29.0,65,0.0,4.3,104.5,144.8,107.8,40.0,44.0,1986.0
Vasant Kunj,28.52,77.1577,2026-09-19 21:00:00,28.1,69,0.0,5.0,112.2,150.4,107.4,25.0,43.5,1803.0
Vasant Kunj,28.52,77.1577,2026-09-19 22:00:00,27.4,76,0.0,3.7,113.4,148.1,95.8,24.0,41.2,1415.0
Vasant Kunj,28.52,77.1577,2026-09-19 23:00:00,27.6,79,0.0,1.5,106.6,136.0,84.3,26.0,38.3,1139.0
Vasant Kunj,28.52,77.1577,2026-09-20 00:00:00,27.1,80,0.0,0.2,99.2,124.8,75.8,26.0,34.9,1118.0
Vasant Kunj,28.52,77.1577,2026-09-20 01:00:00,26.6,80,0.0,0.8,94.8,117.6,67.5,28.0,30.9,1210.0
Vasant Kunj,28.52,77.1577,2026-09-20 02:00:00,26.1,83,0.0,2.0,92.2,113.2,62.4,28.0,28.1,1304.0
Vasant Kunj,28.52,77.1577,2026-09-20 03:00:00,25.7,85,0.0,1.8,92.7,113.4,63.6,21.0,27.2,1385.0
Vasant Kunj,28.52,77.1577,2026-09-20 04:00:00,25.3,85,0.0,2.5,95.9,116.4,68.0,12.0,27.4,1468.0
Vasant Kunj,28.52,77.1577,2026-09-20 05:00:00,26.0,87,0.0,0.6,92.0,107.1,69.6,5.0,25.6,1486.0
Vasant Kunj,28.52,77.1577,2026-09-20 06:00:00,25.5,90,0.0,1.4,94.1,108.5,60.3,28.0,27.5,1399.0
Vasant Kunj,28.52,77.1577,2026-09-20 07:00:00,26.8,86,0.0,2.3,92.7,104.5,47.1,61.0,30.2,1247.0
Vasant Kunj,28.52,77.1577,2026-09-20 08:00:00,28.7,77,0.0,2.2,72.6,92.2,34.8,97.0,32.2,1078.0
Vasant Kunj,28.52,77.1577,2026-09-20 09:00:00,30.7,62,0.0,3.3,62.4,99.2,24.3,138.0,33.0,884.0
Vasant Kunj,28.52,77.1577,2026-09-20 10:00:00,31.9,53,0.0,4.1,56.2,97.1,14.7,181.0,33.1,673.0
Vasant Kunj,28.52,77.1577,2026-09-20 11:00:00,33.1,46,0.0,3.9,55.1,104.5,7.8,215.0,32.5,516.0
Vasant Kunj,28.52,77.1577,2026-09-20 12:00:00,33.5,46,0.0,3.3,55.5,99.0,4.6,234.0,30.9,450.0
Vasant Kunj,28.52,77.1577,2026-09-20 13:00:00,33.7,45,0.0,3.1,56.5,99.0,4.2,242.0,28.6,439.0
Vasant Kunj,28.52,77.1577,2026-09-20 14:00:00,33.8,45,0.0,2.3,56.9,103.8,5.6,242.0,26.9,447.0
Vasant Kunj,28.52,77.1577,2026-09-20 15:00:00,33.6,45,0.0,1.7,57.2,98.3,8.2,233.0,25.9,452.0
Vasant Kunj,28.52,77.1577,2026-09-20 16:00:00,33.1,46,0.0,1.1,57.4,93.6,12.7,216.0,25.4,477.0
Vasant Kunj,28.52,77.1577,2026-09-20 17:00:00,32.5,50,0.0,4.4,64.5,99.4,19.3,178.0,23.7,552.0
Vasant Kunj,28.52,77.1577,2026-09-20 18:00:00,30.8,59,0.0,4.0,71.5,103.8,26.9,150.0,24.8,694.0
Vasant Kunj,28.52,77.1577,2026-09-20 19:00:00,30.0,61,0.0,4.5,76.6,106.4,37.7,110.0,26.4,887.0
Vasant Kunj,28.52,77.1577,2026-09-20 20:00:00,29.5,65,0.0,3.4,78.9,104.8,47.5,77.0,27.9,1112.0
Vasant Kunj,28.52,77.1577,2026-09-20 21:00:00,29.3,66,0.0,2.4,81.7,106.2,54.9,56.0,29.2,1405.0
Vasant Kunj,28.52,77.1577,2026-09-20 22:00:00,29.0,66,0.0,1.9,89.2,113.9,61.4,41.0,30.5,1729.0
Vasant Kunj,28.52,77.1577,2026-09-20 23:00:00,28.8,70,0.0,3.7,97.6,122.9,67.0,29.0,31.7,1956.0
Vasant Kunj,28.52,77.1577,2026-09-21 00:00:00,27.9,72,0.0,3.8,103.6,130.4,72.0,21.0,32.7,2032.0
Vasant Kunj,28.52,77.1577,2026-09-21 01:00:00,27.2,76,0.0,3.7,109.0,136.4,76.1,16.0,33.7,2010.0
Vasant Kunj,28.52,77.1577,2026-09-21 02:00:00,26.6,78,0.0,3.7,112.7,140.6,79.2,13.0,35.0,1925.0
Vasant Kunj,28.52,77.1577,2026-09-21 03:00:00,26.2,78,0.0,4.0,115.0,143.0,82.2,6.0,36.7,1748.0
Vasant Kunj,28.52,77.1577,2026-09-21 04:00:00,25.8,79,0.0,3.8,117.3,144.8,84.0,0.0,38.6,1507.0
Vasant Kunj,28.52,77.1577,2026-09-21 05:00:00,26.5,81,0.0,1.5,57.3,72.4,30.8,44.0,25.0,1324.0
Vasant Kunj,28.52,77.1577,2026-09-21 06:00:00,26.2,82,0.0,2.7,60.5,75.2,35.1,53.0,27.3,1280.0
Vasant Kunj,28.52,77.1577,2026-09-21 07:00:00,27.5,76,0.0,3.3,65.7,77.3,40.7,67.0,30.7,1294.0
Vasant Kunj,28.52,77.1577,2026-09-21 08:00:00,29.0,70,0.0,2.0,63.1,75.9,41.8,92.0,34.8,1237.0
Vasant Kunj,28.52,77.1577,2026-09-21 09:00:00,30.7,60,0.0,3.0,58.1,79.2,34.3,139.0,41.1,1018.0
Vasant Kunj,28.52,77.1577,2026-09-21 10:00:00,31.9,52,0.0,4.2,58.8,92.7,22.3,198.0,48.1,728.0
Vasant Kunj,28.52,77.1577,2026-09-21 11:00:00,32.8,47,0.0,5.4,64.3,108.5,12.9,244.0,51.6,515.0
Vasant Kunj,28.52,77.1577,2026-09-21 12:00:00,33.2,45,0.0,4.2,66.4,116.9,8.2,270.0,48.6,446.0
Vasant Kunj,28.52,77.1577,2026-09-21 13:00:00,33.5,43,0.0,3.9,67.1,119.7,6.1,284.0,42.1,455.0
Vasant Kunj,28.52,77.1577,2026-09-21 14:00:00,33.7,44,0.0,4.2,66.8,114.6,7.2,285.0,36.8,489.0
Vasant Kunj,28.52,77.1577,2026-09-21 15:00:00,33.3,44,0.0,6.0,67.1,113.9,12.8,270.0,34.2,528.0
Vasant Kunj,28.52,77.1577,2026-09-21 16:00:00,32.5,48,0.0,7.0,69.2,109.4,21.6,243.0,32.8,592.0
Vasant Kunj,28.52,77.1577,2026-09-21 17:00:00,32.4,50,0.0,6.5,76.1,110.1,27.4,239.0,38.0,691.0
Vasant Kunj,28.52,77.1577,2026-09-21 18:00:00,31.1,54,0.0,6.1,89.2,119.2,41.7,198.0,41.5,849.0
Vasant Kunj,28.52,77.1577,2026-09-21 19:00:00,30.4,57,0.0,5.6,99.0,128.1,61.7,141.0,46.4,1041.0
Vasant Kunj,28.52,77.1577,2026-09-21 20:00:00,29.5,63,0.0,4.0,102.9,130.4,79.0,92.0,50.9,1206.0
Vasant Kunj,28.52,77.1577,2026-09-21 21:00:00,28.8,67,0.0,3.6,108.5,134.6,91.0,62.0,54.5,1338.0
Vasant Kunj,28.52,77.1577,2026-09-21 22:00:00,28.5,68,0.0,3.4,121.5,148.5,100.3,41.0,57.6,1443.0
Vasant Kunj,28.52,77.1577,2026-09-21 23:00:00,28.8,70,0.0,2.8,131.8,160.7,106.8,25.0,59.4,1474.0
Vasant Kunj,28.52,77.1577,2026-09-22 00:00:00,28.0,72,0.0,1.5,136.4,167.2,109.7,15.0,59.1,1385.0
Vasant Kunj,28.52,77.1577,2026-09-22 01:00:00,27.6,73,0.0,2.1,137.8,170.0,109.7,10.0,57.5,1223.0
Vasant Kunj,28.52,77.1577,2026-09-22 02:00:00,27.0,75,0.0,2.7,137.8,170.0,108.6,7.0,56.2,1081.0
Vasant Kunj,28.52,77.1577,2026-09-22 03:00:00,26.7,77,0.0,2.4,136.9,169.0,108.0,0.0,55.7,980.0
Vasant Kunj,28.52,77.1577,2026-09-22 04:00:00,26.3,78,0.0,2.4,136.0,168.1,106.3,0.0,55.5,898.0
Vasant Kunj,28.52,77.1577,2026-09-22 05:00:00,26.0,83,0.0,1.3,126.7,157.4,95.8,2.0,48.6,870.0
Vasant Kunj,28.52,77.1577,2026-09-22 06:00:00,26.0,82,0.0,0.8,114.8,144.4,86.9,30.0,48.6,954.0
Vasant Kunj,28.52,77.1577,2026-09-22 07:00:00,27.3,76,0.0,1.6,108.0,139.2,74.0,72.0,48.5,1091.0
Vasant Kunj,28.52,77.1577,2026-09-22 08:00:00,29.5,65,0.0,1.4,89.6,148.1,59.7,116.0,48.6,1136.0
Vasant Kunj,28.52,77.1577,2026-09-22 09:00:00,31.5,54,0.0,0.0,70.8,148.5,42.6,166.0,49.3,992.0
Vasant Kunj,28.52,77.1577,2026-09-22 10:00:00,32.8,48,0.0,3.1,67.1,136.0,24.1,219.0,50.1,755.0
Vasant Kunj,28.52,77.1577,2026-09-22 11:00:00,34.3,44,0.0,5.0,64.3,120.6,10.7,260.0,49.4,572.0
Vasant Kunj,28.52,77.1577,2026-09-22 12:00:00,34.5,43,0.0,5.6,62.9,116.4,5.3,283.0,45.9,503.0
Vasant Kunj,28.52,77.1577,2026-09-22 13:00:00,35.2,39,0.0,6.6,61.0,110.4,5.0,292.0,41.0,488.0
Vasant Kunj,28.52,77.1577,2026-09-22 14:00:00,35.5,37,0.0,8.1,58.4,105.2,7.5,289.0,36.5,485.0
Vasant Kunj,28.52,77.1577,2026-09-22 15:00:00,35.4,36,0.0,9.3,57.3,121.1,12.8,268.0,33.0,471.0
Vasant Kunj,28.52,77.1577,2026-09-22 16:00:00,34.8,38,0.0,10.2,55.6,119.0,20.8,235.0,30.0,470.0
Vasant Kunj,28.52,77.1577,2026-09-22 17:00:00,34.0,45,0.0,9.8,55.4,101.7,25.5,219.0,31.5,512.0
Vasant Kunj,28.52,77.1577,2026-09-22 18:00:00,32.5,51,0.0,7.8,60.3,108.7,36.8,184.0,33.5,624.0
Vasant Kunj,28.52,77.1577,2026-09-22 19:00:00,31.8,56,0.0,5.6,65.4,114.8,52.7,135.0,36.3,779.0
Vasant Kunj,28.52,77.1577,2026-09-22 20:00:00,31.2,59,0.0,3.3,68.7,118.3,66.4,94.0,38.9,921.0
Vasant Kunj,28.52,77.1577,2026-09-22 21:00:00,30.8,62,0.0,2.4,72.6,120.1,75.4,69.0,41.1,1042.0
Vasant Kunj,28.52,77.1577,2026-09-22 22:00:00,30.4,64,0.0,0.9,77.1,124.3,82.3,51.0,43.1,1150.0
Vasant Kunj,28.52,77.1577,2026-09-22 23:00:00,30.3,68,0.0,3.0,83.6,132.2,88.1,37.0,44.6,1213.0
Vasant Kunj,28.52,77.1577,2026-09-23 00:00:00,29.2,72,0.0,3.1,89.6,141.1,93.7,26.0,45.6,1207.0
Vasant Kunj,28.52,77.1577,2026-09-23 01:00:00,28.4,76,0.0,3.8,96.9,150.4,98.2,19.0,46.1,1156.0
Vasant Kunj,28.52,77.1577,2026-09-23 02:00:00,27.9,79,0.0,4.0,102.2,155.5,100.0,14.0,46.4,1105.0
Vasant Kunj,28.52,77.1577,2026-09-23 03:00:00,27.4,82,0.0,3.9,105.2,156.9,99.0,7.0,46.2,1068.0
Vasant Kunj,28.52,77.1577,2026-09-23 04:00:00,26.7,85,0.0,3.5,107.3,158.3,95.4,2.0,45.8,1030.0
Vasant Kunj,28.52,77.1577,2026-09-23 05:00:00,27.0,81,0.0,3.2,72.9,122.9,51.5,39.0,41.4,996.0
Vasant Kunj,28.52,77.1577,2026-09-23 06:00:00,26.4,84,0.0,3.1,80.3,131.8,48.6,59.0,43.0,978.0
Vasant Kunj,28.52,77.1577,2026-09-23 07:00:00,27.8,77,0.0,2.3,82.9,127.6,44.2,87.0,45.1,964.0
Vasant Kunj,28.52,77.1577,2026-09-23 08:00:00,29.8,64,0.0,2.8,65.2,117.3,38.3,120.0,46.5,920.0
Vasant Kunj,28.52,77.1577,2026-09-23 09:00:00,31.4,56,0.0,1.8,58.0,119.7,29.5,161.0,46.8,815.0
Vasant Kunj,28.52,77.1577,2026-09-23 10:00:00,32.7,52,0.0,1.6,55.5,114.1,19.1,206.0,46.2,680.0
Vasant Kunj,28.52,77.1577,2026-09-23 11:00:00,34.6,48,0.0,4.1,53.6,105.7,11.3,241.0,44.4,575.0
Vasant Kunj,28.52,77.1577,2026-09-23 12:00:00,35.4,41,0.0,5.0,52.5,99.2,7.4,259.0,40.1,522.0
Vasant Kunj,28.52,77.1577,2026-09-23 13:00:00,36.1,36,0.0,6.1,50.8,90.3,6.1,267.0,34.6,498.0
Vasant Kunj,28.52,77.1577,2026-09-23 14:00:00,36.2,35,0.0,7.2,50.1,84.3,7.8,269.0,30.6,498.0
Vasant Kunj,28.52,77.1577,2026-09-23 15:00:00,36.1,35,0.0,8.0,51.2,82.7,11.5,269.0,29.4,515.0
Vasant Kunj,28.52,77.1577,2026-09-23 16:00:00,35.7,35,0.0,8.3,52.9,82.2,18.2,264.0,29.8,555.0
Vasant Kunj,28.52,77.1577,2026-09-23 17:00:00,34.7,38,0.0,6.8,56.7,79.6,30.3,227.0,30.5,636.0
Vasant Kunj,28.52,77.1577,2026-09-23 18:00:00,32.7,44,0.0,7.7,71.9,94.1,50.6,183.0,34.6,795.0
Vasant Kunj,28.52,77.1577,2026-09-23 19:00:00,31.9,47,0.0,6.4,88.2,111.5,78.0,123.0,40.0,994.0
Vasant Kunj,28.52,77.1577,2026-09-23 20:00:00,31.3,49,0.0,6.1,98.5,122.5,94.2,77.0,43.1,1134.0
Vasant Kunj,28.52,77.1577,2026-09-23 21:00:00,30.8,51,0.0,6.4,101.0,129.0,89.3,60.0,41.8,1178.0
Vasant Kunj,28.52,77.1577,2026-09-23 22:00:00,30.2,55,0.0,5.6,97.3,131.3,73.3,58.0,38.1,1163.0
Vasant Kunj,28.52,77.1577,2026-09-23 23:00:00,30.4,56,0.0,6.8,90.3,130.9,57.8,58.0,34.0,1105.0
Vasant Kunj,28.52,77.1577,2026-09-24 00:00:00,28.4,68,0.0,5.5,83.1,132.2,46.0,59.0,29.5,985.0
Vasant Kunj,28.52,77.1577,2026-09-24 01:00:00,27.7,74,0.0,4.4,79.6,170.9,34.8,62.0,24.6,822.0
Vasant Kunj,28.52,77.1577,2026-09-24 02:00:00,27.2,75,0.0,6.8,77.5,202.1,26.6,64.0,20.8,693.0
Vasant Kunj,28.52,77.1577,2026-09-24 03:00:00,26.5,78,0.0,8.2,68.2,171.8,23.3,60.0,18.7,627.0
Vasant Kunj,28.52,77.1577,2026-09-24 04:00:00,25.9,82,0.0,6.9,59.4,136.0,23.0,53.0,17.8,594.0
Vasant Kunj,28.52,77.1577,2026-09-24 05:00:00,26.2,84,0.0,4.1,53.8,119.7,22.8,51.0,17.3,582.0
Vasant Kunj,28.52,77.1577,2026-09-24 06:00:00,25.8,87,0.0,3.7,51.0,110.6,21.9,55.0,17.3,602.0
Vasant Kunj,28.52,77.1577,2026-09-24 07:00:00,26.7,85,0.0,10.3,46.2,139.7,21.1,64.0,17.9,642.0
Vasant Kunj,28.52,77.1577,2026-09-24 08:00:00,28.1,80,0.0,10.4,33.5,71.5,19.3,80.0,18.4,652.0
Vasant Kunj,28.52,77.1577,2026-09-24 09:00:00,29.2,74,0.0,11.5,28.1,49.8,15.6,110.0,18.8,600.0
Vasant Kunj,28.52,77.1577,2026-09-24 10:00:00,30.5,68,0.0,8.8,28.6,41.6,11.0,147.0,19.2,517.0
Vasant Kunj,28.52,77.1577,2026-09-24 11:00:00,32.0,58,0.0,7.4,33.1,47.3,7.6,178.0,19.5,448.0
Vasant Kunj,28.52,77.1577,2026-09-24 12:00:00,32.9,50,0.0,7.0,38.0,69.8,5.7,197.0,19.5,408.0
Vasant Kunj,28.52,77.1577,2026-09-24 13:00:00,33.7,46,0.0,4.4,40.2,82.4,5.1,210.0,19.5,383.0
Vasant Kunj,28.52,77.1577,2026-09-24 14:00:00,34.2,42,0.0,3.8,40.7,84.8,6.6,213.0,19.7,372.0
Vasant Kunj,28.52,77.1577,2026-09-24 15:00:00,34.0,41,0.0,4.2,41.2,84.8,11.8,204.0,20.5,373.0
Vasant Kunj,28.52,77.1577,2026-09-24 16:00:00,33.7,41,0.0,4.4,41.8,83.4,19.3,187.0,21.5,389.0
Vasant Kunj,28.52,77.1577,2026-09-24 17:00:00,32.8,43,0.0,7.2,46.1,99.4,25.5,166.0,22.3,426.0
Vasant Kunj,28.52,77.1577,2026-09-24 18:00:00,31.2,53,0.0,12.0,54.5,140.6,29.7,141.0,22.8,512.0
Vasant Kunj,28.52,77.1577,2026-09-24 19:00:00,30.0,61,0.0,10.8,62.2,213.7,32.7,114.0,23.2,620.0
Vasant Kunj,28.52,77.1577,2026-09-24 20:00:00,29.3,65,0.0,9.5,64.5,258.0,33.6,93.0,23.2,677.0
Vasant Kunj,28.52,77.1577,2026-09-24 21:00:00,28.6,68,0.0,9.0,64.0,265.4,31.3,86.0,22.6,643.0
Vasant Kunj,28.52,77.1577,2026-09-24 22:00:00,28.0,71,0.0,7.6,63.3,272.9,27.0,86.0,21.6,559.0
Vasant Kunj,28.52,77.1577,2026-09-24 23:00:00,27.3,74,0.0,7.0,65.2,309.2,23.3,84.0,21.1,476.0
Vasant Kunj,28.52,77.1577,2026-09-25 00:00:00,26.7,78,0.0,7.9,62.2,302.7,21.0,76.0,21.4,404.0
Vasant Kunj,28.52,77.1577,2026-09-25 01:00:00,26.2,81,0.0,7.6,55.3,268.2,19.3,67.0,22.2,333.0
Vasant Kunj,28.52,77.1577,2026-09-25 02:00:00,25.6,84,0.0,6.3,48.1,230.5,18.9,57.0,22.9,285.0
Vasant Kunj,28.52,77.1577,2026-09-25 03:00:00,25.2,86,0.0,4.3,39.5,172.8,20.9,46.0,23.1,271.0
Vasant Kunj,28.52,77.1577,2026-09-25 04:00:00,24.8,88,0.0,4.3,31.4,106.4,24.3,36.0,23.3,279.0
Vasant Kunj,28.52,77.1577,2026-09-25 05:00:00,24.5,90,0.0,2.1,29.7,86.4,26.2,31.0,23.8,300.0
Vasant Kunj,28.52,77.1577,2026-09-25 06:00:00,24.4,91,0.0,1.0,31.3,74.7,25.5,34.0,25.6,342.0
Vasant Kunj,28.52,77.1577,2026-09-25 07:00:00,25.4,85,0.0,2.8,27.9,58.3,23.4,41.0,27.9,396.0
Vasant Kunj,28.52,77.1577,2026-09-25 08:00:00,27.0,74,0.0,4.3,21.1,43.8,20.5,54.0,28.3,426.0
Vasant Kunj,28.52,77.1577,2026-09-25 09:00:00,28.6,65,0.0,6.3,15.9,30.0,16.2,74.0,25.1,403.0
Vasant Kunj,28.52,77.1577,2026-09-25 10:00:00,30.0,59,0.0,5.0,20.7,88.0,11.0,98.0,20.1,356.0
Vasant Kunj,28.52,77.1577,2026-09-25 11:00:00,31.4,53,0.0,4.6,19.4,64.0,7.2,118.0,16.2,329.0
Vasant Kunj,28.52,77.1577,2026-09-25 12:00:00,32.4,49,0.0,5.2,16.8,43.2,5.4,132.0,14.6,342.0
Vasant Kunj,28.52,77.1577,2026-09-25 13:00:00,32.7,47,0.0,6.2,16.2,39.1,4.9,143.0,14.2,377.0
Vasant Kunj,28.52,77.1577,2026-09-25 14:00:00,32.8,47,0.0,5.2,16.6,38.9,6.0,148.0,14.4,421.0
Vasant Kunj,28.52,77.1577,2026-09-25 15:00:00,33.1,43,0.0,3.1,17.2,38.2,9.4,147.0,15.3,490.0
Vasant Kunj,28.52,77.1577,2026-09-25 16:00:00,33.1,42,0.0,2.7,18.1,37.6,14.3,141.0,16.9,570.0
Vasant Kunj,28.52,77.1577,2026-09-25 17:00:00,32.5,45,0.0,2.9,20.3,35.2,19.0,130.0,18.4,605.0
Vasant Kunj,28.52,77.1577,2026-09-25 18:00:00,31.2,48,0.0,3.6,22.8,36.6,23.2,111.0,19.6,556.0
Vasant Kunj,28.52,77.1577,2026-09-25 19:00:00,30.2,55,0.0,4.4,23.1,38.0,27.2,86.0,20.7,462.0
Vasant Kunj,28.52,77.1577,2026-09-25 20:00:00,29.5,61,0.0,7.3,21.7,42.3,29.8,66.0,21.2,392.0
Vasant Kunj,28.52,77.1577,2026-09-25 21:00:00,28.6,65,0.0,11.0,21.1,47.1,30.2,54.0,20.7,379.0
Vasant Kunj,28.52,77.1577,2026-09-25 22:00:00,27.1,72,0.0,9.7,20.6,45.3,29.3,46.0,19.5,389.0
Vasant Kunj,28.52,77.1577,2026-09-25 23:00:00,26.5,75,0.0,5.9,22.4,68.0,28.4,40.0,18.6,388.0
Vasant Kunj,28.52,77.1577,2026-09-26 00:00:00,26.2,77,0.0,0.8,21.8,68.5,27.8,36.0,17.9,358.0
Vasant Kunj,28.52,77.1577,2026-09-26 01:00:00,25.9,78,0.0,1.2,18.7,39.1,27.3,35.0,17.4,318.0
Vasant Kunj,28.52,77.1577,2026-09-26 02:00:00,25.4,79,0.0,5.5,18.2,29.7,27.8,34.0,18.2,289.0
Vasant Kunj,28.52,77.1577,2026-09-26 03:00:00,24.8,81,0.0,5.2,19.7,38.3,30.1,32.0,21.2,274.0
Vasant Kunj,28.52,77.1577,2026-09-26 04:00:00,24.3,83,0.0,6.8,23.7,60.5,33.3,30.0,25.4,269.0
Vasant Kunj,28.52,77.1577,2026-09-26 05:00:00,23.9,86,0.0,1.8,26.1,62.6,36.1,29.0,29.1,286.0
Vasant Kunj,28.52,77.1577,2026-09-26 06:00:00,23.7,86,0.0,5.4,30.2,72.4,38.6,29.0,31.9,350.0
Vasant Kunj,28.52,77.1577,2026-09-26 07:00:00,24.9,81,0.0,4.0,32.4,70.1,40.6,31.0,34.1,437.0
Vasant Kunj,28.52,77.1577,2026-09-26 08:00:00,26.8,71,0.0,6.9,27.6,41.8,40.1,38.0,34.7,480.0
Vasant Kunj,28.52,77.1577,2026-09-26 09:00:00,29.0,63,0.0,6.4,20.5,29.7,35.0,52.0,32.4,436.0
Vasant Kunj,28.52,77.1577,2026-09-26 10:00:00,30.7,56,0.0,7.8,17.4,29.4,27.4,71.0,28.5,349.0
Vasant Kunj,28.52,77.1577,2026-09-26 11:00:00,31.2,51,0.0,11.5,16.8,32.9,21.4,88.0,25.8,286.0
Vasant Kunj,28.52,77.1577,2026-09-26 12:00:00,29.3,58,0.1,12.0,18.0,36.4,18.4,104.0,25.8,276.0
Vasant Kunj,28.52,77.1577,2026-09-26 13:00:00,25.1,89,1.4,16.0,19.7,35.0,17.1,120.0,27.1,291.0
Vasant Kunj,28.52,77.1577,2026-09-26 14:00:00,24.4,89,1.5,12.3,20.1,41.4,17.2,127.0,27.8,313.0
Vasant Kunj,28.52,77.1577,2026-09-26 15:00:00,24.1,89,1.3,13.3,37.0,204.0,18.9,122.0,27.1,345.0
Vasant Kunj,28.52,77.1577,2026-09-26 16:00:00,24.7,80,0.1,13.0,43.2,253.3,22.0,110.0,25.8,384.0
Vasant Kunj,28.52,77.1577,2026-09-26 17:00:00,25.0,71,0.0,12.2,49.2,281.3,25.9,97.0,25.4,409.0
Vasant Kunj,28.52,77.1577,2026-09-26 18:00:00,25.0,70,0.0,9.9,51.8,259.8,32.0,82.0,26.4,410.0
Vasant Kunj,28.52,77.1577,2026-09-26 19:00:00,24.8,72,0.0,6.5,57.6,279.4,38.9,66.0,28.2,397.0
Vasant Kunj,28.52,77.1577,2026-09-26 20:00:00,24.5,74,0.0,6.7,66.6,341.8,42.3,58.0,30.0,378.0
Vasant Kunj,28.52,77.1577,2026-09-26 21:00:00,24.3,77,0.0,6.7,71.9,380.0,39.7,61.0,32.0,353.0
Vasant Kunj,28.52,77.1577,2026-09-26 22:00:00,23.8,79,0.0,6.1,78.0,415.4,33.5,72.0,34.0,322.0
Vasant Kunj,28.52,77.1577,2026-09-26 23:00:00,23.5,80,0.0,6.7,90.6,499.2,27.4,85.0,34.9,294.0
Vasant Kunj,28.52,77.1577,2026-09-27 00:00:00,23.1,83,0.0,3.8,107.3,610.9,21.9,101.0,33.7,265.0
Vasant Kunj,28.52,77.1577,2026-09-27 01:00:00,23.1,82,0.0,6.3,115.0,646.3,16.3,120.0,31.3,239.0
Vasant Kunj,28.52,77.1577,2026-09-27 02:00:00,22.7,82,0.0,7.0,114.6,622.1,12.5,132.0,29.4,236.0
Vasant Kunj,28.52,77.1577,2026-09-27 03:00:00,22.4,82,0.0,7.9,103.1,514.1,11.1,134.0,28.5,270.0
Vasant Kunj,28.52,77.1577,2026-09-27 04:00:00,22.1,85,0.0,4.6,93.1,423.8,11.4,130.0,28.1,328.0
Vasant Kunj,28.52,77.1577,2026-09-27 05:00:00,21.7,88,0.0,2.8,70.8,215.1,13.0,125.0,27.9,388.0
Vasant Kunj,28.52,77.1577,2026-09-27 06:00:00,21.9,88,0.0,2.9,68.7,184.9,17.1,116.0,28.1,457.0
Vasant Kunj,28.52,77.1577,2026-09-27 07:00:00,23.3,83,0.0,2.8,70.8,176.0,22.4,107.0,28.5,528.0
Vasant Kunj,28.52,77.1577,2026-09-27 08:00:00,25.5,74,0.0,2.4,72.4,187.2,24.6,111.0,28.6,559.0
Vasant Kunj,28.52,77.1577,2026-09-27 09:00:00,27.7,65,0.0,4.0,71.2,195.1,20.4,141.0,27.8,518.0
Vasant Kunj,28.52,77.1577,2026-09-27 10:00:00,29.2,62,0.0,3.6,70.8,196.0,13.0,186.0,26.6,436.0
Vasant Kunj,28.52,77.1577,2026-09-27 11:00:00,30.6,57,0.0,5.8,84.5,313.9,7.5,222.0,26.0,369.0
Vasant Kunj,28.52,77.1577,2026-09-27 12:00:00,31.4,54,0.1,7.1,84.3,314.8,5.5,244.0,26.2,326.0
Vasant Kunj,28.52,77.1577,2026-09-27 13:00:00,32.1,51,0.0,6.9,71.5,205.4,5.4,258.0,27.0,298.0
Vasant Kunj,28.52,77.1577,2026-09-27 14:00:00,32.3,49,0.0,7.0,79.6,262.6,6.8,262.0,28.1,304.0
Vasant Kunj,28.52,77.1577,2026-09-27 15:00:00,32.2,49,0.0,6.0,69.8,185.3,10.5,254.0,30.1,364.0
Vasant Kunj,28.52,77.1577,2026-09-27 16:00:00,31.9,51,0.0,3.7,68.7,167.6,15.7,237.0,32.6,459.0
Vasant Kunj,28.52,77.1577,2026-09-27 17:00:00,30.8,60,0.0,4.1,73.1,229.1,19.8,211.0,33.4,552.0
Vasant Kunj,28.52,77.1577,2026-09-27 18:00:00,29.0,64,0.0,10.9,75.0,291.5,21.8,172.0,31.5,649.0
Vasant Kunj,28.52,77.1577,2026-09-27 19:00:00,27.0,74,0.0,8.7,71.0,339.0,22.7,125.0,28.1,744.0
Vasant Kunj,28.52,77.1577,2026-09-27 20:00:00,26.5,80,0.1,7.8,61.7,319.4,23.3,87.0,24.7,785.0
Vasant Kunj,28.52,77.1577,2026-09-27 21:00:00,25.8,84,0.0,7.1,53.3,285.0,23.6,66.0,21.6,734.0
Vasant Kunj,28.52,77.1577,2026-09-27 22:00:00,25.3,86,0.0,7.4,43.8,226.3,23.5,54.0,18.6,629.0
Vasant Kunj,28.52,77.1577,2026-09-27 23:00:00,24.8,89,0.0,7.0,37.1,184.9,23.3,46.0,16.3,534.0
Vasant Kunj,28.52,77.1577,2026-09-28 00:00:00,24.4,91,0.0,5.2,33.2,160.7,22.7,41.0,15.0,466.0
Vasant Kunj,28.52,77.1577,2026-09-28 01:00:00,24.0,91,0.0,2.2,29.9,134.6,22.0,40.0,14.4,408.0
Vasant Kunj,28.52,77.1577,2026-09-28 02:00:00,23.7,92,0.0,1.2,25.8,94.3,22.2,38.0,14.4,369.0
Vasant Kunj,28.52,77.1577,2026-09-28 03:00:00,23.4,94,0.0,1.9,22.5,56.6,24.0,32.0,14.9,360.0
Vasant Kunj,28.52,77.1577,2026-09-28 04:00:00,23.1,97,0.0,4.1,21.5,39.9,26.6,25.0,16.1,371.0
Vasant Kunj,28.52,77.1577,2026-09-28 05:00:00,23.1,98,0.0,5.6,21.9,32.4,28.7,23.0,18.2,379.5
Vasant Kunj,28.52,77.1577,2026-09-28 06:00:00,23.5,95,0.0,5.6,26.1,33.4,30.2,24.0,21.5,408.5
Vasant Kunj,28.52,77.1577,2026-09-28 07:00:00,24.2,90,0.0,4.6,28.7,36.1,31.2,30.0,25.7,476.0
Vasant Kunj,28.52,77.1577,2026-09-28 08:00:00,25.2,84,0.0,3.5,31.4,49.1,30.5,48.0,30.0,552.0
Vasant Kunj,28.52,77.1577,2026-09-28 09:00:00,26.7,78,0.0,2.4,33.4,69.4,27.0,86.0,34.5,541.0
Vasant Kunj,28.52,77.1577,2026-09-28 10:00:00,28.5,71,0.0,2.1,38.3,98.7,21.9,136.0,39.0,501.0
Vasant Kunj,28.52,77.1577,2026-09-28 11:00:00,30.0,65,0.0,2.6,45.5,131.8,17.4,181.0,42.1,470.0
Vasant Kunj,28.52,77.1577,2026-09-28 12:00:00,31.5,57,0.0,4.6,51.1,152.3,13.7,217.0,42.9,460.0
Vasant Kunj,28.52,77.1577,2026-09-28 13:00:00,32.8,50,0.0,6.8,52.7,151.3,10.5,248.0,42.3,460.0
Vasant Kunj,28.52,77.1577,2026-09-28 14:00:00,32.9,48,0.0,7.7,53.8,140.2,10.1,263.0,41.4,471.0
Vasant Kunj,28.52,77.1577,2026-09-28 15:00:00,30.9,55,0.6,5.4,53.9,125.7,14.5,251.0,40.5,503.0
Vasant Kunj,28.52,77.1577,2026-09-28 16:00:00,27.7,70,0.6,2.8,52.6,117.6,21.5,222.0,39.4,548.0
Vasant Kunj,28.52,77.1577,2026-09-28 17:00:00,25.3,85,0.6,3.9,52.0,113.2,26.7,201.0,38.6,580.0
Vasant Kunj,28.52,77.1577,2026-09-28 18:00:00,24.5,91,0.1,5.4,64.32494004796163,163.75721822541968,34.71918465227818,96.20911270983214,27.67671462829736,719.0801318944845
Vasant Kunj,28.52,77.1577,2026-09-28 19:00:00,24.4,93,0.1,6.5,64.32494004796163,163.75721822541968,34.71918465227818,96.20911270983214,27.67671462829736,719.0801318944845
Vasant Kunj,28.52,77.1577,2026-09-28 20:00:00,24.4,94,0.1,6.8,64.32494004796163,163.75721822541968,34.71918465227818,96.20911270983214,27.67671462829736,719.0801318944845
Vasant Kunj,28.52,77.1577,2026-09-28 21:00:00,24.1,94,0.0,6.9,64.32494004796163,163.75721822541968,34.71918465227818,96.20911270983214,27.67671462829736,719.0801318944845
Vasant Kunj,28.52,77.1577,2026-09-28 22:00:00,23.8,94,0.0,7.6,64.32494004796163,163.75721822541968,34.71918465227818,96.20911270983214,27.67671462829736,719.0801318944845
Vasant Kunj,28.52,77.1577,2026-09-28 23:00:00,23.6,94,0.0,8.8,64.32494004796163,163.75721822541968,34.71918465227818,96.20911270983214,27.67671462829736,719.0801318944845
Noida,28.5355,77.391,2026-08-25 00:00:00,28.0,94,0.0,2.0,113.6,142.0,98.8,10.0,64.3,953.0
Noida,28.5355,77.391,2026-08-25 01:00:00,27.9,95,0.0,0.6,117.6,146.7,101.8,4.0,62.7,866.0
Noida,28.5355,77.391,2026-08-25 02:00:00,27.8,95,0.0,0.9,118.7,146.7,99.7,3.0,59.2,784.0
Noida,28.5355,77.391,2026-08-25 03:00:00,27.7,96,0.0,0.4,115.3,142.0,88.2,8.0,52.1,677.0
Noida,28.5355,77.391,2026-08-25 04:00:00,27.7,96,0.0,0.2,96.6,117.8,71.5,19.0,43.0,574.0
Noida,28.5355,77.391,2026-08-25 05:00:00,26.5,97,0.1,2.4,66.6,82.0,41.8,44.0,35.3,561.0
Noida,28.5355,77.391,2026-08-25 06:00:00,26.2,97,2.5,10.1,63.6,77.3,43.3,43.0,35.5,739.0
Noida,28.5355,77.391,2026-08-25 07:00:00,26.2,96,1.6,0.4,59.6,75.4,45.1,45.0,36.1,1007.0
Noida,28.5355,77.391,2026-08-25 08:00:00,27.0,93,0.9,2.6,61.0,77.5,44.6,60.0,38.5,1144.0
Noida,28.5355,77.391,2026-08-25 09:00:00,28.9,87,0.2,4.8,58.7,76.8,40.0,100.0,45.1,1018.0
Noida,28.5355,77.391,2026-08-25 10:00:00,30.2,80,0.0,6.1,55.9,75.0,33.2,155.0,53.6,761.0
Noida,28.5355,77.391,2026-08-25 11:00:00,31.7,67,0.0,4.9,58.7,80.6,26.7,204.0,58.5,554.0
Noida,28.5355,77.391,2026-08-25 12:00:00,32.0,66,0.1,5.9,62.6,84.5,20.6,243.0,56.4,462.0
Noida,28.5355,77.391,2026-08-25 13:00:00,32.4,65,0.1,3.7,65.9,87.8,14.9,277.0,50.7,420.0
Noida,28.5355,77.391,2026-08-25 14:00:00,32.5,64,0.2,3.1,68.9,92.7,12.1,296.0,46.1,413.0
Noida,28.5355,77.391,2026-08-25 15:00:00,32.7,64,0.1,2.7,71.5,96.6,10.1,301.0,43.7,390.0
Noida,28.5355,77.391,2026-08-25 16:00:00,32.5,65,0.0,2.9,73.6,102.9,11.0,291.0,42.3,402.0
Noida,28.5355,77.391,2026-08-25 17:00:00,28.9,92,0.1,1.2,65.4,74.7,35.4,216.0,56.0,591.0
Noida,28.5355,77.391,2026-08-25 18:00:00,28.7,91,0.3,3.2,68.9,75.0,41.6,183.0,54.5,1182.0
Noida,28.5355,77.391,2026-08-25 19:00:00,28.2,94,0.0,2.7,75.9,79.9,50.2,137.0,52.5,1950.0
Noida,28.5355,77.391,2026-08-25 20:00:00,28.0,95,0.0,2.1,84.1,86.8,57.8,99.0,51.7,2364.0
Noida,28.5355,77.391,2026-08-25 21:00:00,27.9,94,0.0,1.5,91.7,93.8,63.6,77.0,53.4,2083.0
Noida,28.5355,77.391,2026-08-25 22:00:00,27.4,96,0.0,3.2,101.3,103.1,68.4,63.0,56.3,1447.0
Noida,28.5355,77.391,2026-08-25 23:00:00,27.9,95,0.0,2.6,111.5,113.2,70.8,51.0,57.8,945.0
Noida,28.5355,77.391,2026-08-26 00:00:00,27.7,95,0.0,2.5,115.3,116.6,69.1,41.0,56.1,779.0
Noida,28.5355,77.391,2026-08-26 01:00:00,27.3,96,0.0,3.5,122.9,124.3,65.1,33.0,53.1,746.0
Noida,28.5355,77.391,2026-08-26 02:00:00,27.2,96,0.0,3.6,126.7,128.1,63.0,26.0,51.1,726.0
Noida,28.5355,77.391,2026-08-26 03:00:00,27.1,96,0.0,2.9,130.4,131.8,66.7,14.0,51.1,673.0
Noida,28.5355,77.391,2026-08-26 04:00:00,26.9,96,0.0,2.4,136.4,138.3,72.4,3.0,52.3,632.0
Noida,28.5355,77.391,2026-08-26 05:00:00,27.5,97,0.0,0.4,108.3,108.3,52.3,37.0,57.9,620.0
Noida,28.5355,77.391,2026-08-26 06:00:00,26.3,96,1.6,9.0,117.6,117.6,50.1,60.0,61.5,664.0
Noida,28.5355,77.391,2026-08-26 07:00:00,26.5,95,2.8,5.5,104.5,104.8,46.8,93.0,66.3,737.0
Noida,28.5355,77.391,2026-08-26 08:00:00,27.4,94,0.5,1.1,88.0,90.3,41.7,133.0,69.1,776.0
Noida,28.5355,77.391,2026-08-26 09:00:00,28.2,91,0.2,4.4,73.6,79.6,33.3,183.0,68.3,741.0
Noida,28.5355,77.391,2026-08-26 10:00:00,29.3,85,0.2,3.5,70.5,79.6,23.0,239.0,65.5,672.0
Noida,28.5355,77.391,2026-08-26 11:00:00,30.3,79,0.1,5.8,72.9,83.8,15.1,284.0,61.6,623.0
Noida,28.5355,77.391,2026-08-26 12:00:00,31.5,75,0.3,2.1,77.8,89.6,10.8,316.0,56.8,610.0
Noida,28.5355,77.391,2026-08-26 13:00:00,32.3,71,0.0,2.2,81.5,94.5,8.8,338.0,50.9,617.0
Noida,28.5355,77.391,2026-08-26 14:00:00,32.4,71,0.0,3.8,82.0,95.5,8.9,342.0,45.1,657.0
Noida,28.5355,77.391,2026-08-26 15:00:00,32.4,69,0.0,3.9,79.2,93.8,9.4,325.0,38.8,684.0
Noida,28.5355,77.391,2026-08-26 16:00:00,32.3,68,0.0,5.6,76.1,96.6,12.0,290.0,32.6,744.0
Noida,28.5355,77.391,2026-08-26 17:00:00,28.7,92,0.1,5.5,73.6,99.9,30.9,155.0,24.1,986.0
Noida,28.5355,77.391,2026-08-26 18:00:00,28.5,93,0.9,3.1,72.9,87.5,43.2,122.0,25.1,1662.0
Noida,28.5355,77.391,2026-08-26 19:00:00,27.8,97,0.3,7.4,82.7,93.1,59.7,78.0,26.4,2520.0
Noida,28.5355,77.391,2026-08-26 20:00:00,27.6,97,0.1,7.2,84.5,93.1,69.2,45.0,26.6,2958.0
Noida,28.5355,77.391,2026-08-26 21:00:00,27.5,96,0.0,7.1,85.2,102.2,65.2,36.0,25.0,2583.0
Noida,28.5355,77.391,2026-08-26 22:00:00,27.4,95,0.0,7.7,80.6,119.0,54.1,40.0,22.4,1788.0
Noida,28.5355,77.391,2026-08-26 23:00:00,28.6,94,0.0,7.4,71.5,117.1,44.2,44.0,19.9,1146.0
Noida,28.5355,77.391,2026-08-27 00:00:00,28.1,95,0.0,7.0,66.4,108.5,37.9,45.0,17.7,880.0
Noida,28.5355,77.391,2026-08-27 01:00:00,27.9,95,0.0,6.6,61.9,95.5,32.8,46.0,15.7,766.0
Noida,28.5355,77.391,2026-08-27 02:00:00,27.7,95,0.0,7.3,58.8,90.1,29.4,46.0,14.2,713.0
Noida,28.5355,77.391,2026-08-27 03:00:00,27.4,95,0.0,5.2,55.9,84.5,28.7,41.0,13.5,708.0
Noida,28.5355,77.391,2026-08-27 04:00:00,27.3,95,0.0,4.4,52.7,74.0,29.7,34.0,13.5,762.0
Noida,28.5355,77.391,2026-08-27 05:00:00,28.3,93,0.0,4.7,53.0,67.1,27.7,37.0,14.5,820.0
Noida,28.5355,77.391,2026-08-27 06:00:00,28.4,91,0.0,5.1,61.7,72.2,28.4,42.0,16.5,881.0
Noida,28.5355,77.391,2026-08-27 07:00:00,29.1,88,0.0,6.3,59.4,75.2,29.1,51.0,19.3,945.0
Noida,28.5355,77.391,2026-08-27 08:00:00,29.3,89,0.0,6.3,53.9,68.9,28.6,67.0,22.1,956.0
Noida,28.5355,77.391,2026-08-27 09:00:00,29.9,86,0.0,6.0,50.4,65.9,25.7,96.0,25.0,863.0
Noida,28.5355,77.391,2026-08-27 10:00:00,31.6,78,0.0,4.3,50.5,68.0,21.5,132.0,27.8,715.0
Noida,28.5355,77.391,2026-08-27 11:00:00,32.3,67,0.0,3.6,51.1,68.9,17.9,162.0,29.3,608.0
Noida,28.5355,77.391,2026-08-27 12:00:00,32.2,66,0.2,3.1,50.4,68.2,15.0,181.0,28.6,577.0
Noida,28.5355,77.391,2026-08-27 13:00:00,29.9,78,1.0,5.8,54.0,71.9,12.6,193.0,26.7,585.0
Noida,28.5355,77.391,2026-08-27 14:00:00,30.4,75,0.1,7.1,54.0,78.7,12.3,199.0,24.7,618.0
Noida,28.5355,77.391,2026-08-27 15:00:00,30.9,73,0.0,5.5,55.6,88.9,12.7,201.0,22.5,671.0
Noida,28.5355,77.391,2026-08-27 16:00:00,31.6,72,0.0,4.6,56.6,103.1,15.2,196.0,20.3,749.0
Noida,28.5355,77.391,2026-08-27 17:00:00,30.9,73,0.0,6.6,56.9,108.0,24.8,177.0,19.9,846.0
Noida,28.5355,77.391,2026-08-27 18:00:00,29.8,81,0.0,3.4,64.3,98.7,48.7,131.0,22.9,989.0
Noida,28.5355,77.391,2026-08-27 19:00:00,29.2,82,0.0,5.1,83.8,113.4,79.7,71.0,27.8,1151.0
Noida,28.5355,77.391,2026-08-27 20:00:00,28.8,84,0.0,3.8,93.6,119.2,101.8,26.0,31.7,1246.0
Noida,28.5355,77.391,2026-08-27 21:00:00,28.5,85,0.0,5.2,96.6,127.1,107.7,10.0,33.9,1226.0
Noida,28.5355,77.391,2026-08-27 22:00:00,28.3,87,0.0,6.7,107.3,139.7,104.6,8.0,35.2,1138.0
Noida,28.5355,77.391,2026-08-27 23:00:00,28.8,87,0.0,6.8,111.8,144.8,98.5,9.0,34.9,1040.0
Noida,28.5355,77.391,2026-08-28 00:00:00,28.2,89,0.0,8.0,105.7,143.0,90.5,9.0,32.1,950.0
Noida,28.5355,77.391,2026-08-28 01:00:00,27.9,88,0.0,6.8,101.5,140.2,79.4,13.0,27.7,849.0
Noida,28.5355,77.391,2026-08-28 02:00:00,27.7,89,0.0,4.6,94.1,131.8,68.1,16.0,23.8,738.0
Noida,28.5355,77.391,2026-08-28 03:00:00,27.4,90,0.0,4.7,82.2,122.5,56.7,18.0,21.2,582.0
Noida,28.5355,77.391,2026-08-28 04:00:00,27.8,85,0.0,6.1,71.2,139.7,45.0,20.0,19.0,416.0
Noida,28.5355,77.391,2026-08-28 05:00:00,26.7,90,0.0,12.6,46.9,102.0,25.4,46.0,16.6,343.0
Noida,28.5355,77.391,2026-08-28 06:00:00,26.5,93,0.3,11.7,43.4,89.9,24.8,48.0,15.4,460.0
Noida,28.5355,77.391,2026-08-28 07:00:00,27.5,92,0.0,8.9,43.2,89.2,23.7,51.0,13.7,669.0
Noida,28.5355,77.391,2026-08-28 08:00:00,29.6,81,0.0,9.4,51.3,141.6,21.4,62.0,12.5,781.0
Noida,28.5355,77.391,2026-08-28 09:00:00,31.0,72,0.0,10.7,75.7,338.1,16.7,88.0,12.5,685.0
Noida,28.5355,77.391,2026-08-28 10:00:00,32.1,67,0.0,9.4,198.4,1452.9,10.7,123.0,13.0,492.0
Noida,28.5355,77.391,2026-08-28 11:00:00,32.9,61,0.0,12.3,222.6,1598.1,6.3,148.0,13.3,342.0
Noida,28.5355,77.391,2026-08-28 12:00:00,33.7,59,0.0,12.1,217.5,1534.8,4.2,158.0,13.2,283.0
Noida,28.5355,77.391,2026-08-28 13:00:00,34.1,56,0.0,11.7,206.3,1438.0,3.7,159.0,12.9,266.0
Noida,28.5355,77.391,2026-08-28 14:00:00,34.3,54,0.0,11.4,205.4,1452.9,5.4,155.0,12.7,288.0
Noida,28.5355,77.391,2026-08-28 15:00:00,34.3,54,0.0,10.9,206.3,1464.0,9.4,146.0,12.5,324.0
Noida,28.5355,77.391,2026-08-28 16:00:00,33.9,57,0.0,10.8,220.3,1508.7,15.7,131.0,12.4,397.0
Noida,28.5355,77.391,2026-08-28 17:00:00,33.4,60,0.0,8.1,170.4,1043.1,23.1,108.0,13.2,575.0
Noida,28.5355,77.391,2026-08-28 18:00:00,31.7,70,0.0,4.9,144.8,698.5,46.6,78.0,19.1,977.0
Noida,28.5355,77.391,2026-08-28 19:00:00,30.9,72,0.0,3.8,149.0,637.0,78.7,37.0,27.1,1484.0
Noida,28.5355,77.391,2026-08-28 20:00:00,30.5,73,0.0,2.7,158.8,592.3,99.8,7.0,32.4,1803.0
Noida,28.5355,77.391,2026-08-28 21:00:00,29.8,77,0.0,4.1,157.9,499.2,100.4,0.0,32.7,1793.0
Noida,28.5355,77.391,2026-08-28 22:00:00,29.1,80,0.0,4.6,143.9,386.5,90.1,0.0,30.3,1596.0
Noida,28.5355,77.391,2026-08-28 23:00:00,29.3,81,0.0,4.4,122.5,285.9,78.3,2.0,27.1,1347.0
Noida,28.5355,77.391,2026-08-29 00:00:00,28.7,80,0.0,5.4,101.5,238.0,67.0,6.0,23.0,1047.0
Noida,28.5355,77.391,2026-08-29 01:00:00,28.5,79,0.0,5.8,93.1,284.1,54.2,13.0,18.1,695.0
Noida,28.5355,77.391,2026-08-29 02:00:00,28.4,78,0.0,7.6,105.5,486.2,42.8,20.0,14.1,426.0
Noida,28.5355,77.391,2026-08-29 03:00:00,28.3,78,0.0,9.4,143.9,871.7,33.6,26.0,11.9,300.0
Noida,28.5355,77.391,2026-08-29 04:00:00,28.2,78,0.0,11.3,183.0,1214.4,25.8,32.0,10.7,257.0
Noida,28.5355,77.391,2026-08-29 05:00:00,28.7,77,0.0,12.8,293.4,2048.9,13.8,51.0,8.0,254.0
Noida,28.5355,77.391,2026-08-29 06:00:00,28.3,78,0.0,13.7,299.0,2063.8,14.7,53.0,8.6,302.0
Noida,28.5355,77.391,2026-08-29 07:00:00,28.8,76,0.0,14.0,299.0,2071.3,15.9,58.0,9.5,390.0
Noida,28.5355,77.391,2026-08-29 08:00:00,29.9,72,0.0,13.5,244.9,1676.4,15.7,68.0,10.3,439.0
Noida,28.5355,77.391,2026-08-29 09:00:00,30.9,68,0.0,13.4,244.9,1799.3,12.8,91.0,10.8,405.0
Noida,28.5355,77.391,2026-08-29 10:00:00,32.1,64,0.0,13.1,246.8,1829.1,8.6,120.0,11.2,332.0
Noida,28.5355,77.391,2026-08-29 11:00:00,33.4,58,0.0,11.9,224.0,1628.0,5.5,141.0,11.5,276.0
Noida,28.5355,77.391,2026-08-29 12:00:00,34.2,55,0.0,11.1,192.3,1363.5,3.7,150.0,11.7,249.0
Noida,28.5355,77.391,2026-08-29 13:00:00,34.8,53,0.0,9.8,170.4,1180.9,3.0,152.0,11.8,239.0
Noida,28.5355,77.391,2026-08-29 14:00:00,35.0,51,0.0,9.5,154.6,1043.1,4.9,147.0,11.9,259.0
Noida,28.5355,77.391,2026-08-29 15:00:00,34.6,52,0.0,10.2,143.4,946.2,10.3,135.0,11.8,305.0
Noida,28.5355,77.391,2026-08-29 16:00:00,34.2,55,0.0,10.4,139.2,892.2,18.2,117.0,11.7,380.0
Noida,28.5355,77.391,2026-08-29 17:00:00,33.3,60,0.0,6.4,113.2,655.7,21.6,98.0,9.4,516.0
Noida,28.5355,77.391,2026-08-29 18:00:00,31.8,68,0.0,4.9,103.4,444.2,42.2,71.0,13.7,787.0
Noida,28.5355,77.391,2026-08-29 19:00:00,31.4,70,0.0,2.4,109.4,402.3,70.0,33.0,19.5,1117.0
Noida,28.5355,77.391,2026-08-29 20:00:00,30.6,73,0.0,3.8,109.7,330.6,87.0,7.0,23.2,1309.0
Noida,28.5355,77.391,2026-08-29 21:00:00,29.9,75,0.0,5.6,99.2,245.9,83.4,2.0,23.2,1255.0
Noida,28.5355,77.391,2026-08-29 22:00:00,29.4,79,0.0,4.9,88.5,196.5,69.0,9.0,21.1,1064.0
Noida,28.5355,77.391,2026-08-29 23:00:00,29.5,81,0.0,4.4,85.9,266.4,55.0,17.0,18.5,862.0
Noida,28.5355,77.391,2026-08-30 00:00:00,28.8,82,0.0,4.1,113.2,599.8,44.5,24.0,15.5,672.0
Noida,28.5355,77.391,2026-08-30 01:00:00,28.8,79,0.0,6.0,146.7,920.1,34.3,33.0,12.1,472.0
Noida,28.5355,77.391,2026-08-30 02:00:00,29.0,76,0.0,9.0,172.8,1132.5,26.4,39.0,9.5,324.0
Noida,28.5355,77.391,2026-08-30 03:00:00,28.6,75,0.0,8.1,182.5,1180.9,21.8,40.0,8.4,258.0
Noida,28.5355,77.391,2026-08-30 04:00:00,28.1,76,0.0,7.4,177.4,1099.0,19.5,39.0,8.3,243.0
Noida,28.5355,77.391,2026-08-30 05:00:00,28.6,73,0.0,11.0,247.7,1713.6,11.8,55.0,7.5,249.0
Noida,28.5355,77.391,2026-08-30 06:00:00,28.3,74,0.0,10.0,238.4,1598.1,12.1,58.0,8.3,282.0
Noida,28.5355,77.391,2026-08-30 07:00:00,28.9,73,0.0,10.9,248.7,1668.9,12.3,62.0,9.5,336.0
Noida,28.5355,77.391,2026-08-30 08:00:00,29.8,70,0.0,10.1,207.2,1397.0,11.8,72.0,10.5,365.0
Noida,28.5355,77.391,2026-08-30 09:00:00,30.5,68,0.0,9.6,211.9,1519.9,9.6,92.0,11.1,344.0
Noida,28.5355,77.391,2026-08-30 10:00:00,31.7,65,0.0,9.7,211.4,1519.9,6.6,116.0,11.5,299.0
Noida,28.5355,77.391,2026-08-30 11:00:00,32.8,60,0.0,8.9,196.5,1385.8,4.4,135.0,11.7,261.0
Noida,28.5355,77.391,2026-08-30 12:00:00,33.5,56,0.0,7.2,158.3,1065.4,3.3,143.0,11.6,239.0
Noida,28.5355,77.391,2026-08-30 13:00:00,33.2,57,0.0,7.5,120.1,733.9,2.9,145.0,11.4,224.0
Noida,28.5355,77.391,2026-08-30 14:00:00,32.5,64,0.0,7.1,90.6,462.9,3.9,142.0,11.1,224.0
Noida,28.5355,77.391,2026-08-30 15:00:00,32.9,60,0.0,8.0,73.8,330.6,5.8,133.0,10.5,243.0
Noida,28.5355,77.391,2026-08-30 16:00:00,32.8,61,0.0,7.0,62.4,239.3,9.0,118.0,9.8,278.0
Noida,28.5355,77.391,2026-08-30 17:00:00,32.5,66,0.0,3.1,62.4,216.1,16.2,96.0,10.2,324.0
Noida,28.5355,77.391,2026-08-30 18:00:00,31.2,73,0.1,3.7,68.9,170.4,31.8,72.0,13.9,397.0
Noida,28.5355,77.391,2026-08-30 19:00:00,30.5,75,0.0,4.3,77.5,166.7,53.0,40.0,19.0,481.0
Noida,28.5355,77.391,2026-08-30 20:00:00,29.9,77,0.0,4.5,78.9,146.2,66.1,17.0,22.2,529.0
Noida,28.5355,77.391,2026-08-30 21:00:00,29.4,79,0.0,4.6,70.1,114.3,64.1,13.0,21.8,512.0
Noida,28.5355,77.391,2026-08-30 22:00:00,29.0,81,0.0,4.4,59.8,88.0,54.0,18.0,19.5,457.0
Noida,28.5355,77.391,2026-08-30 23:00:00,29.3,82,0.0,4.3,51.2,72.9,44.0,24.0,17.1,401.0
Noida,28.5355,77.391,2026-08-31 00:00:00,28.8,81,0.0,5.0,43.9,73.3,36.0,30.0,14.8,351.0
Noida,28.5355,77.391,2026-08-31 01:00:00,28.5,82,0.0,5.0,40.6,89.2,28.1,36.0,12.4,299.0
Noida,28.5355,77.391,2026-08-31 02:00:00,28.5,78,0.0,6.3,41.4,124.3,21.9,41.0,10.5,259.0
Noida,28.5355,77.391,2026-08-31 03:00:00,28.3,74,0.0,7.8,56.1,240.3,18.3,42.0,9.5,230.0
Noida,28.5355,77.391,2026-08-31 04:00:00,27.8,73,0.0,7.9,71.5,329.7,16.4,41.0,9.1,214.0
Noida,28.5355,77.391,2026-08-31 05:00:00,28.5,70,0.0,13.4,172.3,1177.2,11.3,49.0,7.6,225.0
Noida,28.5355,77.391,2026-08-31 06:00:00,27.9,72,0.0,12.7,136.9,746.9,12.9,48.0,8.8,291.0
Noida,28.5355,77.391,2026-08-31 07:00:00,28.3,71,0.0,11.8,113.4,542.0,15.1,49.0,10.4,384.0
Noida,28.5355,77.391,2026-08-31 08:00:00,29.0,69,0.0,11.2,103.6,504.8,15.7,57.0,11.8,440.0
Noida,28.5355,77.391,2026-08-31 09:00:00,29.4,68,0.0,10.5,145.3,957.4,13.3,81.0,12.7,421.0
Noida,28.5355,77.391,2026-08-31 10:00:00,31.0,63,0.0,10.2,170.4,1154.8,9.5,113.0,13.4,363.0
Noida,28.5355,77.391,2026-08-31 11:00:00,32.5,57,0.0,11.8,172.3,1136.2,6.5,138.0,13.8,315.0
Noida,28.5355,77.391,2026-08-31 12:00:00,33.3,54,0.0,7.8,152.7,938.8,4.9,151.0,13.9,282.0
Noida,28.5355,77.391,2026-08-31 13:00:00,33.8,53,0.1,5.3,125.7,707.8,4.3,157.0,13.7,258.0
Noida,28.5355,77.391,2026-08-31 14:00:00,33.6,53,0.1,4.5,100.6,502.9,5.4,155.0,13.3,269.0
Noida,28.5355,77.391,2026-08-31 15:00:00,33.6,53,0.0,6.3,87.5,411.6,7.7,145.0,12.3,281.0
Noida,28.5355,77.391,2026-08-31 16:00:00,32.9,58,0.2,7.5,75.9,304.5,11.8,127.0,11.1,327.0
Noida,28.5355,77.391,2026-08-31 17:00:00,32.9,62,0.3,4.2,64.3,253.3,16.4,98.0,9.1,535.0
Noida,28.5355,77.391,2026-08-31 18:00:00,31.5,73,0.0,1.9,72.6,237.0,38.8,70.0,13.5,1079.0
Noida,28.5355,77.391,2026-08-31 19:00:00,30.5,76,0.0,1.2,83.8,225.8,69.5,31.0,19.5,1785.0
Noida,28.5355,77.391,2026-08-31 20:00:00,29.7,80,0.0,3.2,96.2,228.6,90.6,3.0,24.7,2254.0
Noida,28.5355,77.391,2026-08-31 21:00:00,29.1,83,0.0,4.4,106.9,225.4,93.7,0.0,28.4,2269.0
Noida,28.5355,77.391,2026-08-31 22:00:00,29.1,83,0.0,5.1,110.4,209.1,87.2,0.0,31.1,2047.0
Noida,28.5355,77.391,2026-08-31 23:00:00,29.3,83,0.0,3.8,105.5,189.1,79.1,0.0,31.9,1849.0
Noida,28.5355,77.391,2026-09-01 00:00:00,29.0,81,0.0,4.9,91.5,156.9,70.9,3.0,29.6,1800.0
Noida,28.5355,77.391,2026-09-01 01:00:00,28.7,82,0.0,4.3,74.7,126.2,61.0,8.0,25.4,1774.0
Noida,28.5355,77.391,2026-09-01 02:00:00,28.2,82,0.0,5.2,61.7,105.2,52.7,12.0,22.1,1653.0
Noida,28.5355,77.391,2026-09-01 03:00:00,28.1,79,0.0,6.3,52.0,91.0,47.5,14.0,21.0,1329.0
Noida,28.5355,77.391,2026-09-01 04:00:00,27.7,78,0.0,6.1,46.1,95.2,43.8,15.0,20.8,910.0
Noida,28.5355,77.391,2026-09-01 05:00:00,28.3,73,0.0,8.8,75.2,358.6,14.8,45.0,8.6,597.0
Noida,28.5355,77.391,2026-09-01 06:00:00,27.9,75,0.0,10.1,78.0,352.0,15.9,45.0,9.7,496.0
Noida,28.5355,77.391,2026-09-01 07:00:00,28.6,74,0.0,9.6,81.0,353.9,17.2,47.0,11.4,502.0
Noida,28.5355,77.391,2026-09-01 08:00:00,29.6,70,0.0,10.9,130.4,873.6,17.1,57.0,12.7,501.0
Noida,28.5355,77.391,2026-09-01 09:00:00,30.8,67,0.0,9.2,148.1,1039.4,14.2,83.0,13.6,448.0
Noida,28.5355,77.391,2026-09-01 10:00:00,32.0,63,0.0,6.1,149.0,1028.2,9.9,117.0,14.2,388.0
Noida,28.5355,77.391,2026-09-01 11:00:00,32.4,59,0.1,6.8,120.6,780.4,6.6,144.0,14.5,343.0
Noida,28.5355,77.391,2026-09-01 12:00:00,33.1,56,0.1,5.8,79.6,405.1,5.1,159.0,14.4,320.0
Noida,28.5355,77.391,2026-09-01 13:00:00,32.6,58,0.2,8.0,68.0,311.1,4.6,166.0,14.0,313.0
Noida,28.5355,77.391,2026-09-01 14:00:00,30.6,73,0.3,12.3,63.6,272.9,5.6,167.0,13.7,320.0
Noida,28.5355,77.391,2026-09-01 15:00:00,31.4,69,0.1,5.1,62.6,261.7,8.6,158.0,13.3,312.0
Noida,28.5355,77.391,2026-09-01 16:00:00,30.1,75,0.9,6.6,57.6,217.5,13.1,143.0,13.0,318.0
Noida,28.5355,77.391,2026-09-01 17:00:00,31.1,75,0.5,3.5,65.0,184.9,20.2,175.0,23.4,431.0
Noida,28.5355,77.391,2026-09-01 18:00:00,29.4,82,0.3,6.3,71.0,173.7,29.4,147.0,24.7,786.0
Noida,28.5355,77.391,2026-09-01 19:00:00,28.5,88,0.2,5.4,76.4,154.6,41.9,109.0,26.6,1248.0
Noida,28.5355,77.391,2026-09-01 20:00:00,28.4,89,0.0,0.6,74.7,136.9,49.9,79.0,27.9,1500.0
Noida,28.5355,77.391,2026-09-01 21:00:00,28.4,90,0.1,1.3,68.9,117.8,49.1,68.0,28.5,1340.0
Noida,28.5355,77.391,2026-09-01 22:00:00,27.9,94,0.1,2.3,64.3,101.5,43.8,65.0,28.7,970.0
Noida,28.5355,77.391,2026-09-01 23:00:00,26.0,95,0.0,9.2,60.5,89.9,39.1,62.0,28.1,680.0
Noida,28.5355,77.391,2026-09-02 00:00:00,25.5,97,0.1,7.8,57.7,81.7,36.2,56.0,26.3,593.0
Noida,28.5355,77.391,2026-09-02 01:00:00,25.5,96,0.0,3.3,56.5,75.9,34.0,49.0,23.8,586.0
Noida,28.5355,77.391,2026-09-02 02:00:00,25.6,96,0.0,1.3,56.0,71.9,33.3,42.0,22.1,577.0
Noida,28.5355,77.391,2026-09-02 03:00:00,25.5,97,0.0,2.3,56.3,70.3,36.0,30.0,21.4,522.0
Noida,28.5355,77.391,2026-09-02 04:00:00,25.4,97,0.0,2.8,57.6,70.5,40.4,18.0,21.6,464.0
Noida,28.5355,77.391,2026-09-02 05:00:00,24.7,93,0.0,8.1,55.9,85.4,37.3,43.0,29.2,452.0
Noida,28.5355,77.391,2026-09-02 06:00:00,24.9,96,0.6,8.0,56.6,81.7,38.3,52.0,35.4,537.0
Noida,28.5355,77.391,2026-09-02 07:00:00,25.6,88,0.2,3.0,52.2,93.4,39.4,66.0,43.8,668.0
Noida,28.5355,77.391,2026-09-02 08:00:00,26.9,83,0.0,4.6,54.8,113.6,37.6,88.0,48.8,735.0
Noida,28.5355,77.391,2026-09-02 09:00:00,28.6,78,0.0,3.3,57.6,133.2,30.4,125.0,47.4,674.0
Noida,28.5355,77.391,2026-09-02 10:00:00,30.2,72,0.0,2.2,59.4,141.1,20.3,169.0,42.5,550.0
Noida,28.5355,77.391,2026-09-02 11:00:00,27.5,91,0.0,7.1,58.7,139.7,12.6,203.0,37.9,448.0
Noida,28.5355,77.391,2026-09-02 12:00:00,27.4,91,2.9,3.5,57.5,138.3,8.9,219.0,34.6,393.0
Noida,28.5355,77.391,2026-09-02 13:00:00,27.7,88,0.7,7.2,54.8,133.2,7.5,224.0,31.6,359.0
Noida,28.5355,77.391,2026-09-02 14:00:00,28.8,80,0.2,7.5,61.9,150.9,8.7,219.0,29.0,359.0
Noida,28.5355,77.391,2026-09-02 15:00:00,28.5,81,0.1,5.0,51.3,112.2,12.9,200.0,26.4,395.0
Noida,28.5355,77.391,2026-09-02 16:00:00,28.9,80,0.0,4.3,44.5,87.1,19.6,169.0,24.3,464.0
Noida,28.5355,77.391,2026-09-02 17:00:00,29.6,72,0.0,9.9,44.7,97.1,26.6,127.0,24.2,565.0
Noida,28.5355,77.391,2026-09-02 18:00:00,28.6,78,0.0,7.0,45.9,92.9,39.3,103.0,28.5,730.0
Noida,28.5355,77.391,2026-09-02 19:00:00,27.9,83,0.1,6.2,54.9,90.6,56.6,69.0,34.3,927.0
Noida,28.5355,77.391,2026-09-02 20:00:00,27.3,88,0.3,4.0,56.9,84.8,68.1,43.0,38.0,1054.0
Noida,28.5355,77.391,2026-09-02 21:00:00,27.0,90,0.0,3.8,56.9,78.0,68.8,32.0,38.0,1057.0
Noida,28.5355,77.391,2026-09-02 22:00:00,26.7,92,0.0,3.3,55.1,69.6,63.6,29.0,35.9,990.0
Noida,28.5355,77.391,2026-09-02 23:00:00,27.1,93,0.2,3.8,48.2,56.8,57.2,29.0,33.4,920.0
Noida,28.5355,77.391,2026-09-03 00:00:00,26.0,93,1.5,7.4,43.5,48.3,49.9,32.0,30.6,866.0
Noida,28.5355,77.391,2026-09-03 01:00:00,25.7,95,1.1,7.4,38.2,40.2,41.3,38.0,27.4,809.0
Noida,28.5355,77.391,2026-09-03 02:00:00,25.6,96,0.8,5.4,33.2,34.0,34.5,43.0,24.7,754.0
Noida,28.5355,77.391,2026-09-03 03:00:00,25.5,97,0.4,4.6,29.5,29.8,30.9,44.0,23.0,700.0
Noida,28.5355,77.391,2026-09-03 04:00:00,25.5,97,0.1,4.4,27.9,27.9,29.2,44.0,22.0,648.0
Noida,28.5355,77.391,2026-09-03 05:00:00,25.8,96,0.0,1.3,10.3,10.3,18.9,66.0,17.2,606.0
Noida,28.5355,77.391,2026-09-03 06:00:00,26.1,95,0.1,2.1,10.0,10.0,20.2,66.0,18.5,585.0
Noida,28.5355,77.391,2026-09-03 07:00:00,26.8,93,0.0,5.5,10.0,10.0,21.9,68.0,20.3,574.0
Noida,28.5355,77.391,2026-09-03 08:00:00,27.7,89,0.0,7.7,10.9,10.9,22.1,74.0,21.7,543.0
Noida,28.5355,77.391,2026-09-03 09:00:00,28.7,84,0.3,7.3,12.8,12.9,19.6,89.0,22.5,469.0
Noida,28.5355,77.391,2026-09-03 10:00:00,30.0,79,0.2,7.1,15.7,20.4,15.7,110.0,23.0,375.0
Noida,28.5355,77.391,2026-09-03 11:00:00,31.1,71,0.1,8.3,17.2,24.6,12.6,125.0,22.8,303.0
Noida,28.5355,77.391,2026-09-03 12:00:00,30.3,73,1.3,10.1,17.5,21.5,10.9,131.0,21.3,264.0
Noida,28.5355,77.391,2026-09-03 13:00:00,30.9,69,0.7,9.2,18.9,21.5,9.9,132.0,19.3,246.0
Noida,28.5355,77.391,2026-09-03 14:00:00,31.9,62,0.2,8.5,19.0,20.7,10.2,132.0,18.3,259.0
Noida,28.5355,77.391,2026-09-03 15:00:00,31.7,63,0.1,8.8,20.4,23.9,10.3,138.0,19.0,317.0
Noida,28.5355,77.391,2026-09-03 16:00:00,31.1,66,0.4,8.4,21.9,24.2,11.6,143.0,20.8,405.0
Noida,28.5355,77.391,2026-09-03 17:00:00,26.6,93,0.1,3.3,26.8,27.2,33.9,85.0,26.9,487.0
Noida,28.5355,77.391,2026-09-03 18:00:00,26.8,94,1.1,2.6,30.7,31.1,47.9,66.0,29.9,544.0
Noida,28.5355,77.391,2026-09-03 19:00:00,26.7,97,0.2,3.0,40.5,40.9,67.4,39.0,34.0,595.0
Noida,28.5355,77.391,2026-09-03 20:00:00,26.8,97,0.0,3.7,52.2,52.6,82.7,18.0,37.3,657.0
Noida,28.5355,77.391,2026-09-03 21:00:00,27.0,95,0.0,2.7,67.5,68.0,90.8,8.0,39.1,752.0
Noida,28.5355,77.391,2026-09-03 22:00:00,26.9,94,0.0,3.6,71.7,72.2,94.8,3.0,40.1,859.0
Noida,28.5355,77.391,2026-09-03 23:00:00,28.7,88,0.0,1.2,70.3,71.0,94.7,2.0,39.9,930.0
Noida,28.5355,77.391,2026-09-04 00:00:00,28.2,90,0.0,0.8,68.0,68.5,89.2,4.0,37.8,944.0
Noida,28.5355,77.391,2026-09-04 01:00:00,27.7,93,0.0,1.8,65.2,65.7,79.7,8.0,34.6,921.0
Noida,28.5355,77.391,2026-09-04 02:00:00,26.8,97,0.0,7.4,61.7,62.2,70.1,13.0,31.8,880.0
Noida,28.5355,77.391,2026-09-04 03:00:00,26.3,97,0.0,5.1,57.5,58.0,61.4,15.0,30.0,819.0
Noida,28.5355,77.391,2026-09-04 04:00:00,26.2,95,0.0,7.3,52.9,53.2,52.8,17.0,28.6,738.0
Noida,28.5355,77.391,2026-09-04 05:00:00,26.3,97,0.0,10.1,53.1,53.4,54.3,20.0,29.9,661.0
Noida,28.5355,77.391,2026-09-04 06:00:00,24.9,99,4.1,8.8,49.4,49.7,55.8,17.0,30.9,593.0
Noida,28.5355,77.391,2026-09-04 07:00:00,25.7,96,0.5,9.1,51.3,51.6,57.5,13.0,32.2,527.0
Noida,28.5355,77.391,2026-09-04 08:00:00,26.7,92,0.4,8.3,55.1,55.3,55.9,20.0,33.0,466.0
Noida,28.5355,77.391,2026-09-04 09:00:00,28.2,84,0.2,9.5,45.4,45.8,47.8,47.0,32.8,404.0
Noida,28.5355,77.391,2026-09-04 10:00:00,29.4,80,0.0,9.3,40.4,40.6,36.3,84.0,32.1,347.0
Noida,28.5355,77.391,2026-09-04 11:00:00,29.0,84,0.0,4.6,34.7,34.9,27.8,112.0,31.9,311.0
Noida,28.5355,77.391,2026-09-04 12:00:00,29.5,82,0.5,4.0,33.8,34.2,24.5,124.0,32.2,298.0
Noida,28.5355,77.391,2026-09-04 13:00:00,28.0,87,2.4,8.9,34.2,34.7,24.2,126.0,32.9,307.0
Noida,28.5355,77.391,2026-09-04 14:00:00,28.9,83,0.5,7.4,35.0,35.5,26.1,125.0,34.6,354.0
Noida,28.5355,77.391,2026-09-04 15:00:00,29.5,80,0.0,7.4,35.4,35.9,29.4,122.0,37.8,474.0
Noida,28.5355,77.391,2026-09-04 16:00:00,29.2,81,0.0,7.2,36.7,37.1,34.8,115.0,42.0,632.0
Noida,28.5355,77.391,2026-09-04 17:00:00,27.7,88,0.2,4.9,79.2,269.2,35.1,98.0,30.9,736.0
Noida,28.5355,77.391,2026-09-04 18:00:00,27.2,93,0.4,5.2,74.3,176.0,44.4,79.0,31.5,739.0
Noida,28.5355,77.391,2026-09-04 19:00:00,27.0,94,0.2,6.5,65.2,101.5,57.0,54.0,32.2,689.0
Noida,28.5355,77.391,2026-09-04 20:00:00,26.8,95,0.3,6.6,61.0,76.4,63.9,36.0,31.8,637.0
Noida,28.5355,77.391,2026-09-04 21:00:00,26.8,96,1.7,7.7,56.2,62.4,60.4,33.0,29.6,600.0
Noida,28.5355,77.391,2026-09-04 22:00:00,26.4,96,2.0,4.8,48.1,49.9,51.4,37.0,26.4,560.0
Noida,28.5355,77.391,2026-09-04 23:00:00,26.9,95,4.0,8.0,41.4,42.0,42.3,43.0,23.2,523.0
Noida,28.5355,77.391,2026-09-05 00:00:00,26.6,96,0.2,7.2,31.8,31.9,34.4,50.0,20.3,486.0
Noida,28.5355,77.391,2026-09-05 01:00:00,26.4,97,0.1,8.1,24.9,25.0,26.5,60.0,17.6,451.0
Noida,28.5355,77.391,2026-09-05 02:00:00,25.9,96,2.0,8.4,19.4,19.6,20.6,66.0,15.5,424.0
Noida,28.5355,77.391,2026-09-05 03:00:00,25.9,97,1.1,8.0,14.2,14.3,17.6,67.0,14.4,402.0
Noida,28.5355,77.391,2026-09-05 04:00:00,25.9,97,0.8,7.3,11.6,11.7,16.7,66.0,14.0,389.0
Noida,28.5355,77.391,2026-09-05 05:00:00,25.2,96,0.4,13.5,13.4,13.5,19.2,61.0,15.7,399.0
Noida,28.5355,77.391,2026-09-05 06:00:00,25.2,97,3.6,8.6,15.8,15.9,23.4,58.0,16.5,460.0
Noida,28.5355,77.391,2026-09-05 07:00:00,25.5,93,1.8,4.7,19.5,19.6,29.0,54.0,17.6,544.0
Noida,28.5355,77.391,2026-09-05 08:00:00,25.9,94,1.1,8.0,20.5,20.7,32.3,54.0,19.0,588.0
Noida,28.5355,77.391,2026-09-05 09:00:00,26.6,92,0.8,6.2,18.7,18.9,31.2,61.0,20.7,544.0
Noida,28.5355,77.391,2026-09-05 10:00:00,27.6,90,1.1,5.5,16.9,17.1,27.8,72.0,22.7,459.0
Noida,28.5355,77.391,2026-09-05 11:00:00,28.5,86,0.7,8.8,17.3,17.5,24.8,86.0,24.6,411.0
Noida,28.5355,77.391,2026-09-05 12:00:00,26.8,91,6.1,4.3,19.4,19.6,22.5,106.0,26.4,442.0
Noida,28.5355,77.391,2026-09-05 13:00:00,26.4,91,2.8,8.3,22.3,22.6,20.7,128.0,28.2,509.0
Noida,28.5355,77.391,2026-09-05 14:00:00,26.4,95,1.5,8.7,24.7,25.0,21.3,141.0,30.1,563.0
Noida,28.5355,77.391,2026-09-05 15:00:00,26.9,94,0.9,6.9,28.2,28.6,24.6,141.0,31.9,559.0
Noida,28.5355,77.391,2026-09-05 16:00:00,27.3,92,0.3,9.4,33.6,34.0,30.5,132.0,33.8,542.0
Noida,28.5355,77.391,2026-09-05 17:00:00,27.3,93,0.1,5.8,40.2,41.9,35.9,102.0,32.7,599.0
Noida,28.5355,77.391,2026-09-05 18:00:00,27.0,93,0.1,5.3,47.7,48.9,47.4,79.0,33.3,759.0
Noida,28.5355,77.391,2026-09-05 19:00:00,26.9,93,0.1,7.9,53.8,54.7,62.9,46.0,34.1,992.0
Noida,28.5355,77.391,2026-09-05 20:00:00,26.7,94,0.1,7.7,56.8,57.6,72.6,23.0,34.1,1295.0
Noida,28.5355,77.391,2026-09-05 21:00:00,26.4,94,0.1,6.1,55.5,56.2,71.2,17.0,32.7,1809.0
Noida,28.5355,77.391,2026-09-05 22:00:00,26.2,95,0.2,4.4,55.8,56.3,63.9,20.0,30.5,2393.0
Noida,28.5355,77.391,2026-09-05 23:00:00,26.4,94,0.1,3.3,56.1,56.6,57.0,23.0,28.5,2620.0
Noida,28.5355,77.391,2026-09-06 00:00:00,25.7,95,0.1,4.4,54.7,55.2,52.4,23.0,26.8,2169.0
Noida,28.5355,77.391,2026-09-06 01:00:00,25.7,95,0.1,4.7,52.7,53.2,48.2,23.0,25.2,1361.0
Noida,28.5355,77.391,2026-09-06 02:00:00,25.5,95,0.2,6.5,53.2,53.6,44.4,24.0,24.0,729.0
Noida,28.5355,77.391,2026-09-06 03:00:00,25.0,97,0.2,8.9,52.7,53.1,41.5,24.0,23.5,491.0
Noida,28.5355,77.391,2026-09-06 04:00:00,24.7,97,0.1,7.7,51.2,51.6,39.1,25.0,23.5,429.0
Noida,28.5355,77.391,2026-09-06 05:00:00,24.8,98,0.1,5.3,44.6,44.9,35.4,34.0,25.5,419.0
Noida,28.5355,77.391,2026-09-06 06:00:00,24.6,96,1.1,2.4,46.6,46.8,33.6,42.0,27.5,451.0
Noida,28.5355,77.391,2026-09-06 07:00:00,25.0,96,0.6,5.6,41.7,41.9,31.0,54.0,30.3,536.0
Noida,28.5355,77.391,2026-09-06 08:00:00,25.8,92,0.4,8.1,33.4,33.6,27.7,73.0,32.9,584.0
Noida,28.5355,77.391,2026-09-06 09:00:00,25.8,92,0.1,7.1,27.8,28.1,23.0,105.0,35.4,549.0
Noida,28.5355,77.391,2026-09-06 10:00:00,26.8,89,0.4,6.1,27.6,27.8,17.6,145.0,37.7,477.0
Noida,28.5355,77.391,2026-09-06 11:00:00,26.6,91,0.6,10.8,29.7,29.9,13.5,176.0,39.0,420.0
Noida,28.5355,77.391,2026-09-06 12:00:00,25.8,94,3.5,12.9,30.7,30.9,11.2,193.0,38.6,397.0
Noida,28.5355,77.391,2026-09-06 13:00:00,26.4,93,1.7,13.6,32.0,32.1,10.1,202.0,37.1,388.0
Noida,28.5355,77.391,2026-09-06 14:00:00,26.4,89,0.5,11.6,34.7,34.8,10.5,204.0,36.4,393.0
Noida,28.5355,77.391,2026-09-06 15:00:00,25.9,90,0.3,10.1,33.4,33.9,11.1,202.0,36.7,358.0
Noida,28.5355,77.391,2026-09-06 16:00:00,26.2,85,0.1,8.1,33.5,33.9,13.3,193.0,37.6,335.0
Noida,28.5355,77.391,2026-09-06 17:00:00,27.0,90,0.0,5.3,21.3,21.4,19.8,102.0,23.7,482.0
Noida,28.5355,77.391,2026-09-06 18:00:00,26.4,91,0.0,4.0,26.3,26.8,35.2,79.0,27.9,967.0
Noida,28.5355,77.391,2026-09-06 19:00:00,25.9,93,0.0,2.8,37.6,37.8,56.7,48.0,33.8,1621.0
Noida,28.5355,77.391,2026-09-06 20:00:00,25.7,94,0.0,2.7,55.6,55.8,74.0,23.0,39.0,2096.0
Noida,28.5355,77.391,2026-09-06 21:00:00,25.5,94,0.0,2.4,67.5,67.5,83.0,11.0,42.8,2228.0
Noida,28.5355,77.391,2026-09-06 22:00:00,25.5,94,0.0,0.5,72.9,72.9,87.8,5.0,46.0,2182.0
Noida,28.5355,77.391,2026-09-06 23:00:00,25.8,93,0.0,0.5,81.7,81.7,90.9,2.0,48.2,2103.0
Noida,28.5355,77.391,2026-09-07 00:00:00,25.1,96,0.0,0.8,87.1,87.3,92.4,0.0,49.0,2028.0
Noida,28.5355,77.391,2026-09-07 01:00:00,24.7,98,0.0,2.4,88.9,89.6,92.2,1.0,48.8,1921.0
Noida,28.5355,77.391,2026-09-07 02:00:00,24.8,96,0.0,5.4,89.4,90.3,91.7,2.0,49.0,1821.0
Noida,28.5355,77.391,2026-09-07 03:00:00,24.7,96,0.0,4.9,87.8,88.9,92.8,0.0,50.3,1753.0
Noida,28.5355,77.391,2026-09-07 04:00:00,24.4,97,0.0,4.3,86.1,87.1,93.6,0.0,51.9,1692.0
Noida,28.5355,77.391,2026-09-07 05:00:00,25.3,95,0.0,4.8,72.9,72.9,77.6,5.0,62.5,1599.0
Noida,28.5355,77.391,2026-09-07 06:00:00,25.3,95,0.0,4.7,76.8,77.1,70.0,18.0,61.7,1446.0
Noida,28.5355,77.391,2026-09-07 07:00:00,26.5,92,0.0,4.7,68.0,68.5,59.2,38.0,60.5,1261.0
Noida,28.5355,77.391,2026-09-07 08:00:00,28.2,84,0.0,5.5,52.7,54.8,48.1,68.0,58.8,1088.0
Noida,28.5355,77.391,2026-09-07 09:00:00,29.6,76,0.0,5.0,41.6,50.4,36.8,115.0,56.5,938.0
Noida,28.5355,77.391,2026-09-07 10:00:00,30.7,70,0.0,4.5,45.9,59.4,25.2,172.0,53.6,800.0
Noida,28.5355,77.391,2026-09-07 11:00:00,31.5,64,0.0,3.8,56.5,124.8,16.3,218.0,50.1,683.0
Noida,28.5355,77.391,2026-09-07 12:00:00,32.1,63,0.0,4.1,66.4,127.1,10.7,248.0,45.4,578.0
Noida,28.5355,77.391,2026-09-07 13:00:00,32.4,60,0.0,4.7,69.2,113.4,7.8,267.0,40.0,495.0
Noida,28.5355,77.391,2026-09-07 14:00:00,32.5,60,0.0,6.6,66.8,101.5,8.0,271.0,35.5,472.0
Noida,28.5355,77.391,2026-09-07 15:00:00,30.3,71,1.0,10.1,63.6,92.4,10.1,255.0,31.5,483.0
Noida,28.5355,77.391,2026-09-07 16:00:00,30.7,66,0.2,5.5,59.0,84.1,15.3,223.0,28.4,553.0
Noida,28.5355,77.391,2026-09-07 17:00:00,31.4,69,0.0,4.1,72.9,92.9,31.2,197.0,33.4,799.0
Noida,28.5355,77.391,2026-09-07 18:00:00,30.0,74,0.0,2.5,87.8,104.3,55.5,153.0,38.3,1375.0
Noida,28.5355,77.391,2026-09-07 19:00:00,28.4,80,0.0,3.7,105.0,119.2,88.4,93.0,45.1,2126.0
Noida,28.5355,77.391,2026-09-07 20:00:00,27.2,85,0.0,5.6,115.7,126.7,109.2,49.0,49.7,2703.0
Noida,28.5355,77.391,2026-09-07 21:00:00,26.7,87,0.0,5.6,118.5,126.7,106.8,38.0,50.4,2964.0
Noida,28.5355,77.391,2026-09-07 22:00:00,26.5,89,0.0,4.3,119.0,126.7,92.2,44.0,49.0,3049.0
Noida,28.5355,77.391,2026-09-07 23:00:00,26.8,89,0.0,3.2,104.1,114.6,77.9,49.0,46.6,3036.0
Noida,28.5355,77.391,2026-09-08 00:00:00,26.4,90,0.0,4.6,97.6,108.7,67.5,48.0,43.2,2951.0
Noida,28.5355,77.391,2026-09-08 01:00:00,26.2,88,0.0,5.0,98.5,109.9,57.3,46.0,38.7,2766.0
Noida,28.5355,77.391,2026-09-08 02:00:00,26.0,84,0.0,5.7,96.4,107.8,48.6,46.0,34.6,2474.0
Noida,28.5355,77.391,2026-09-08 03:00:00,25.6,84,0.0,5.5,88.2,100.8,41.8,48.0,31.3,1988.0
Noida,28.5355,77.391,2026-09-08 04:00:00,25.3,85,0.0,5.5,78.0,92.7,36.3,51.0,28.3,1395.0
Noida,28.5355,77.391,2026-09-08 05:00:00,25.9,80,0.0,5.7,135.5,147.1,85.7,12.0,47.6,952.0
Noida,28.5355,77.391,2026-09-08 06:00:00,25.9,82,0.0,3.9,112.5,125.3,72.1,34.0,43.2,805.0
Noida,28.5355,77.391,2026-09-08 07:00:00,26.8,79,0.0,8.0,95.5,108.0,52.9,66.0,37.0,808.0
Noida,28.5355,77.391,2026-09-08 08:00:00,28.3,76,0.0,7.1,66.6,87.1,36.0,97.0,31.1,779.0
Noida,28.5355,77.391,2026-09-08 09:00:00,29.8,68,0.0,11.0,47.7,75.9,23.7,129.0,25.8,629.0
Noida,28.5355,77.391,2026-09-08 10:00:00,30.7,64,0.0,12.1,73.1,358.6,13.7,161.0,20.9,447.0
Noida,28.5355,77.391,2026-09-08 11:00:00,32.0,61,0.0,12.2,57.4,215.1,6.8,182.0,17.0,312.0
Noida,28.5355,77.391,2026-09-08 12:00:00,32.7,58,0.0,11.4,48.8,152.3,3.5,187.0,14.7,250.0
Noida,28.5355,77.391,2026-09-08 13:00:00,31.6,63,0.9,13.4,44.6,123.9,3.4,182.0,13.6,235.0
Noida,28.5355,77.391,2026-09-08 14:00:00,32.4,61,0.1,11.1,41.2,105.2,5.3,172.0,13.0,268.0
Noida,28.5355,77.391,2026-09-08 15:00:00,32.7,61,0.0,11.0,45.6,146.7,8.6,158.0,12.5,350.0
Noida,28.5355,77.391,2026-09-08 16:00:00,32.2,62,0.0,11.1,49.0,153.2,14.0,140.0,12.5,480.0
Noida,28.5355,77.391,2026-09-08 17:00:00,31.9,64,0.0,7.1,57.7,192.8,24.2,114.0,14.5,650.0
Noida,28.5355,77.391,2026-09-08 18:00:00,30.2,72,0.0,4.5,64.7,183.9,40.5,89.0,18.5,907.0
Noida,28.5355,77.391,2026-09-08 19:00:00,29.9,72,0.0,3.4,72.2,181.1,63.0,53.0,24.1,1204.0
Noida,28.5355,77.391,2026-09-08 20:00:00,29.3,75,0.0,4.0,79.9,185.3,79.9,25.0,28.5,1398.0
Noida,28.5355,77.391,2026-09-08 21:00:00,28.9,77,0.0,4.3,89.2,197.0,86.3,11.0,30.9,1424.0
Noida,28.5355,77.391,2026-09-08 22:00:00,28.2,81,0.0,5.2,96.9,201.6,87.2,5.0,32.0,1347.0
Noida,28.5355,77.391,2026-09-08 23:00:00,28.6,82,0.0,6.0,96.9,190.9,84.8,1.0,31.4,1210.0
Noida,28.5355,77.391,2026-09-09 00:00:00,28.0,80,0.0,6.8,89.9,172.3,79.3,0.0,28.2,991.0
Noida,28.5355,77.391,2026-09-09 01:00:00,27.5,81,0.0,5.2,81.3,155.1,70.6,2.0,23.2,713.0
Noida,28.5355,77.391,2026-09-09 02:00:00,26.8,80,0.0,5.7,76.1,187.7,61.3,5.0,18.9,491.0
Noida,28.5355,77.391,2026-09-09 03:00:00,25.9,80,0.0,8.5,78.0,278.5,51.2,9.0,15.9,367.0
Noida,28.5355,77.391,2026-09-09 04:00:00,25.8,79,0.0,8.0,84.3,391.2,40.5,14.0,13.5,300.0
Noida,28.5355,77.391,2026-09-09 05:00:00,27.8,80,0.0,7.7,110.8,713.4,15.6,45.0,8.8,282.0
Noida,28.5355,77.391,2026-09-09 06:00:00,27.2,78,0.1,5.9,110.1,668.7,17.6,46.0,9.7,342.0
Noida,28.5355,77.391,2026-09-09 07:00:00,28.1,74,0.0,12.6,116.2,702.2,20.2,49.0,10.9,450.0
Noida,28.5355,77.391,2026-09-09 08:00:00,29.3,71,0.0,12.7,114.3,644.5,20.6,59.0,11.8,510.0
Noida,28.5355,77.391,2026-09-09 09:00:00,30.3,68,0.0,12.8,111.8,689.2,16.9,85.0,12.3,468.0
Noida,28.5355,77.391,2026-09-09 10:00:00,31.3,65,0.0,11.7,118.5,741.3,11.0,119.0,12.5,379.0
Noida,28.5355,77.391,2026-09-09 11:00:00,32.9,56,0.0,14.7,121.1,746.9,6.6,144.0,12.5,307.0
Noida,28.5355,77.391,2026-09-09 12:00:00,33.3,53,0.0,13.6,116.9,705.9,4.5,153.0,12.3,260.0
Noida,28.5355,77.391,2026-09-09 13:00:00,33.7,52,0.0,12.7,109.0,648.2,3.7,154.0,11.8,231.0
Noida,28.5355,77.391,2026-09-09 14:00:00,33.7,52,0.0,12.4,103.8,614.7,5.4,148.0,11.5,260.0
Noida,28.5355,77.391,2026-09-09 15:00:00,33.6,52,0.0,12.3,102.4,605.4,9.5,137.0,11.0,353.0
Noida,28.5355,77.391,2026-09-09 16:00:00,33.0,56,0.0,10.4,108.5,618.4,15.9,121.0,10.7,504.0
Noida,28.5355,77.391,2026-09-09 17:00:00,32.5,63,0.0,5.5,83.6,402.3,24.8,98.0,11.4,737.0
Noida,28.5355,77.391,2026-09-09 18:00:00,30.9,67,0.0,5.6,79.6,294.3,43.6,71.0,15.2,1167.0
Noida,28.5355,77.391,2026-09-09 19:00:00,30.2,70,0.0,4.3,85.0,256.1,69.3,34.0,20.6,1678.0
Noida,28.5355,77.391,2026-09-09 20:00:00,29.5,73,0.0,3.1,93.8,246.8,87.1,7.0,25.5,1953.0
Noida,28.5355,77.391,2026-09-09 21:00:00,28.6,78,0.0,4.6,103.8,246.8,89.7,0.0,30.0,1794.0
Noida,28.5355,77.391,2026-09-09 22:00:00,28.3,78,0.0,4.9,110.1,234.2,84.4,0.0,34.0,1398.0
Noida,28.5355,77.391,2026-09-09 23:00:00,28.5,78,0.0,5.5,109.9,216.1,78.4,0.0,35.8,1038.0
Noida,28.5355,77.391,2026-09-10 00:00:00,27.9,81,0.0,5.2,107.3,198.4,74.2,0.0,33.8,802.0
Noida,28.5355,77.391,2026-09-10 01:00:00,27.5,82,0.0,5.4,99.7,170.0,69.3,0.0,29.6,602.0
Noida,28.5355,77.391,2026-09-10 02:00:00,27.1,82,0.0,5.8,83.1,136.9,63.6,0.0,25.6,451.0
Noida,28.5355,77.391,2026-09-10 03:00:00,27.0,83,0.0,3.7,74.0,183.5,56.2,3.0,22.4,345.0
Noida,28.5355,77.391,2026-09-10 04:00:00,26.7,83,0.0,4.9,74.0,263.6,47.9,9.0,19.4,287.0
Noida,28.5355,77.391,2026-09-10 05:00:00,27.2,81,0.0,6.0,79.2,328.8,40.3,20.0,15.4,298.0
Noida,28.5355,77.391,2026-09-10 06:00:00,27.0,82,0.0,7.0,81.7,375.3,36.9,28.0,15.1,440.0
Noida,28.5355,77.391,2026-09-10 07:00:00,28.1,79,0.0,8.8,84.8,407.0,32.0,40.0,14.8,650.0
Noida,28.5355,77.391,2026-09-10 08:00:00,29.6,73,0.0,9.6,79.9,377.2,26.5,59.0,14.7,762.0
Noida,28.5355,77.391,2026-09-10 09:00:00,30.9,66,0.0,12.0,80.1,421.9,19.8,91.0,15.1,675.0
Noida,28.5355,77.391,2026-09-10 10:00:00,32.1,62,0.0,11.4,89.2,493.6,12.6,130.0,15.8,490.0
Noida,28.5355,77.391,2026-09-10 11:00:00,33.6,54,0.0,12.6,91.5,504.8,7.3,159.0,16.4,345.0
Noida,28.5355,77.391,2026-09-10 12:00:00,34.2,50,0.0,11.5,67.1,271.9,4.6,172.0,16.6,279.0
Noida,28.5355,77.391,2026-09-10 13:00:00,34.4,49,0.0,12.1,78.2,386.5,4.0,175.0,16.7,253.0
Noida,28.5355,77.391,2026-09-10 14:00:00,34.4,49,0.0,12.0,77.3,381.8,6.1,171.0,16.8,288.0
Noida,28.5355,77.391,2026-09-10 15:00:00,34.1,50,0.0,11.6,76.8,376.3,10.9,159.0,16.4,372.0
Noida,28.5355,77.391,2026-09-10 16:00:00,33.3,56,0.0,9.9,78.5,361.4,18.4,139.0,16.1,516.0
Noida,28.5355,77.391,2026-09-10 17:00:00,32.7,57,0.0,7.8,80.3,413.5,23.5,110.0,14.4,774.0
Noida,28.5355,77.391,2026-09-10 18:00:00,30.8,63,0.0,6.5,84.3,383.7,34.2,91.0,18.7,1263.0
Noida,28.5355,77.391,2026-09-10 19:00:00,30.0,67,0.0,5.9,85.4,317.6,49.2,64.0,24.7,1866.0
Noida,28.5355,77.391,2026-09-10 20:00:00,29.2,70,0.0,6.4,91.5,334.3,61.3,42.0,29.8,2279.0
Noida,28.5355,77.391,2026-09-10 21:00:00,28.5,73,0.0,6.3,91.7,287.8,68.7,29.0,33.6,2389.0
Noida,28.5355,77.391,2026-09-10 22:00:00,28.0,75,0.0,5.6,98.0,278.5,73.3,21.0,36.5,2310.0
Noida,28.5355,77.391,2026-09-10 23:00:00,28.3,75,0.0,6.0,95.5,245.9,74.1,17.0,37.4,2084.0
Noida,28.5355,77.391,2026-09-11 00:00:00,27.4,78,0.0,6.4,87.8,202.6,68.7,18.0,34.9,1618.0
Noida,28.5355,77.391,2026-09-11 01:00:00,26.7,87,0.0,4.9,82.4,176.5,59.5,23.0,30.4,1005.0
Noida,28.5355,77.391,2026-09-11 02:00:00,26.4,91,0.0,2.5,78.5,157.9,53.0,27.0,27.1,562.0
Noida,28.5355,77.391,2026-09-11 03:00:00,26.3,93,0.0,1.7,77.3,147.1,53.0,23.0,26.5,445.0
Noida,28.5355,77.391,2026-09-11 04:00:00,26.1,94,0.0,1.3,77.5,139.2,55.7,18.0,27.2,500.0
Noida,28.5355,77.391,2026-09-11 05:00:00,26.8,91,0.0,2.2,85.2,150.4,67.9,10.0,35.8,578.0
Noida,28.5355,77.391,2026-09-11 06:00:00,26.5,95,0.0,4.4,88.7,147.6,61.3,31.0,36.9,662.0
Noida,28.5355,77.391,2026-09-11 07:00:00,27.9,93,0.0,5.1,88.7,128.1,51.8,63.0,38.2,770.0
Noida,28.5355,77.391,2026-09-11 08:00:00,29.7,88,0.0,5.6,78.7,126.2,41.6,98.0,38.7,812.0
Noida,28.5355,77.391,2026-09-11 09:00:00,30.7,78,0.3,8.4,68.7,135.5,30.0,144.0,37.9,722.0
Noida,28.5355,77.391,2026-09-11 10:00:00,30.4,76,0.7,11.2,60.3,108.5,17.8,194.0,36.1,565.0
Noida,28.5355,77.391,2026-09-11 11:00:00,30.1,78,0.5,8.0,56.2,86.6,9.5,223.0,33.3,450.0
Noida,28.5355,77.391,2026-09-11 12:00:00,31.5,73,0.4,8.9,52.3,71.5,7.5,213.0,28.3,406.0
Noida,28.5355,77.391,2026-09-11 13:00:00,28.2,86,3.8,9.9,42.0,49.2,9.4,182.0,22.1,404.0
Noida,28.5355,77.391,2026-09-11 14:00:00,29.5,81,0.3,6.6,33.6,35.6,12.4,154.0,18.4,459.0
Noida,28.5355,77.391,2026-09-11 15:00:00,30.2,74,0.3,13.9,28.0,28.6,16.0,140.0,19.1,621.0
Noida,28.5355,77.391,2026-09-11 16:00:00,29.7,77,0.3,8.8,24.4,24.7,20.8,130.0,22.2,841.0
Noida,28.5355,77.391,2026-09-11 17:00:00,27.5,92,0.0,5.3,18.8,18.8,17.8,120.0,15.8,982.0
Noida,28.5355,77.391,2026-09-11 18:00:00,27.2,94,0.2,5.5,22.2,22.2,21.8,107.0,17.1,973.0
Noida,28.5355,77.391,2026-09-11 19:00:00,27.0,95,0.0,5.9,22.6,22.6,27.3,89.0,18.9,887.0
Noida,28.5355,77.391,2026-09-11 20:00:00,26.9,95,0.0,5.3,21.6,21.6,31.2,74.0,20.2,804.0
Noida,28.5355,77.391,2026-09-11 21:00:00,26.7,95,0.0,6.7,20.4,20.4,32.2,65.0,20.6,755.0
Noida,28.5355,77.391,2026-09-11 22:00:00,26.5,95,0.0,7.1,20.5,20.5,31.7,60.0,20.6,709.0
Noida,28.5355,77.391,2026-09-11 23:00:00,27.1,95,0.0,7.1,21.1,21.1,30.6,55.0,20.2,657.0
Noida,28.5355,77.391,2026-09-12 00:00:00,26.8,94,0.0,6.7,20.5,20.5,28.7,51.0,19.2,588.0
Noida,28.5355,77.391,2026-09-12 01:00:00,26.9,92,0.0,6.0,19.7,19.8,26.2,49.0,17.9,513.0
Noida,28.5355,77.391,2026-09-12 02:00:00,26.9,91,0.0,7.8,19.2,19.3,24.4,46.0,17.0,458.0
Noida,28.5355,77.391,2026-09-12 03:00:00,26.5,93,0.2,5.4,18.9,19.0,23.9,42.0,16.9,427.0
Noida,28.5355,77.391,2026-09-12 04:00:00,26.3,95,0.7,5.3,18.1,18.3,24.2,37.0,17.2,414.0
Noida,28.5355,77.391,2026-09-12 05:00:00,27.3,90,0.3,7.1,16.1,16.3,22.3,44.0,18.6,432.0
Noida,28.5355,77.391,2026-09-12 06:00:00,27.1,90,0.0,9.8,16.1,16.6,26.1,43.0,19.7,513.0
Noida,28.5355,77.391,2026-09-12 07:00:00,27.8,89,0.0,9.2,17.6,18.2,31.2,43.0,21.2,624.0
Noida,28.5355,77.391,2026-09-12 08:00:00,29.4,82,0.0,7.0,20.1,20.7,33.3,49.0,22.1,676.0
Noida,28.5355,77.391,2026-09-12 09:00:00,31.0,73,0.0,7.6,20.3,20.7,29.8,65.0,22.1,610.0
Noida,28.5355,77.391,2026-09-12 10:00:00,30.1,71,1.3,16.4,19.0,19.1,23.4,86.0,21.5,485.0
Noida,28.5355,77.391,2026-09-12 11:00:00,30.8,71,0.5,9.3,18.0,18.2,17.7,108.0,20.6,383.0
Noida,28.5355,77.391,2026-09-12 12:00:00,29.7,75,0.6,12.2,19.2,19.3,13.0,132.0,19.2,324.0
Noida,28.5355,77.391,2026-09-12 13:00:00,29.8,78,0.7,8.7,20.1,23.6,9.0,156.0,17.5,289.0
Noida,28.5355,77.391,2026-09-12 14:00:00,31.0,72,0.1,9.4,19.7,20.9,8.1,168.0,16.5,301.0
Noida,28.5355,77.391,2026-09-12 15:00:00,31.2,70,0.0,9.6,19.9,23.1,12.1,161.0,16.5,393.0
Noida,28.5355,77.391,2026-09-12 16:00:00,30.7,71,0.1,10.3,20.4,22.5,19.3,143.0,17.1,532.0
Noida,28.5355,77.391,2026-09-12 17:00:00,30.2,82,0.0,7.1,19.7,20.1,19.8,118.0,14.1,645.0
Noida,28.5355,77.391,2026-09-12 18:00:00,29.4,87,0.0,4.8,26.9,27.1,35.2,92.0,17.4,708.0
Noida,28.5355,77.391,2026-09-12 19:00:00,28.7,89,0.0,4.9,36.3,36.6,56.3,55.0,21.9,745.0
Noida,28.5355,77.391,2026-09-12 20:00:00,28.4,89,0.0,5.6,42.6,43.0,70.2,29.0,25.1,753.0
Noida,28.5355,77.391,2026-09-12 21:00:00,28.4,87,0.0,7.1,44.2,44.7,70.8,23.0,25.8,724.0
Noida,28.5355,77.391,2026-09-12 22:00:00,28.4,85,0.0,8.1,42.5,42.8,64.3,27.0,25.1,666.0
Noida,28.5355,77.391,2026-09-12 23:00:00,28.7,84,0.0,6.7,39.1,39.3,56.3,32.0,23.8,601.0
Noida,28.5355,77.391,2026-09-13 00:00:00,28.2,85,0.0,6.5,35.2,35.4,47.3,36.0,21.9,530.0
Noida,28.5355,77.391,2026-09-13 01:00:00,27.8,88,0.0,7.1,31.5,31.8,36.8,42.0,19.5,453.0
Noida,28.5355,77.391,2026-09-13 02:00:00,27.4,90,0.0,7.9,28.2,28.4,28.5,46.0,17.5,390.0
Noida,28.5355,77.391,2026-09-13 03:00:00,27.1,92,0.0,8.1,25.1,25.3,24.1,45.0,16.1,349.0
Noida,28.5355,77.391,2026-09-13 04:00:00,26.9,92,0.0,7.7,22.8,22.8,21.9,42.0,15.1,322.0
Noida,28.5355,77.391,2026-09-13 05:00:00,27.4,89,0.0,8.7,20.0,20.1,23.2,43.0,18.1,309.0
Noida,28.5355,77.391,2026-09-13 06:00:00,27.4,89,0.0,10.5,20.3,20.4,21.0,54.0,18.3,319.0
Noida,28.5355,77.391,2026-09-13 07:00:00,28.1,87,0.0,9.5,21.8,21.8,17.8,70.0,18.5,344.0
Noida,28.5355,77.391,2026-09-13 08:00:00,29.2,81,0.0,11.3,20.7,20.9,14.5,89.0,18.4,352.0
Noida,28.5355,77.391,2026-09-13 09:00:00,30.2,74,0.0,11.8,22.1,24.3,11.0,114.0,17.7,326.0
Noida,28.5355,77.391,2026-09-13 10:00:00,31.1,69,0.0,11.9,23.6,26.7,7.4,142.0,16.7,285.0
Noida,28.5355,77.391,2026-09-13 11:00:00,32.1,63,0.0,12.2,24.9,35.6,4.8,163.0,15.8,254.0
Noida,28.5355,77.391,2026-09-13 12:00:00,32.4,62,0.0,12.0,24.7,29.5,3.6,171.0,15.1,239.0
Noida,28.5355,77.391,2026-09-13 13:00:00,32.6,61,0.1,11.1,24.4,27.8,3.4,172.0,14.5,235.0
Noida,28.5355,77.391,2026-09-13 14:00:00,32.6,61,0.1,11.0,24.1,26.4,4.6,168.0,14.4,245.0
Noida,28.5355,77.391,2026-09-13 15:00:00,32.5,61,0.0,9.5,23.6,25.2,7.7,159.0,15.0,281.0
Noida,28.5355,77.391,2026-09-13 16:00:00,32.0,63,0.0,10.6,23.6,24.8,12.1,146.0,16.1,332.0
Noida,28.5355,77.391,2026-09-13 17:00:00,31.2,68,0.0,7.2,22.6,24.0,13.2,124.0,14.3,370.0
Noida,28.5355,77.391,2026-09-13 18:00:00,29.8,76,0.0,5.5,28.0,29.7,17.9,109.0,16.6,382.0
Noida,28.5355,77.391,2026-09-13 19:00:00,28.9,81,0.0,4.8,30.6,31.5,24.3,89.0,19.6,381.0
Noida,28.5355,77.391,2026-09-13 20:00:00,28.5,82,0.0,6.9,29.3,30.7,27.8,75.0,21.3,375.0
Noida,28.5355,77.391,2026-09-13 21:00:00,28.2,82,0.0,9.0,26.4,28.2,25.8,73.0,20.3,369.0
Noida,28.5355,77.391,2026-09-13 22:00:00,27.8,84,0.0,9.6,23.6,25.2,21.0,78.0,18.0,359.0
Noida,28.5355,77.391,2026-09-13 23:00:00,28.4,83,0.0,11.2,21.8,25.6,17.2,80.0,16.2,343.0
Noida,28.5355,77.391,2026-09-14 00:00:00,27.8,86,0.0,10.8,20.5,26.3,15.8,77.0,15.7,316.0
Noida,28.5355,77.391,2026-09-14 01:00:00,27.3,88,0.0,9.7,19.7,26.0,15.4,72.0,15.6,283.0
Noida,28.5355,77.391,2026-09-14 02:00:00,27.0,90,0.0,9.5,23.7,73.3,15.3,66.0,15.8,259.0
Noida,28.5355,77.391,2026-09-14 03:00:00,26.7,92,0.0,9.5,26.5,96.4,15.5,59.0,16.1,247.0
Noida,28.5355,77.391,2026-09-14 04:00:00,26.5,93,0.0,9.6,28.1,106.2,16.1,52.0,16.7,245.0
Noida,28.5355,77.391,2026-09-14 05:00:00,26.6,94,0.0,7.9,18.8,24.7,16.5,53.0,19.4,255.0
Noida,28.5355,77.391,2026-09-14 06:00:00,26.6,94,0.0,8.5,20.4,26.0,17.1,57.0,20.1,291.0
Noida,28.5355,77.391,2026-09-14 07:00:00,27.5,90,0.0,10.4,23.0,44.9,17.7,64.0,21.1,341.0
Noida,28.5355,77.391,2026-09-14 08:00:00,28.4,84,0.1,12.9,23.2,44.7,17.1,78.0,21.5,370.0
Noida,28.5355,77.391,2026-09-14 09:00:00,29.5,76,0.2,12.8,21.9,29.9,13.9,104.0,21.0,359.0
Noida,28.5355,77.391,2026-09-14 10:00:00,30.1,75,0.5,12.2,21.0,24.9,9.4,137.0,19.9,329.0
Noida,28.5355,77.391,2026-09-14 11:00:00,30.8,70,0.1,9.4,21.9,24.0,6.1,162.0,18.8,303.0
Noida,28.5355,77.391,2026-09-14 12:00:00,31.5,66,0.1,10.7,23.1,24.4,4.5,175.0,17.6,286.0
Noida,28.5355,77.391,2026-09-14 13:00:00,31.4,67,0.2,10.4,25.4,26.6,4.0,181.0,16.4,275.0
Noida,28.5355,77.391,2026-09-14 14:00:00,31.2,69,0.4,9.9,25.8,29.2,5.2,181.0,16.0,283.0
Noida,28.5355,77.391,2026-09-14 15:00:00,31.2,70,0.1,9.2,28.3,31.8,8.4,175.0,17.0,322.0
Noida,28.5355,77.391,2026-09-14 16:00:00,31.2,67,0.2,9.3,28.9,30.7,13.3,162.0,18.7,379.0
Noida,28.5355,77.391,2026-09-14 17:00:00,31.2,69,0.0,5.6,41.7,43.2,17.4,140.0,18.5,435.0
Noida,28.5355,77.391,2026-09-14 18:00:00,29.4,81,0.5,5.4,46.8,48.1,27.1,116.0,20.8,493.0
Noida,28.5355,77.391,2026-09-14 19:00:00,28.7,83,0.0,5.9,54.0,55.1,40.3,84.0,23.8,550.0
Noida,28.5355,77.391,2026-09-14 20:00:00,28.3,83,0.0,7.7,57.5,58.4,48.3,61.0,25.9,571.0
Noida,28.5355,77.391,2026-09-14 21:00:00,27.3,84,0.1,7.7,55.9,56.8,46.4,56.0,26.1,529.0
Noida,28.5355,77.391,2026-09-14 22:00:00,26.3,91,1.0,10.3,53.8,54.7,39.4,61.0,25.2,452.0
Noida,28.5355,77.391,2026-09-14 23:00:00,26.8,90,1.0,7.7,49.8,50.6,33.0,65.0,24.0,386.0
Noida,28.5355,77.391,2026-09-15 00:00:00,26.3,92,0.1,8.5,46.4,47.3,28.8,65.0,22.5,347.0
Noida,28.5355,77.391,2026-09-15 01:00:00,26.1,93,0.0,8.5,44.4,45.1,25.2,64.0,20.7,321.0
Noida,28.5355,77.391,2026-09-15 02:00:00,25.8,94,0.0,7.5,42.7,43.4,22.6,63.0,19.3,306.0
Noida,28.5355,77.391,2026-09-15 03:00:00,25.8,95,0.0,7.6,41.2,41.9,21.5,60.0,18.8,301.0
Noida,28.5355,77.391,2026-09-15 04:00:00,25.6,96,0.0,6.0,40.7,41.3,21.4,56.0,18.7,309.0
Noida,28.5355,77.391,2026-09-15 05:00:00,25.6,94,0.0,4.5,36.9,37.5,19.9,62.0,19.3,337.0
Noida,28.5355,77.391,2026-09-15 06:00:00,25.8,95,0.0,3.9,41.4,42.0,21.3,66.0,20.7,414.0
Noida,28.5355,77.391,2026-09-15 07:00:00,26.8,92,0.0,4.1,42.4,43.0,23.1,74.0,22.7,511.0
Noida,28.5355,77.391,2026-09-15 08:00:00,28.2,86,0.0,6.0,38.9,39.7,22.8,87.0,23.7,554.0
Noida,28.5355,77.391,2026-09-15 09:00:00,29.5,79,0.0,6.5,33.9,34.8,18.5,112.0,23.0,491.0
Noida,28.5355,77.391,2026-09-15 10:00:00,30.5,73,0.1,8.4,29.3,30.3,12.2,144.0,21.4,373.0
Noida,28.5355,77.391,2026-09-15 11:00:00,28.7,73,0.2,9.8,28.3,29.3,7.4,169.0,19.8,285.0
Noida,28.5355,77.391,2026-09-15 12:00:00,28.3,79,3.1,5.2,28.6,29.6,5.0,183.0,18.3,245.0
Noida,28.5355,77.391,2026-09-15 13:00:00,30.9,70,0.1,4.3,29.6,30.7,4.1,190.0,16.8,234.0
Noida,28.5355,77.391,2026-09-15 14:00:00,31.6,66,0.0,4.4,30.3,31.3,5.4,190.0,16.0,276.0
Noida,28.5355,77.391,2026-09-15 15:00:00,31.8,64,0.0,2.6,29.3,30.4,9.7,179.0,16.0,404.0
Noida,28.5355,77.391,2026-09-15 16:00:00,31.5,65,0.0,1.1,29.9,31.0,16.3,161.0,16.6,585.0
Noida,28.5355,77.391,2026-09-15 17:00:00,31.2,70,0.0,4.3,41.1,43.2,16.6,148.0,17.1,742.0
Noida,28.5355,77.391,2026-09-15 18:00:00,29.7,79,0.2,5.7,55.4,57.3,23.9,129.0,18.8,871.0
Noida,28.5355,77.391,2026-09-15 19:00:00,28.9,86,0.0,3.5,59.6,61.2,33.9,102.0,21.1,976.0
Noida,28.5355,77.391,2026-09-15 20:00:00,28.5,88,0.0,2.5,53.0,54.2,41.1,79.0,22.8,988.0
Noida,28.5355,77.391,2026-09-15 21:00:00,27.9,91,0.0,3.2,51.7,52.7,41.8,66.0,23.3,833.0
Noida,28.5355,77.391,2026-09-15 22:00:00,27.4,92,0.0,2.7,49.0,49.9,39.6,58.0,23.3,586.0
Noida,28.5355,77.391,2026-09-15 23:00:00,28.2,89,0.0,3.2,45.1,45.9,39.7,49.0,23.4,405.0
Noida,28.5355,77.391,2026-09-16 00:00:00,27.7,91,0.0,2.2,45.4,46.1,45.4,37.0,23.9,362.0
Noida,28.5355,77.391,2026-09-16 01:00:00,27.3,92,0.0,3.1,48.7,49.2,53.4,25.0,24.5,384.0
Noida,28.5355,77.391,2026-09-16 02:00:00,27.3,92,0.0,1.6,52.4,53.0,59.2,15.0,25.0,415.0
Noida,28.5355,77.391,2026-09-16 03:00:00,27.1,92,0.0,0.7,54.1,54.7,61.3,7.0,25.1,432.0
Noida,28.5355,77.391,2026-09-16 04:00:00,26.7,94,0.0,1.0,53.3,53.7,61.1,1.0,25.0,457.0
Noida,28.5355,77.391,2026-09-16 05:00:00,27.6,89,0.0,1.4,37.0,37.3,45.1,17.0,24.8,501.0
Noida,28.5355,77.391,2026-09-16 06:00:00,27.6,90,0.1,2.0,44.9,45.5,44.4,26.0,28.1,592.0
Noida,28.5355,77.391,2026-09-16 07:00:00,28.6,85,0.0,2.0,47.5,48.0,43.1,40.0,32.5,701.0
Noida,28.5355,77.391,2026-09-16 08:00:00,30.1,77,0.0,1.6,36.3,36.8,39.0,64.0,34.3,750.0
Noida,28.5355,77.391,2026-09-16 09:00:00,31.6,66,0.0,3.2,29.7,30.2,29.4,107.0,31.3,680.0
Noida,28.5355,77.391,2026-09-16 10:00:00,32.7,61,0.0,2.6,30.5,31.5,17.0,161.0,25.8,550.0
Noida,28.5355,77.391,2026-09-16 11:00:00,33.5,56,0.0,2.3,33.3,34.8,7.8,201.0,21.2,454.0
Noida,28.5355,77.391,2026-09-16 12:00:00,33.8,56,0.0,3.4,34.9,36.8,4.3,219.0,18.8,415.0
Noida,28.5355,77.391,2026-09-16 13:00:00,34.4,53,0.0,3.5,36.4,38.8,4.0,223.0,17.3,410.0
Noida,28.5355,77.391,2026-09-16 14:00:00,34.7,51,0.0,3.6,38.1,43.5,5.7,219.0,16.1,462.0
Noida,28.5355,77.391,2026-09-16 15:00:00,34.7,50,0.0,3.3,38.4,45.8,8.3,206.0,14.7,549.0
Noida,28.5355,77.391,2026-09-16 16:00:00,34.1,52,0.0,3.0,37.5,42.3,12.9,184.0,13.7,693.0
Noida,28.5355,77.391,2026-09-16 17:00:00,33.5,55,0.0,4.8,38.4,42.4,25.3,175.0,17.3,982.0
Noida,28.5355,77.391,2026-09-16 18:00:00,31.2,63,0.0,5.9,49.8,53.2,43.7,137.0,19.8,1613.0
Noida,28.5355,77.391,2026-09-16 19:00:00,30.2,67,0.0,5.1,64.3,67.3,69.0,84.0,23.3,2389.0
Noida,28.5355,77.391,2026-09-16 20:00:00,29.4,72,0.0,2.7,71.7,74.3,86.7,43.0,26.1,2811.0
Noida,28.5355,77.391,2026-09-16 21:00:00,28.7,77,0.0,2.3,68.9,71.2,89.8,27.0,27.7,2583.0
Noida,28.5355,77.391,2026-09-16 22:00:00,28.2,81,0.0,2.2,72.9,75.4,85.3,23.0,28.7,2002.0
Noida,28.5355,77.391,2026-09-16 23:00:00,28.1,85,0.0,2.7,77.3,80.3,80.4,21.0,28.9,1452.0
Noida,28.5355,77.391,2026-09-17 00:00:00,27.6,88,0.0,2.9,76.8,80.6,77.0,18.0,27.9,1034.0
Noida,28.5355,77.391,2026-09-17 01:00:00,27.3,88,0.0,2.3,72.4,76.4,73.2,17.0,26.2,648.0
Noida,28.5355,77.391,2026-09-17 02:00:00,27.4,86,0.0,5.2,67.5,71.5,69.7,16.0,25.1,384.0
Noida,28.5355,77.391,2026-09-17 03:00:00,23.9,96,1.1,10.3,65.7,69.4,67.6,12.0,25.0,310.0
Noida,28.5355,77.391,2026-09-17 04:00:00,23.9,98,0.2,8.7,64.5,68.2,65.9,8.0,25.5,359.0
Noida,28.5355,77.391,2026-09-17 05:00:00,25.4,96,0.0,8.1,46.0,48.8,26.5,82.0,30.9,414.0
Noida,28.5355,77.391,2026-09-17 06:00:00,24.9,94,0.0,11.4,48.7,51.0,28.7,86.0,33.2,447.0
Noida,28.5355,77.391,2026-09-17 07:00:00,25.1,91,0.0,10.2,51.0,53.3,31.5,94.0,36.2,487.0
Noida,28.5355,77.391,2026-09-17 08:00:00,26.2,85,0.0,7.2,51.8,55.3,31.4,114.0,38.0,509.0
Noida,28.5355,77.391,2026-09-17 09:00:00,27.4,82,0.0,3.4,51.7,56.3,25.5,156.0,37.6,498.0
Noida,28.5355,77.391,2026-09-17 10:00:00,28.7,75,0.0,3.5,50.6,58.0,16.7,209.0,36.0,470.0
Noida,28.5355,77.391,2026-09-17 11:00:00,30.2,70,0.0,6.7,50.8,59.8,9.9,250.0,34.0,443.0
Noida,28.5355,77.391,2026-09-17 12:00:00,28.5,76,1.2,8.2,51.3,64.5,6.8,272.0,31.8,413.0
Noida,28.5355,77.391,2026-09-17 13:00:00,31.1,68,0.0,5.4,51.0,59.4,5.8,281.0,29.3,384.0
Noida,28.5355,77.391,2026-09-17 14:00:00,31.7,63,0.0,2.7,51.2,59.8,7.0,277.0,26.6,391.0
Noida,28.5355,77.391,2026-09-17 15:00:00,31.8,62,0.0,4.3,50.4,59.4,10.9,253.0,23.3,463.0
Noida,28.5355,77.391,2026-09-17 16:00:00,32.0,58,0.1,4.1,47.8,56.9,16.9,215.0,19.7,570.0
Noida,28.5355,77.391,2026-09-17 17:00:00,31.6,70,0.0,2.8,53.0,68.7,22.2,138.0,17.3,656.0
Noida,28.5355,77.391,2026-09-17 18:00:00,30.5,73,0.0,2.2,53.3,63.8,23.7,131.0,17.8,667.0
Noida,28.5355,77.391,2026-09-17 19:00:00,30.3,74,0.0,1.1,51.6,59.1,25.7,121.0,18.5,656.0
Noida,28.5355,77.391,2026-09-17 20:00:00,30.0,74,0.0,0.2,48.7,54.6,26.7,114.0,18.7,725.0
Noida,28.5355,77.391,2026-09-17 21:00:00,29.3,75,0.0,6.5,44.6,49.9,25.6,112.0,18.1,1001.0
Noida,28.5355,77.391,2026-09-17 22:00:00,28.3,75,0.0,8.6,40.3,43.1,23.5,112.0,17.1,1358.0
Noida,28.5355,77.391,2026-09-17 23:00:00,27.9,74,0.0,9.5,35.6,37.7,21.8,110.0,16.4,1516.0
Noida,28.5355,77.391,2026-09-18 00:00:00,27.0,72,0.0,10.4,32.2,34.6,21.1,103.0,16.2,1278.0
Noida,28.5355,77.391,2026-09-18 01:00:00,26.2,74,0.0,9.9,31.0,34.6,20.9,94.0,16.2,841.0
Noida,28.5355,77.391,2026-09-18 02:00:00,25.7,78,0.0,7.1,29.9,34.8,21.3,86.0,16.7,517.0
Noida,28.5355,77.391,2026-09-18 03:00:00,25.3,80,0.0,6.1,29.6,35.0,22.7,77.0,17.6,441.0
Noida,28.5355,77.391,2026-09-18 04:00:00,25.2,81,0.0,7.3,30.6,36.1,24.8,68.0,18.9,478.0
Noida,28.5355,77.391,2026-09-18 05:00:00,25.7,78,0.0,7.9,25.1,29.5,17.9,85.0,16.0,535.0
Noida,28.5355,77.391,2026-09-18 06:00:00,25.4,81,0.0,6.8,26.7,31.1,19.3,89.0,17.4,604.0
Noida,28.5355,77.391,2026-09-18 07:00:00,26.4,81,0.0,6.9,29.1,33.2,21.0,95.0,19.4,693.0
Noida,28.5355,77.391,2026-09-18 08:00:00,27.7,78,0.0,7.7,26.1,30.9,20.9,107.0,20.4,728.0
Noida,28.5355,77.391,2026-09-18 09:00:00,29.4,68,0.0,10.5,25.2,51.9,17.1,132.0,19.7,658.0
Noida,28.5355,77.391,2026-09-18 10:00:00,30.7,61,0.0,10.3,26.4,66.4,11.4,162.0,18.2,535.0
Noida,28.5355,77.391,2026-09-18 11:00:00,32.8,48,0.0,6.6,23.5,38.5,7.0,186.0,16.5,441.0
Noida,28.5355,77.391,2026-09-18 12:00:00,28.5,68,1.4,15.5,22.9,34.3,4.9,198.0,14.9,395.0
Noida,28.5355,77.391,2026-09-18 13:00:00,30.3,60,0.1,3.1,22.9,32.8,4.0,203.0,13.2,377.0
Noida,28.5355,77.391,2026-09-18 14:00:00,31.6,55,0.0,6.1,24.7,36.2,5.1,200.0,12.0,411.0
Noida,28.5355,77.391,2026-09-18 15:00:00,31.6,55,0.0,6.6,23.5,33.2,8.4,186.0,11.4,502.0
Noida,28.5355,77.391,2026-09-18 16:00:00,31.3,56,0.0,4.9,24.2,34.8,13.5,163.0,11.3,645.0
Noida,28.5355,77.391,2026-09-18 17:00:00,30.0,76,0.0,2.9,26.4,39.1,17.5,181.0,18.9,849.0
Noida,28.5355,77.391,2026-09-18 18:00:00,28.6,82,0.0,3.6,38.9,49.7,33.5,143.0,20.7,1158.0
Noida,28.5355,77.391,2026-09-18 19:00:00,27.9,85,0.0,3.3,50.2,60.8,55.4,90.0,23.2,1528.0
Noida,28.5355,77.391,2026-09-18 20:00:00,27.6,86,0.0,1.5,51.5,60.3,70.9,50.0,24.8,1835.0
Noida,28.5355,77.391,2026-09-18 21:00:00,27.2,85,0.0,2.9,53.0,61.7,73.9,34.0,24.8,2038.0
Noida,28.5355,77.391,2026-09-18 22:00:00,26.6,87,0.0,4.5,53.7,62.9,70.5,30.0,23.9,2178.0
Noida,28.5355,77.391,2026-09-18 23:00:00,27.4,87,0.0,2.2,51.3,61.9,66.6,28.0,23.1,2255.0
Noida,28.5355,77.391,2026-09-19 00:00:00,27.2,87,0.0,2.8,49.1,61.7,63.4,26.0,22.7,2239.0
Noida,28.5355,77.391,2026-09-19 01:00:00,26.9,85,0.0,2.9,49.8,63.6,59.7,27.0,22.5,2160.0
Noida,28.5355,77.391,2026-09-19 02:00:00,26.5,86,0.0,1.6,51.9,66.6,57.5,26.0,22.5,2108.0
Noida,28.5355,77.391,2026-09-19 03:00:00,26.1,87,0.0,1.0,54.4,69.8,58.8,19.0,22.7,2153.0
Noida,28.5355,77.391,2026-09-19 04:00:00,25.7,90,0.0,1.4,56.8,73.3,61.5,10.0,23.2,2225.0
Noida,28.5355,77.391,2026-09-19 05:00:00,25.3,89,0.0,1.3,73.3,102.9,79.9,11.0,43.0,2208.0
Noida,28.5355,77.391,2026-09-19 06:00:00,25.2,90,0.0,2.1,83.6,114.1,71.2,31.0,45.5,2043.0
Noida,28.5355,77.391,2026-09-19 07:00:00,26.7,85,0.0,2.6,86.8,115.9,58.9,60.0,48.7,1790.0
Noida,28.5355,77.391,2026-09-19 08:00:00,28.6,76,0.0,2.7,66.8,110.4,46.4,94.0,50.2,1511.0
Noida,28.5355,77.391,2026-09-19 09:00:00,30.0,65,0.0,4.2,48.8,100.4,33.9,135.0,48.4,1186.0
Noida,28.5355,77.391,2026-09-19 10:00:00,30.8,60,0.0,4.1,45.5,90.8,21.3,180.0,44.8,835.0
Noida,28.5355,77.391,2026-09-19 11:00:00,32.2,54,0.0,6.2,48.7,100.1,12.0,217.0,41.4,579.0
Noida,28.5355,77.391,2026-09-19 12:00:00,32.8,51,0.0,6.1,51.8,104.3,7.3,242.0,38.5,465.0
Noida,28.5355,77.391,2026-09-19 13:00:00,33.0,49,0.0,7.1,54.7,108.0,6.0,259.0,35.8,446.0
Noida,28.5355,77.391,2026-09-19 14:00:00,32.9,48,0.0,6.7,55.4,105.9,7.8,265.0,34.0,502.0
Noida,28.5355,77.391,2026-09-19 15:00:00,33.0,46,0.0,4.8,55.9,103.4,11.6,258.0,33.2,622.0
Noida,28.5355,77.391,2026-09-19 16:00:00,32.7,47,0.0,3.7,56.6,99.0,18.5,240.0,33.3,817.0
Noida,28.5355,77.391,2026-09-19 17:00:00,31.9,63,0.0,2.4,70.5,125.7,29.8,191.0,32.5,1094.0
Noida,28.5355,77.391,2026-09-19 18:00:00,30.5,63,0.0,0.9,81.5,129.0,53.8,147.0,36.1,1520.0
Noida,28.5355,77.391,2026-09-19 19:00:00,29.7,65,0.0,1.0,94.5,138.3,86.4,86.0,41.0,2029.0
Noida,28.5355,77.391,2026-09-19 20:00:00,28.1,73,0.0,3.5,104.5,144.8,107.8,40.0,44.0,2428.0
Noida,28.5355,77.391,2026-09-19 21:00:00,26.9,81,0.0,4.2,112.2,150.4,107.4,25.0,43.5,2639.0
Noida,28.5355,77.391,2026-09-19 22:00:00,26.2,86,0.0,3.0,113.4,148.1,95.8,24.0,41.2,2740.0
Noida,28.5355,77.391,2026-09-19 23:00:00,26.5,87,0.0,0.9,106.6,136.0,84.3,26.0,38.3,2771.0
Noida,28.5355,77.391,2026-09-20 00:00:00,25.7,90,0.0,1.7,99.2,124.8,75.8,26.0,34.9,2731.0
Noida,28.5355,77.391,2026-09-20 01:00:00,25.2,92,0.0,2.7,94.8,117.6,67.5,28.0,30.9,2622.0
Noida,28.5355,77.391,2026-09-20 02:00:00,25.2,92,0.0,1.7,92.2,113.2,62.4,28.0,28.1,2488.0
Noida,28.5355,77.391,2026-09-20 03:00:00,25.1,92,0.0,3.1,92.7,113.4,63.6,21.0,27.2,2351.0
Noida,28.5355,77.391,2026-09-20 04:00:00,24.8,93,0.0,0.9,95.9,116.4,68.0,12.0,27.4,2190.0
Noida,28.5355,77.391,2026-09-20 05:00:00,25.1,93,0.0,0.4,92.0,107.1,69.6,5.0,25.6,1981.0
Noida,28.5355,77.391,2026-09-20 06:00:00,24.9,94,0.0,0.4,94.1,108.5,60.3,28.0,27.5,1692.0
Noida,28.5355,77.391,2026-09-20 07:00:00,26.4,89,0.0,2.8,92.7,104.5,47.1,61.0,30.2,1356.0
Noida,28.5355,77.391,2026-09-20 08:00:00,28.5,81,0.0,2.9,72.6,92.2,34.8,97.0,32.2,1051.0
Noida,28.5355,77.391,2026-09-20 09:00:00,30.5,70,0.0,3.1,62.4,99.2,24.3,138.0,33.0,792.0
Noida,28.5355,77.391,2026-09-20 10:00:00,31.7,58,0.0,3.7,56.2,97.1,14.7,181.0,33.1,564.0
Noida,28.5355,77.391,2026-09-20 11:00:00,32.7,51,0.0,3.6,55.1,104.5,7.8,215.0,32.5,402.0
Noida,28.5355,77.391,2026-09-20 12:00:00,33.3,49,0.0,3.6,55.5,99.0,4.6,234.0,30.9,327.0
Noida,28.5355,77.391,2026-09-20 13:00:00,33.5,49,0.0,3.5,56.5,99.0,4.2,242.0,28.6,317.0
Noida,28.5355,77.391,2026-09-20 14:00:00,33.6,48,0.0,3.7,56.9,103.8,5.6,242.0,26.9,342.0
Noida,28.5355,77.391,2026-09-20 15:00:00,33.4,49,0.0,4.0,57.2,98.3,8.2,233.0,25.9,390.0
Noida,28.5355,77.391,2026-09-20 16:00:00,32.7,54,0.1,5.0,57.4,93.6,12.7,216.0,25.4,473.0
Noida,28.5355,77.391,2026-09-20 17:00:00,32.2,53,0.1,3.3,64.5,99.4,19.3,178.0,23.7,598.0
Noida,28.5355,77.391,2026-09-20 18:00:00,30.7,62,0.0,3.1,71.5,103.8,26.9,150.0,24.8,795.0
Noida,28.5355,77.391,2026-09-20 19:00:00,29.9,65,0.0,2.6,76.6,106.4,37.7,110.0,26.4,1033.0
Noida,28.5355,77.391,2026-09-20 20:00:00,28.9,71,0.0,3.1,78.9,104.8,47.5,77.0,27.9,1228.0
Noida,28.5355,77.391,2026-09-20 21:00:00,28.2,74,0.0,2.6,81.7,106.2,54.9,56.0,29.2,1345.0
Noida,28.5355,77.391,2026-09-20 22:00:00,27.4,76,0.0,2.3,89.2,113.9,61.4,41.0,30.5,1419.0
Noida,28.5355,77.391,2026-09-20 23:00:00,27.3,76,0.0,3.1,97.6,122.9,67.0,29.0,31.7,1473.0
Noida,28.5355,77.391,2026-09-21 00:00:00,26.5,80,0.0,2.7,103.6,130.4,72.0,21.0,32.7,1510.0
Noida,28.5355,77.391,2026-09-21 01:00:00,26.1,82,0.0,2.0,109.0,136.4,76.1,16.0,33.7,1528.0
Noida,28.5355,77.391,2026-09-21 02:00:00,25.9,83,0.0,1.9,112.7,140.6,79.2,13.0,35.0,1540.0
Noida,28.5355,77.391,2026-09-21 03:00:00,25.5,84,0.0,2.6,115.0,143.0,82.2,6.0,36.7,1557.0
Noida,28.5355,77.391,2026-09-21 04:00:00,25.2,84,0.0,1.8,117.3,144.8,84.0,0.0,38.6,1569.0
Noida,28.5355,77.391,2026-09-21 05:00:00,25.5,88,0.0,3.5,57.3,72.4,30.8,44.0,25.0,1557.0
Noida,28.5355,77.391,2026-09-21 06:00:00,25.4,89,0.0,3.1,60.5,75.2,35.1,53.0,27.3,1532.0
Noida,28.5355,77.391,2026-09-21 07:00:00,26.8,83,0.0,2.7,65.7,77.3,40.7,67.0,30.7,1482.0
Noida,28.5355,77.391,2026-09-21 08:00:00,28.8,76,0.0,2.1,63.1,75.9,41.8,92.0,34.8,1359.0
Noida,28.5355,77.391,2026-09-21 09:00:00,30.8,62,0.0,3.0,58.1,79.2,34.3,139.0,41.1,1089.0
Noida,28.5355,77.391,2026-09-21 10:00:00,32.1,53,0.0,5.2,58.8,92.7,22.3,198.0,48.1,746.0
Noida,28.5355,77.391,2026-09-21 11:00:00,32.9,48,0.0,5.1,64.3,108.5,12.9,244.0,51.6,497.0
Noida,28.5355,77.391,2026-09-21 12:00:00,33.2,47,0.0,3.6,66.4,116.9,8.2,270.0,48.6,413.0
Noida,28.5355,77.391,2026-09-21 13:00:00,33.5,45,0.0,3.0,67.1,119.7,6.1,284.0,42.1,424.0
Noida,28.5355,77.391,2026-09-21 14:00:00,33.7,43,0.0,3.3,66.8,114.6,7.2,285.0,36.8,489.0
Noida,28.5355,77.391,2026-09-21 15:00:00,33.5,45,0.0,4.9,67.1,113.9,12.8,270.0,34.2,621.0
Noida,28.5355,77.391,2026-09-21 16:00:00,32.8,50,0.0,6.0,69.2,109.4,21.6,243.0,32.8,807.0
Noida,28.5355,77.391,2026-09-21 17:00:00,31.7,56,0.0,7.3,76.1,110.1,27.4,239.0,38.0,973.0
Noida,28.5355,77.391,2026-09-21 18:00:00,30.5,59,0.0,7.9,89.2,119.2,41.7,198.0,41.5,1080.0
Noida,28.5355,77.391,2026-09-21 19:00:00,29.7,63,0.0,6.0,99.0,128.1,61.7,141.0,46.4,1167.0
Noida,28.5355,77.391,2026-09-21 20:00:00,28.8,70,0.0,3.9,102.9,130.4,79.0,92.0,50.9,1270.0
Noida,28.5355,77.391,2026-09-21 21:00:00,28.0,72,0.0,4.0,108.5,134.6,91.0,62.0,54.5,1426.0
Noida,28.5355,77.391,2026-09-21 22:00:00,27.6,73,0.0,2.7,121.5,148.5,100.3,41.0,57.6,1598.0
Noida,28.5355,77.391,2026-09-21 23:00:00,27.6,76,0.0,1.5,131.8,160.7,106.8,25.0,59.4,1720.0
Noida,28.5355,77.391,2026-09-22 00:00:00,26.5,81,0.0,2.0,136.4,167.2,109.7,15.0,59.1,1763.0
Noida,28.5355,77.391,2026-09-22 01:00:00,26.0,84,0.0,1.9,137.8,170.0,109.7,10.0,57.5,1755.0
Noida,28.5355,77.391,2026-09-22 02:00:00,25.6,85,0.0,3.0,137.8,170.0,108.6,7.0,56.2,1710.0
Noida,28.5355,77.391,2026-09-22 03:00:00,25.2,87,0.0,2.7,136.9,169.0,108.0,0.0,55.7,1611.0
Noida,28.5355,77.391,2026-09-22 04:00:00,25.1,87,0.0,0.9,136.0,168.1,106.3,0.0,55.5,1475.0
Noida,28.5355,77.391,2026-09-22 05:00:00,25.5,89,0.0,3.2,126.7,157.4,95.8,2.0,48.6,1367.0
Noida,28.5355,77.391,2026-09-22 06:00:00,25.4,89,0.0,3.5,114.8,144.4,86.9,30.0,48.6,1341.0
Noida,28.5355,77.391,2026-09-22 07:00:00,26.8,85,0.0,2.2,108.0,139.2,74.0,72.0,48.5,1344.0
Noida,28.5355,77.391,2026-09-22 08:00:00,29.0,76,0.0,1.1,89.6,148.1,59.7,116.0,48.6,1279.0
Noida,28.5355,77.391,2026-09-22 09:00:00,30.9,63,0.0,0.9,70.8,148.5,42.6,166.0,49.3,1067.0
Noida,28.5355,77.391,2026-09-22 10:00:00,32.2,55,0.0,1.5,67.1,136.0,24.1,219.0,50.1,788.0
Noida,28.5355,77.391,2026-09-22 11:00:00,33.3,49,0.0,0.7,64.3,120.6,10.7,260.0,49.4,586.0
Noida,28.5355,77.391,2026-09-22 12:00:00,34.3,45,0.0,2.5,62.9,116.4,5.3,283.0,45.9,526.0
Noida,28.5355,77.391,2026-09-22 13:00:00,34.8,43,0.0,4.6,61.0,110.4,5.0,292.0,41.0,542.0
Noida,28.5355,77.391,2026-09-22 14:00:00,35.0,42,0.0,7.5,58.4,105.2,7.5,289.0,36.5,585.0
Noida,28.5355,77.391,2026-09-22 15:00:00,34.7,42,0.0,9.6,57.3,121.1,12.8,268.0,33.0,635.0
Noida,28.5355,77.391,2026-09-22 16:00:00,33.7,47,0.0,9.8,55.6,119.0,20.8,235.0,30.0,710.0
Noida,28.5355,77.391,2026-09-22 17:00:00,32.3,57,0.0,7.7,55.4,101.7,25.5,219.0,31.5,817.0
Noida,28.5355,77.391,2026-09-22 18:00:00,30.6,63,0.0,5.9,60.3,108.7,36.8,184.0,33.5,970.0
Noida,28.5355,77.391,2026-09-22 19:00:00,29.9,68,0.0,5.5,65.4,114.8,52.7,135.0,36.3,1154.0
Noida,28.5355,77.391,2026-09-22 20:00:00,29.2,73,0.0,5.3,68.7,118.3,66.4,94.0,38.9,1327.0
Noida,28.5355,77.391,2026-09-22 21:00:00,28.6,77,0.0,3.6,72.6,120.1,75.4,69.0,41.1,1491.0
Noida,28.5355,77.391,2026-09-22 22:00:00,28.2,79,0.0,1.4,77.1,124.3,82.3,51.0,43.1,1644.0
Noida,28.5355,77.391,2026-09-22 23:00:00,28.5,79,0.0,2.3,83.6,132.2,88.1,37.0,44.6,1741.0
Noida,28.5355,77.391,2026-09-23 00:00:00,27.9,80,0.0,1.6,89.6,141.1,93.7,26.0,45.6,1743.0
Noida,28.5355,77.391,2026-09-23 01:00:00,27.3,82,0.0,2.4,96.9,150.4,98.2,19.0,46.1,1688.0
Noida,28.5355,77.391,2026-09-23 02:00:00,26.5,86,0.0,4.6,102.2,155.5,100.0,14.0,46.4,1643.0
Noida,28.5355,77.391,2026-09-23 03:00:00,26.0,88,0.0,3.7,105.2,156.9,99.0,7.0,46.2,1637.0
Noida,28.5355,77.391,2026-09-23 04:00:00,25.6,89,0.0,2.5,107.3,158.3,95.4,2.0,45.8,1641.0
Noida,28.5355,77.391,2026-09-23 05:00:00,25.4,91,0.0,1.7,72.9,122.9,51.5,39.0,41.4,1634.0
Noida,28.5355,77.391,2026-09-23 06:00:00,25.1,92,0.0,1.7,80.3,131.8,48.6,59.0,43.0,1639.0
Noida,28.5355,77.391,2026-09-23 07:00:00,26.8,85,0.0,2.5,82.9,127.6,44.2,87.0,45.1,1633.0
Noida,28.5355,77.391,2026-09-23 08:00:00,29.0,75,0.0,1.9,65.2,117.3,38.3,120.0,46.5,1532.0
Noida,28.5355,77.391,2026-09-23 09:00:00,30.7,63,0.0,1.4,58.0,119.7,29.5,161.0,46.8,1240.0
Noida,28.5355,77.391,2026-09-23 10:00:00,31.9,57,0.0,0.5,55.5,114.1,19.1,206.0,46.2,851.0
Noida,28.5355,77.391,2026-09-23 11:00:00,33.2,57,0.0,1.3,53.6,105.7,11.3,241.0,44.4,568.0
Noida,28.5355,77.391,2026-09-23 12:00:00,34.1,52,0.0,3.4,52.5,99.2,7.4,259.0,40.1,473.0
Noida,28.5355,77.391,2026-09-23 13:00:00,34.4,50,0.0,5.6,50.8,90.3,6.1,267.0,34.6,483.0
Noida,28.5355,77.391,2026-09-23 14:00:00,34.0,55,1.0,7.2,50.1,84.3,7.8,269.0,30.6,546.0
Noida,28.5355,77.391,2026-09-23 15:00:00,33.4,57,0.9,9.6,51.2,82.7,11.5,269.0,29.4,641.0
Noida,28.5355,77.391,2026-09-23 16:00:00,33.0,57,0.0,10.3,52.9,82.2,18.2,264.0,29.8,789.0
Noida,28.5355,77.391,2026-09-23 17:00:00,32.1,61,0.0,8.9,56.7,79.6,30.3,227.0,30.5,1001.0
Noida,28.5355,77.391,2026-09-23 18:00:00,30.2,66,0.0,5.8,71.9,94.1,50.6,183.0,34.6,1367.0
Noida,28.5355,77.391,2026-09-23 19:00:00,29.5,66,0.0,5.1,88.2,111.5,78.0,123.0,40.0,1797.0
Noida,28.5355,77.391,2026-09-23 20:00:00,29.0,66,0.0,4.3,98.5,122.5,94.2,77.0,43.1,2036.0
Noida,28.5355,77.391,2026-09-23 21:00:00,27.9,70,0.0,5.0,101.0,129.0,89.3,60.0,41.8,1932.0
Noida,28.5355,77.391,2026-09-23 22:00:00,26.9,75,0.0,5.0,97.3,131.3,73.3,58.0,38.1,1637.0
Noida,28.5355,77.391,2026-09-23 23:00:00,27.0,81,0.0,3.8,90.3,130.9,57.8,58.0,34.0,1346.0
Noida,28.5355,77.391,2026-09-24 00:00:00,26.3,84,0.0,3.8,83.1,132.2,46.0,59.0,29.5,1109.0
Noida,28.5355,77.391,2026-09-24 01:00:00,26.0,82,0.0,5.2,79.6,170.9,34.8,62.0,24.6,876.0
Noida,28.5355,77.391,2026-09-24 02:00:00,25.6,83,0.0,5.4,77.5,202.1,26.6,64.0,20.8,697.0
Noida,28.5355,77.391,2026-09-24 03:00:00,25.2,86,0.0,5.1,68.2,171.8,23.3,60.0,18.7,597.0
Noida,28.5355,77.391,2026-09-24 04:00:00,25.1,88,0.0,5.3,59.4,136.0,23.0,53.0,17.8,551.0
Noida,28.5355,77.391,2026-09-24 05:00:00,25.7,87,0.0,0.4,53.8,119.7,22.8,51.0,17.3,529.0
Noida,28.5355,77.391,2026-09-24 06:00:00,25.2,91,0.0,9.9,51.0,110.6,21.9,55.0,17.3,538.0
Noida,28.5355,77.391,2026-09-24 07:00:00,26.4,89,0.0,6.5,46.2,139.7,21.1,64.0,17.9,570.0
Noida,28.5355,77.391,2026-09-24 08:00:00,27.4,82,0.0,10.8,33.5,71.5,19.3,80.0,18.4,575.0
Noida,28.5355,77.391,2026-09-24 09:00:00,28.7,76,0.0,10.2,28.1,49.8,15.6,110.0,18.8,520.0
Noida,28.5355,77.391,2026-09-24 10:00:00,30.0,71,0.0,7.8,28.6,41.6,11.0,147.0,19.2,438.0
Noida,28.5355,77.391,2026-09-24 11:00:00,31.1,65,0.0,6.9,33.1,47.3,7.6,178.0,19.5,370.0
Noida,28.5355,77.391,2026-09-24 12:00:00,32.0,58,0.0,5.7,38.0,69.8,5.7,197.0,19.5,321.0
Noida,28.5355,77.391,2026-09-24 13:00:00,32.6,54,0.0,4.5,40.2,82.4,5.1,210.0,19.5,287.0
Noida,28.5355,77.391,2026-09-24 14:00:00,32.9,51,0.0,5.5,40.7,84.8,6.6,213.0,19.7,295.0
Noida,28.5355,77.391,2026-09-24 15:00:00,32.6,52,0.0,6.7,41.2,84.8,11.8,204.0,20.5,372.0
Noida,28.5355,77.391,2026-09-24 16:00:00,32.0,55,0.0,8.2,41.8,83.4,19.3,187.0,21.5,492.0
Noida,28.5355,77.391,2026-09-24 17:00:00,30.6,64,0.0,8.7,46.1,99.4,25.5,166.0,22.3,604.0
Noida,28.5355,77.391,2026-09-24 18:00:00,29.1,69,0.0,8.7,54.5,140.6,29.7,141.0,22.8,711.0
Noida,28.5355,77.391,2026-09-24 19:00:00,28.4,72,0.0,7.8,62.2,213.7,32.7,114.0,23.2,811.0
Noida,28.5355,77.391,2026-09-24 20:00:00,27.8,74,0.0,7.4,64.5,258.0,33.6,93.0,23.2,846.0
Noida,28.5355,77.391,2026-09-24 21:00:00,27.2,77,0.0,6.9,64.0,265.4,31.3,86.0,22.6,772.0
Noida,28.5355,77.391,2026-09-24 22:00:00,26.5,82,0.0,5.0,63.3,272.9,27.0,86.0,21.6,633.0
Noida,28.5355,77.391,2026-09-24 23:00:00,26.1,84,0.0,5.2,65.2,309.2,23.3,84.0,21.1,508.0
Noida,28.5355,77.391,2026-09-25 00:00:00,25.7,86,0.0,5.2,62.2,302.7,21.0,76.0,21.4,415.0
Noida,28.5355,77.391,2026-09-25 01:00:00,25.2,89,0.0,4.4,55.3,268.2,19.3,67.0,22.2,336.0
Noida,28.5355,77.391,2026-09-25 02:00:00,24.8,91,0.0,1.8,48.1,230.5,18.9,57.0,22.9,292.0
Noida,28.5355,77.391,2026-09-25 03:00:00,24.4,93,0.0,1.7,39.5,172.8,20.9,46.0,23.1,302.0
Noida,28.5355,77.391,2026-09-25 04:00:00,23.8,95,0.0,2.4,31.4,106.4,24.3,36.0,23.3,347.0
Noida,28.5355,77.391,2026-09-25 05:00:00,23.5,96,0.0,1.8,29.7,86.4,26.2,31.0,23.8,388.0
Noida,28.5355,77.391,2026-09-25 06:00:00,23.2,98,0.0,1.8,31.3,74.7,25.5,34.0,25.6,417.0
Noida,28.5355,77.391,2026-09-25 07:00:00,24.8,91,0.0,2.6,27.9,58.3,23.4,41.0,27.9,442.0
Noida,28.5355,77.391,2026-09-25 08:00:00,26.5,81,0.0,4.3,21.1,43.8,20.5,54.0,28.3,447.0
Noida,28.5355,77.391,2026-09-25 09:00:00,28.0,72,0.0,5.8,15.9,30.0,16.2,74.0,25.1,414.0
Noida,28.5355,77.391,2026-09-25 10:00:00,29.3,67,0.0,4.1,20.7,88.0,11.0,98.0,20.1,361.0
Noida,28.5355,77.391,2026-09-25 11:00:00,30.4,62,0.0,4.9,19.4,64.0,7.2,118.0,16.2,323.0
Noida,28.5355,77.391,2026-09-25 12:00:00,31.0,59,0.0,5.9,16.8,43.2,5.4,132.0,14.6,305.0
Noida,28.5355,77.391,2026-09-25 13:00:00,31.4,58,0.0,5.0,16.2,39.1,4.9,143.0,14.2,302.0
Noida,28.5355,77.391,2026-09-25 14:00:00,31.8,56,0.0,2.3,16.6,38.9,6.0,148.0,14.4,330.0
Noida,28.5355,77.391,2026-09-25 15:00:00,32.0,53,0.0,2.6,17.2,38.2,9.4,147.0,15.3,413.0
Noida,28.5355,77.391,2026-09-25 16:00:00,31.7,54,0.0,4.0,18.1,37.6,14.3,141.0,16.9,528.0
Noida,28.5355,77.391,2026-09-25 17:00:00,30.3,65,0.0,6.4,20.3,35.2,19.0,130.0,18.4,614.0
Noida,28.5355,77.391,2026-09-25 18:00:00,28.6,71,0.0,5.7,22.8,36.6,23.2,111.0,19.6,645.0
Noida,28.5355,77.391,2026-09-25 19:00:00,27.8,77,0.0,2.7,23.1,38.0,27.2,86.0,20.7,649.0
Noida,28.5355,77.391,2026-09-25 20:00:00,27.3,76,0.0,4.4,21.7,42.3,29.8,66.0,21.2,648.0
Noida,28.5355,77.391,2026-09-25 21:00:00,26.7,78,0.1,8.8,21.1,47.1,30.2,54.0,20.7,660.0
Noida,28.5355,77.391,2026-09-25 22:00:00,26.1,81,0.1,4.8,20.6,45.3,29.3,46.0,19.5,668.0
Noida,28.5355,77.391,2026-09-25 23:00:00,25.6,83,0.0,0.5,22.4,68.0,28.4,40.0,18.6,639.0
Noida,28.5355,77.391,2026-09-26 00:00:00,24.9,87,0.0,1.7,21.8,68.5,27.8,36.0,17.9,536.0
Noida,28.5355,77.391,2026-09-26 01:00:00,24.3,88,0.0,4.0,18.7,39.1,27.3,35.0,17.4,397.0
Noida,28.5355,77.391,2026-09-26 02:00:00,23.8,90,0.0,3.0,18.2,29.7,27.8,34.0,18.2,303.0
Noida,28.5355,77.391,2026-09-26 03:00:00,23.6,90,0.0,4.5,19.7,38.3,30.1,32.0,21.2,297.0
Noida,28.5355,77.391,2026-09-26 04:00:00,23.6,90,0.0,0.6,23.7,60.5,33.3,30.0,25.4,336.0
Noida,28.5355,77.391,2026-09-26 05:00:00,23.4,90,0.0,4.6,26.1,62.6,36.1,29.0,29.1,370.0
Noida,28.5355,77.391,2026-09-26 06:00:00,23.7,89,0.0,3.6,30.2,72.4,38.6,29.0,31.9,387.0
Noida,28.5355,77.391,2026-09-26 07:00:00,25.0,83,0.0,2.4,32.4,70.1,40.6,31.0,34.1,399.0
Noida,28.5355,77.391,2026-09-26 08:00:00,26.2,78,0.0,2.3,27.6,41.8,40.1,38.0,34.7,392.0
Noida,28.5355,77.391,2026-09-26 09:00:00,27.9,73,0.0,3.8,20.5,29.7,35.0,52.0,32.4,345.0
Noida,28.5355,77.391,2026-09-26 10:00:00,29.4,67,0.0,6.1,17.4,29.4,27.4,71.0,28.5,279.0
Noida,28.5355,77.391,2026-09-26 11:00:00,28.5,69,0.1,11.8,16.8,32.9,21.4,88.0,25.8,240.0
Noida,28.5355,77.391,2026-09-26 12:00:00,26.2,84,0.4,11.5,18.0,36.4,18.4,104.0,25.8,255.0
Noida,28.5355,77.391,2026-09-26 13:00:00,25.3,92,3.1,11.3,19.7,35.0,17.1,120.0,27.1,298.0
Noida,28.5355,77.391,2026-09-26 14:00:00,24.8,90,1.2,13.3,20.1,41.4,17.2,127.0,27.8,336.0
Noida,28.5355,77.391,2026-09-26 15:00:00,24.9,85,0.1,13.6,37.0,204.0,18.9,122.0,27.1,361.0
Noida,28.5355,77.391,2026-09-26 16:00:00,25.0,77,0.0,16.6,43.2,253.3,22.0,110.0,25.8,381.0
Noida,28.5355,77.391,2026-09-26 17:00:00,25.2,74,0.0,14.3,49.2,281.3,25.9,97.0,25.4,387.0
Noida,28.5355,77.391,2026-09-26 18:00:00,25.0,73,0.0,12.4,51.8,259.8,32.0,82.0,26.4,369.0
Noida,28.5355,77.391,2026-09-26 19:00:00,24.8,74,0.0,12.8,57.6,279.4,38.9,66.0,28.2,337.0
Noida,28.5355,77.391,2026-09-26 20:00:00,24.3,77,0.0,7.6,66.6,341.8,42.3,58.0,30.0,314.0
Noida,28.5355,77.391,2026-09-26 21:00:00,23.8,79,0.0,5.9,71.9,380.0,39.7,61.0,32.0,316.0
Noida,28.5355,77.391,2026-09-26 22:00:00,23.5,81,0.0,7.5,78.0,415.4,33.5,72.0,34.0,326.0
Noida,28.5355,77.391,2026-09-26 23:00:00,23.3,82,0.0,6.5,90.6,499.2,27.4,85.0,34.9,322.0
Noida,28.5355,77.391,2026-09-27 00:00:00,22.9,84,0.0,4.7,107.3,610.9,21.9,101.0,33.7,286.0
Noida,28.5355,77.391,2026-09-27 01:00:00,22.4,86,0.0,4.5,115.0,646.3,16.3,120.0,31.3,235.0
Noida,28.5355,77.391,2026-09-27 02:00:00,22.4,84,0.0,6.0,114.6,622.1,12.5,132.0,29.4,199.0
Noida,28.5355,77.391,2026-09-27 03:00:00,22.3,84,0.0,6.9,103.1,514.1,11.1,134.0,28.5,178.0
Noida,28.5355,77.391,2026-09-27 04:00:00,22.2,87,0.0,2.6,93.1,423.8,11.4,130.0,28.1,172.0
Noida,28.5355,77.391,2026-09-27 05:00:00,21.9,88,0.0,5.9,70.8,215.1,13.0,125.0,27.9,212.0
Noida,28.5355,77.391,2026-09-27 06:00:00,22.1,88,0.0,4.8,68.7,184.9,17.1,116.0,28.1,355.0
Noida,28.5355,77.391,2026-09-27 07:00:00,23.4,84,0.0,6.2,70.8,176.0,22.4,107.0,28.5,544.0
Noida,28.5355,77.391,2026-09-27 08:00:00,25.2,78,0.0,3.3,72.4,187.2,24.6,111.0,28.6,642.0
Noida,28.5355,77.391,2026-09-27 09:00:00,27.0,72,0.0,4.2,71.2,195.1,20.4,141.0,27.8,553.0
Noida,28.5355,77.391,2026-09-27 10:00:00,28.2,68,0.0,2.9,70.8,196.0,13.0,186.0,26.6,372.0
Noida,28.5355,77.391,2026-09-27 11:00:00,29.6,64,0.0,2.2,84.5,313.9,7.5,222.0,26.0,246.0
Noida,28.5355,77.391,2026-09-27 12:00:00,30.7,59,0.0,4.6,84.3,314.8,5.5,244.0,26.2,237.0
Noida,28.5355,77.391,2026-09-27 13:00:00,31.5,57,0.0,4.6,71.5,205.4,5.4,258.0,27.0,283.0
Noida,28.5355,77.391,2026-09-27 14:00:00,31.8,55,0.0,4.2,79.6,262.6,6.8,262.0,28.1,345.0
Noida,28.5355,77.391,2026-09-27 15:00:00,31.9,53,0.0,3.3,69.8,185.3,10.5,254.0,30.1,422.0
Noida,28.5355,77.391,2026-09-27 16:00:00,31.7,54,0.0,2.8,68.7,167.6,15.7,237.0,32.6,515.0
Noida,28.5355,77.391,2026-09-27 17:00:00,30.6,70,0.0,3.3,73.1,229.1,19.8,211.0,33.4,588.0
Noida,28.5355,77.391,2026-09-27 18:00:00,28.2,71,0.0,10.1,75.0,291.5,21.8,172.0,31.5,625.0
Noida,28.5355,77.391,2026-09-27 19:00:00,26.8,79,0.0,4.2,71.0,339.0,22.7,125.0,28.1,643.0
Noida,28.5355,77.391,2026-09-27 20:00:00,25.8,82,0.0,10.1,61.7,319.4,23.3,87.0,24.7,652.0
Noida,28.5355,77.391,2026-09-27 21:00:00,25.0,86,0.0,7.3,53.3,285.0,23.6,66.0,21.6,664.0
Noida,28.5355,77.391,2026-09-27 22:00:00,24.9,89,0.0,5.8,43.8,226.3,23.5,54.0,18.6,668.0
Noida,28.5355,77.391,2026-09-27 23:00:00,24.6,92,0.0,6.9,37.1,184.9,23.3,46.0,16.3,644.0
Noida,28.5355,77.391,2026-09-28 00:00:00,24.2,94,0.0,5.0,33.2,160.7,22.7,41.0,15.0,566.0
Noida,28.5355,77.391,2026-09-28 01:00:00,23.8,95,0.0,2.4,29.9,134.6,22.0,40.0,14.4,459.0
Noida,28.5355,77.391,2026-09-28 02:00:00,23.5,96,0.0,0.2,25.8,94.3,22.2,38.0,14.4,383.0
Noida,28.5355,77.391,2026-09-28 03:00:00,23.0,98,0.0,1.5,22.5,56.6,24.0,32.0,14.9,368.0
Noida,28.5355,77.391,2026-09-28 04:00:00,22.6,100,0.0,3.1,21.5,39.9,26.6,25.0,16.1,383.0
Noida,28.5355,77.391,2026-09-28 05:00:00,22.6,99,0.0,4.2,21.9,32.4,28.7,23.0,18.2,391.5
Noida,28.5355,77.391,2026-09-28 06:00:00,23.0,96,0.0,4.8,26.1,33.4,30.2,24.0,21.5,416.5
Noida,28.5355,77.391,2026-09-28 07:00:00,23.8,92,0.0,5.0,28.7,36.1,31.2,30.0,25.7,480.0
Noida,28.5355,77.391,2026-09-28 08:00:00,24.9,86,0.0,4.7,31.4,49.1,30.5,48.0,30.0,552.0
Noida,28.5355,77.391,2026-09-28 09:00:00,26.3,80,0.0,3.3,33.4,69.4,27.0,86.0,34.5,541.0
Noida,28.5355,77.391,2026-09-28 10:00:00,28.1,74,0.0,1.7,38.3,98.7,21.9,136.0,39.0,501.0
Noida,28.5355,77.391,2026-09-28 11:00:00,29.6,68,0.0,1.0,45.5,131.8,17.4,181.0,42.1,470.0
Noida,28.5355,77.391,2026-09-28 12:00:00,30.9,62,0.0,1.7,51.1,152.3,13.7,217.0,42.9,460.0
Noida,28.5355,77.391,2026-09-28 13:00:00,31.9,57,0.0,2.3,52.7,151.3,10.5,248.0,42.3,460.0
Noida,28.5355,77.391,2026-09-28 14:00:00,32.1,55,0.0,2.3,53.8,140.2,10.1,263.0,41.4,471.0
Noida,28.5355,77.391,2026-09-28 15:00:00,31.0,57,0.1,1.4,53.9,125.7,14.5,251.0,40.5,503.0
Noida,28.5355,77.391,2026-09-28 16:00:00,29.0,63,0.1,3.0,52.6,117.6,21.5,222.0,39.4,548.0
Noida,28.5355,77.391,2026-09-28 17:00:00,27.3,70,0.1,5.0,52.0,113.2,26.7,201.0,38.6,580.0
Noida,28.5355,77.391,2026-09-28 18:00:00,26.2,77,0.0,6.1,64.32494004796163,163.75721822541968,34.71918465227818,96.20911270983214,27.67671462829736,719.0801318944845
Noida,28.5355,77.391,2026-09-28 19:00:00,25.4,85,0.0,6.9,64.32494004796163,163.75721822541968,34.71918465227818,96.20911270983214,27.67671462829736,719.0801318944845
Noida,28.5355,77.391,2026-09-28 20:00:00,24.7,90,0.0,7.5,64.32494004796163,163.75721822541968,34.71918465227818,96.20911270983214,27.67671462829736,719.0801318944845
Noida,28.5355,77.391,2026-09-28 21:00:00,24.3,92,0.0,7.4,64.32494004796163,163.75721822541968,34.71918465227818,96.20911270983214,27.67671462829736,719.0801318944845
Noida,28.5355,77.391,2026-09-28 22:00:00,24.1,91,0.0,7.5,64.32494004796163,163.75721822541968,34.71918465227818,96.20911270983214,27.67671462829736,719.0801318944845
Noida,28.5355,77.391,2026-09-28 23:00:00,23.9,91,0.0,7.6,64.32494004796163,163.75721822541968,34.71918465227818,96.20911270983214,27.67671462829736,719.0801318944845
Delhi Airport,28.5562,77.1,2026-08-25 00:00:00,28.1,91,0.0,2.8,113.6,142.0,98.8,10.0,64.3,1301.0
Delhi Airport,28.5562,77.1,2026-08-25 01:00:00,27.8,92,0.0,2.8,117.6,146.7,101.8,4.0,62.7,1022.0
Delhi Airport,28.5562,77.1,2026-08-25 02:00:00,27.7,92,0.0,3.4,118.7,146.7,99.7,3.0,59.2,826.0
Delhi Airport,28.5562,77.1,2026-08-25 03:00:00,27.7,93,0.0,2.7,115.3,142.0,88.2,8.0,52.1,744.0
Delhi Airport,28.5562,77.1,2026-08-25 04:00:00,27.5,93,0.0,2.2,96.6,117.8,71.5,19.0,43.0,745.0
Delhi Airport,28.5562,77.1,2026-08-25 05:00:00,26.3,98,0.0,2.5,66.6,82.0,41.8,44.0,35.3,784.0
Delhi Airport,28.5562,77.1,2026-08-25 06:00:00,26.7,96,0.8,0.0,63.6,77.3,43.3,43.0,35.5,876.0
Delhi Airport,28.5562,77.1,2026-08-25 07:00:00,26.5,96,0.4,3.3,59.6,75.4,45.1,45.0,36.1,1007.0
Delhi Airport,28.5562,77.1,2026-08-25 08:00:00,27.1,93,0.2,2.5,61.0,77.5,44.6,60.0,38.5,1089.0
Delhi Airport,28.5562,77.1,2026-08-25 09:00:00,28.3,89,0.0,1.9,58.7,76.8,40.0,100.0,45.1,1081.0
Delhi Airport,28.5562,77.1,2026-08-25 10:00:00,29.3,84,0.0,3.3,55.9,75.0,33.2,155.0,53.6,1024.0
Delhi Airport,28.5562,77.1,2026-08-25 11:00:00,30.2,76,0.0,2.1,58.7,80.6,26.7,204.0,58.5,957.0
Delhi Airport,28.5562,77.1,2026-08-25 12:00:00,31.0,70,0.0,3.1,62.6,84.5,20.6,243.0,56.4,878.0
Delhi Airport,28.5562,77.1,2026-08-25 13:00:00,32.0,65,0.0,2.7,65.9,87.8,14.9,277.0,50.7,789.0
Delhi Airport,28.5562,77.1,2026-08-25 14:00:00,32.3,64,0.0,2.5,68.9,92.7,12.1,296.0,46.1,733.0
Delhi Airport,28.5562,77.1,2026-08-25 15:00:00,32.7,62,0.0,2.6,71.5,96.6,10.1,301.0,43.7,670.0
Delhi Airport,28.5562,77.1,2026-08-25 16:00:00,32.5,62,0.0,1.6,73.6,102.9,11.0,291.0,42.3,639.0
Delhi Airport,28.5562,77.1,2026-08-25 17:00:00,29.7,84,0.0,8.7,65.4,74.7,35.4,216.0,56.0,809.0
Delhi Airport,28.5562,77.1,2026-08-25 18:00:00,29.0,88,0.1,4.2,68.9,75.0,41.6,183.0,54.5,1396.0
Delhi Airport,28.5562,77.1,2026-08-25 19:00:00,28.5,91,0.0,5.4,75.9,79.9,50.2,137.0,52.5,2183.0
Delhi Airport,28.5562,77.1,2026-08-25 20:00:00,28.2,91,0.0,5.0,84.1,86.8,57.8,99.0,51.7,2682.0
Delhi Airport,28.5562,77.1,2026-08-25 21:00:00,27.9,92,0.0,6.1,91.7,93.8,63.6,77.0,53.4,2650.0
Delhi Airport,28.5562,77.1,2026-08-25 22:00:00,27.6,92,0.0,6.2,101.3,103.1,68.4,63.0,56.3,2330.0
Delhi Airport,28.5562,77.1,2026-08-25 23:00:00,27.9,90,0.0,4.5,111.5,113.2,70.8,51.0,57.8,1958.0
Delhi Airport,28.5562,77.1,2026-08-26 00:00:00,27.5,92,0.0,3.4,115.3,116.6,69.1,41.0,56.1,1560.0
Delhi Airport,28.5562,77.1,2026-08-26 01:00:00,27.3,93,0.0,4.6,122.9,124.3,65.1,33.0,53.1,1110.0
Delhi Airport,28.5562,77.1,2026-08-26 02:00:00,27.1,94,0.0,3.3,126.7,128.1,63.0,26.0,51.1,770.0
Delhi Airport,28.5562,77.1,2026-08-26 03:00:00,27.0,94,0.0,2.4,130.4,131.8,66.7,14.0,51.1,610.0
Delhi Airport,28.5562,77.1,2026-08-26 04:00:00,27.0,94,0.0,3.3,136.4,138.3,72.4,3.0,52.3,559.0
Delhi Airport,28.5562,77.1,2026-08-26 05:00:00,27.5,96,0.0,3.6,108.3,108.3,52.3,37.0,57.9,566.0
Delhi Airport,28.5562,77.1,2026-08-26 06:00:00,27.1,97,0.1,4.2,117.6,117.6,50.1,60.0,61.5,656.0
Delhi Airport,28.5562,77.1,2026-08-26 07:00:00,26.5,98,6.6,4.9,104.5,104.8,46.8,93.0,66.3,805.0
Delhi Airport,28.5562,77.1,2026-08-26 08:00:00,26.6,97,1.8,1.9,88.0,90.3,41.7,133.0,69.1,886.0
Delhi Airport,28.5562,77.1,2026-08-26 09:00:00,28.7,89,0.6,4.1,73.6,79.6,33.3,183.0,68.3,825.0
Delhi Airport,28.5562,77.1,2026-08-26 10:00:00,30.1,83,0.3,3.5,70.5,79.6,23.0,239.0,65.5,696.0
Delhi Airport,28.5562,77.1,2026-08-26 11:00:00,30.8,79,0.1,5.1,72.9,83.8,15.1,284.0,61.6,603.0
Delhi Airport,28.5562,77.1,2026-08-26 12:00:00,30.6,80,0.1,5.4,77.8,89.6,10.8,316.0,56.8,590.0
Delhi Airport,28.5562,77.1,2026-08-26 13:00:00,31.2,78,0.0,2.9,81.5,94.5,8.8,338.0,50.9,612.0
Delhi Airport,28.5562,77.1,2026-08-26 14:00:00,32.3,70,0.0,1.8,82.0,95.5,8.9,342.0,45.1,633.0
Delhi Airport,28.5562,77.1,2026-08-26 15:00:00,32.3,68,0.0,3.8,79.2,93.8,9.4,325.0,38.8,604.0
Delhi Airport,28.5562,77.1,2026-08-26 16:00:00,32.0,70,0.0,4.3,76.1,96.6,12.0,290.0,32.6,574.0
Delhi Airport,28.5562,77.1,2026-08-26 17:00:00,28.6,94,0.1,3.8,73.6,99.9,30.9,155.0,24.1,658.0
Delhi Airport,28.5562,77.1,2026-08-26 18:00:00,28.8,92,0.2,3.3,72.9,87.5,43.2,122.0,25.1,972.0
Delhi Airport,28.5562,77.1,2026-08-26 19:00:00,28.4,94,0.0,5.7,82.7,93.1,59.7,78.0,26.4,1400.0
Delhi Airport,28.5562,77.1,2026-08-26 20:00:00,28.2,95,0.0,7.9,84.5,93.1,69.2,45.0,26.6,1704.0
Delhi Airport,28.5562,77.1,2026-08-26 21:00:00,28.0,95,0.0,8.7,85.2,102.2,65.2,36.0,25.0,1780.0
Delhi Airport,28.5562,77.1,2026-08-26 22:00:00,27.8,93,0.0,7.1,80.6,119.0,54.1,40.0,22.4,1733.0
Delhi Airport,28.5562,77.1,2026-08-26 23:00:00,28.8,92,0.0,6.6,71.5,117.1,44.2,44.0,19.9,1635.0
Delhi Airport,28.5562,77.1,2026-08-27 00:00:00,28.3,93,0.0,7.2,66.4,108.5,37.9,45.0,17.7,1493.0
Delhi Airport,28.5562,77.1,2026-08-27 01:00:00,28.0,93,0.0,7.8,61.9,95.5,32.8,46.0,15.7,1300.0
Delhi Airport,28.5562,77.1,2026-08-27 02:00:00,27.7,92,0.0,7.6,58.8,90.1,29.4,46.0,14.2,1117.0
Delhi Airport,28.5562,77.1,2026-08-27 03:00:00,27.4,93,0.0,4.5,55.9,84.5,28.7,41.0,13.5,944.0
Delhi Airport,28.5562,77.1,2026-08-27 04:00:00,27.4,92,0.0,5.8,52.7,74.0,29.7,34.0,13.5,781.0
Delhi Airport,28.5562,77.1,2026-08-27 05:00:00,28.2,91,0.0,5.2,53.0,67.1,27.7,37.0,14.5,682.0
Delhi Airport,28.5562,77.1,2026-08-27 06:00:00,28.0,91,0.0,6.1,61.7,72.2,28.4,42.0,16.5,710.0
Delhi Airport,28.5562,77.1,2026-08-27 07:00:00,29.1,87,0.0,5.3,59.4,75.2,29.1,51.0,19.3,802.0
Delhi Airport,28.5562,77.1,2026-08-27 08:00:00,30.4,81,0.0,6.6,53.9,68.9,28.6,67.0,22.1,830.0
Delhi Airport,28.5562,77.1,2026-08-27 09:00:00,31.5,75,0.0,3.4,50.4,65.9,25.7,96.0,25.0,703.0
Delhi Airport,28.5562,77.1,2026-08-27 10:00:00,32.7,66,0.1,4.1,50.5,68.0,21.5,132.0,27.8,511.0
Delhi Airport,28.5562,77.1,2026-08-27 11:00:00,34.1,52,0.1,5.5,51.1,68.9,17.9,162.0,29.3,393.0
Delhi Airport,28.5562,77.1,2026-08-27 12:00:00,34.4,52,0.0,7.1,50.4,68.2,15.0,181.0,28.6,427.0
Delhi Airport,28.5562,77.1,2026-08-27 13:00:00,33.9,53,0.0,5.7,54.0,71.9,12.6,193.0,26.7,535.0
Delhi Airport,28.5562,77.1,2026-08-27 14:00:00,33.8,55,0.0,2.3,54.0,78.7,12.3,199.0,24.7,616.0
Delhi Airport,28.5562,77.1,2026-08-27 15:00:00,33.7,55,0.0,0.9,55.6,88.9,12.7,201.0,22.5,586.0
Delhi Airport,28.5562,77.1,2026-08-27 16:00:00,34.0,53,0.0,3.9,56.6,103.1,15.2,196.0,20.3,529.0
Delhi Airport,28.5562,77.1,2026-08-27 17:00:00,30.3,82,0.0,4.5,56.9,108.0,24.8,177.0,19.9,605.0
Delhi Airport,28.5562,77.1,2026-08-27 18:00:00,30.1,82,0.0,3.8,64.3,98.7,48.7,131.0,22.9,940.0
Delhi Airport,28.5562,77.1,2026-08-27 19:00:00,29.3,86,0.0,5.6,83.8,113.4,79.7,71.0,27.8,1407.0
Delhi Airport,28.5562,77.1,2026-08-27 20:00:00,28.9,88,0.0,5.8,93.6,119.2,101.8,26.0,31.7,1780.0
Delhi Airport,28.5562,77.1,2026-08-27 21:00:00,28.8,86,0.0,6.4,96.6,127.1,107.7,10.0,33.9,2007.0
Delhi Airport,28.5562,77.1,2026-08-27 22:00:00,28.7,85,0.0,6.6,107.3,139.7,104.6,8.0,35.2,2139.0
Delhi Airport,28.5562,77.1,2026-08-27 23:00:00,29.2,86,0.0,7.4,111.8,144.8,98.5,9.0,34.9,2105.0
Delhi Airport,28.5562,77.1,2026-08-28 00:00:00,28.6,88,0.0,7.7,105.7,143.0,90.5,9.0,32.1,1808.0
Delhi Airport,28.5562,77.1,2026-08-28 01:00:00,28.2,89,0.0,6.1,101.5,140.2,79.4,13.0,27.7,1345.0
Delhi Airport,28.5562,77.1,2026-08-28 02:00:00,28.0,88,0.0,5.5,94.1,131.8,68.1,16.0,23.8,934.0
Delhi Airport,28.5562,77.1,2026-08-28 03:00:00,28.4,81,0.0,8.3,82.2,122.5,56.7,18.0,21.2,632.0
Delhi Airport,28.5562,77.1,2026-08-28 04:00:00,28.6,72,0.0,9.7,71.2,139.7,45.0,20.0,19.0,382.0
Delhi Airport,28.5562,77.1,2026-08-28 05:00:00,26.0,96,0.0,6.2,46.9,102.0,25.4,46.0,16.6,235.0
Delhi Airport,28.5562,77.1,2026-08-28 06:00:00,27.5,86,0.2,11.8,43.4,89.9,24.8,48.0,15.4,257.0
Delhi Airport,28.5562,77.1,2026-08-28 07:00:00,28.5,80,0.0,10.3,43.2,89.2,23.7,51.0,13.7,381.0
Delhi Airport,28.5562,77.1,2026-08-28 08:00:00,29.8,75,0.0,7.3,51.3,141.6,21.4,62.0,12.5,455.0
Delhi Airport,28.5562,77.1,2026-08-28 09:00:00,30.9,68,0.0,11.6,75.7,338.1,16.7,88.0,12.5,405.0
Delhi Airport,28.5562,77.1,2026-08-28 10:00:00,31.9,65,0.0,10.9,198.4,1452.9,10.7,123.0,13.0,306.0
Delhi Airport,28.5562,77.1,2026-08-28 11:00:00,32.6,61,0.0,11.1,222.6,1598.1,6.3,148.0,13.3,231.0
Delhi Airport,28.5562,77.1,2026-08-28 12:00:00,33.4,57,0.1,10.9,217.5,1534.8,4.2,158.0,13.2,204.0
Delhi Airport,28.5562,77.1,2026-08-28 13:00:00,34.0,54,0.0,10.8,206.3,1438.0,3.7,159.0,12.9,200.0
Delhi Airport,28.5562,77.1,2026-08-28 14:00:00,34.2,52,0.0,11.4,205.4,1452.9,5.4,155.0,12.7,223.0
Delhi Airport,28.5562,77.1,2026-08-28 15:00:00,34.1,52,0.0,11.4,206.3,1464.0,9.4,146.0,12.5,247.0
Delhi Airport,28.5562,77.1,2026-08-28 16:00:00,33.8,54,0.0,10.4,220.3,1508.7,15.7,131.0,12.4,296.0
Delhi Airport,28.5562,77.1,2026-08-28 17:00:00,33.4,58,0.0,9.4,170.4,1043.1,23.1,108.0,13.2,450.0
Delhi Airport,28.5562,77.1,2026-08-28 18:00:00,31.9,68,0.0,4.2,144.8,698.5,46.6,78.0,19.1,839.0
Delhi Airport,28.5562,77.1,2026-08-28 19:00:00,31.4,70,0.0,3.1,149.0,637.0,78.7,37.0,27.1,1332.0
Delhi Airport,28.5562,77.1,2026-08-28 20:00:00,30.4,73,0.0,3.4,158.8,592.3,99.8,7.0,32.4,1612.0
Delhi Airport,28.5562,77.1,2026-08-28 21:00:00,29.7,78,0.0,3.7,157.9,499.2,100.4,0.0,32.7,1496.0
Delhi Airport,28.5562,77.1,2026-08-28 22:00:00,29.4,79,0.0,3.6,143.9,386.5,90.1,0.0,30.3,1166.0
Delhi Airport,28.5562,77.1,2026-08-28 23:00:00,29.4,78,0.0,3.9,122.5,285.9,78.3,2.0,27.1,858.0
Delhi Airport,28.5562,77.1,2026-08-29 00:00:00,28.8,79,0.0,3.9,101.5,238.0,67.0,6.0,23.0,636.0
Delhi Airport,28.5562,77.1,2026-08-29 01:00:00,28.5,78,0.0,6.1,93.1,284.1,54.2,13.0,18.1,435.0
Delhi Airport,28.5562,77.1,2026-08-29 02:00:00,28.3,78,0.0,7.7,105.5,486.2,42.8,20.0,14.1,292.0
Delhi Airport,28.5562,77.1,2026-08-29 03:00:00,28.1,78,0.0,8.4,143.9,871.7,33.6,26.0,11.9,233.0
Delhi Airport,28.5562,77.1,2026-08-29 04:00:00,27.9,77,0.0,10.0,183.0,1214.4,25.8,32.0,10.7,233.0
Delhi Airport,28.5562,77.1,2026-08-29 05:00:00,28.3,77,0.0,12.8,293.4,2048.9,13.8,51.0,8.0,247.0
Delhi Airport,28.5562,77.1,2026-08-29 06:00:00,27.9,77,0.0,11.9,299.0,2063.8,14.7,53.0,8.6,275.0
Delhi Airport,28.5562,77.1,2026-08-29 07:00:00,28.5,75,0.0,12.4,299.0,2071.3,15.9,58.0,9.5,318.0
Delhi Airport,28.5562,77.1,2026-08-29 08:00:00,29.4,72,0.0,12.4,244.9,1676.4,15.7,68.0,10.3,337.0
Delhi Airport,28.5562,77.1,2026-08-29 09:00:00,30.5,68,0.0,12.4,244.9,1799.3,12.8,91.0,10.8,308.0
Delhi Airport,28.5562,77.1,2026-08-29 10:00:00,31.7,64,0.0,12.4,246.8,1829.1,8.6,120.0,11.2,255.0
Delhi Airport,28.5562,77.1,2026-08-29 11:00:00,33.1,58,0.0,11.0,224.0,1628.0,5.5,141.0,11.5,215.0
Delhi Airport,28.5562,77.1,2026-08-29 12:00:00,33.9,56,0.0,10.3,192.3,1363.5,3.7,150.0,11.7,197.0
Delhi Airport,28.5562,77.1,2026-08-29 13:00:00,34.4,53,0.0,10.4,170.4,1180.9,3.0,152.0,11.8,192.0
Delhi Airport,28.5562,77.1,2026-08-29 14:00:00,34.6,51,0.0,10.4,154.6,1043.1,4.9,147.0,11.9,209.0
Delhi Airport,28.5562,77.1,2026-08-29 15:00:00,34.5,52,0.0,10.0,143.4,946.2,10.3,135.0,11.8,246.0
Delhi Airport,28.5562,77.1,2026-08-29 16:00:00,34.2,52,0.0,10.0,139.2,892.2,18.2,117.0,11.7,305.0
Delhi Airport,28.5562,77.1,2026-08-29 17:00:00,33.6,57,0.0,6.9,113.2,655.7,21.6,98.0,9.4,402.0
Delhi Airport,28.5562,77.1,2026-08-29 18:00:00,32.7,66,0.0,2.6,103.4,444.2,42.2,71.0,13.7,595.0
Delhi Airport,28.5562,77.1,2026-08-29 19:00:00,31.8,71,0.0,0.9,109.4,402.3,70.0,33.0,19.5,827.0
Delhi Airport,28.5562,77.1,2026-08-29 20:00:00,30.6,77,0.0,4.8,109.7,330.6,87.0,7.0,23.2,943.0
Delhi Airport,28.5562,77.1,2026-08-29 21:00:00,30.3,75,0.0,6.2,99.2,245.9,83.4,2.0,23.2,842.0
Delhi Airport,28.5562,77.1,2026-08-29 22:00:00,29.8,75,0.0,5.2,88.5,196.5,69.0,9.0,21.1,626.0
Delhi Airport,28.5562,77.1,2026-08-29 23:00:00,29.9,75,0.0,5.7,85.9,266.4,55.0,17.0,18.5,444.0
Delhi Airport,28.5562,77.1,2026-08-30 00:00:00,29.2,78,0.0,5.1,113.2,599.8,44.5,24.0,15.5,354.0
Delhi Airport,28.5562,77.1,2026-08-30 01:00:00,29.0,77,0.0,6.1,146.7,920.1,34.3,33.0,12.1,298.0
Delhi Airport,28.5562,77.1,2026-08-30 02:00:00,28.7,75,0.0,7.5,172.8,1132.5,26.4,39.0,9.5,260.0
Delhi Airport,28.5562,77.1,2026-08-30 03:00:00,28.3,74,0.0,8.1,182.5,1180.9,21.8,40.0,8.4,236.0
Delhi Airport,28.5562,77.1,2026-08-30 04:00:00,27.9,74,0.0,7.9,177.4,1099.0,19.5,39.0,8.3,229.0
Delhi Airport,28.5562,77.1,2026-08-30 05:00:00,28.3,72,0.0,10.6,247.7,1713.6,11.8,55.0,7.5,230.0
Delhi Airport,28.5562,77.1,2026-08-30 06:00:00,28.0,73,0.0,9.5,238.4,1598.1,12.1,58.0,8.3,242.0
Delhi Airport,28.5562,77.1,2026-08-30 07:00:00,28.8,72,0.0,9.8,248.7,1668.9,12.3,62.0,9.5,262.0
Delhi Airport,28.5562,77.1,2026-08-30 08:00:00,29.6,69,0.0,10.7,207.2,1397.0,11.8,72.0,10.5,269.0
Delhi Airport,28.5562,77.1,2026-08-30 09:00:00,30.6,67,0.0,10.1,211.9,1519.9,9.6,92.0,11.1,248.0
Delhi Airport,28.5562,77.1,2026-08-30 10:00:00,32.0,63,0.0,9.7,211.4,1519.9,6.6,116.0,11.5,214.0
Delhi Airport,28.5562,77.1,2026-08-30 11:00:00,32.8,59,0.0,10.3,196.5,1385.8,4.4,135.0,11.7,188.0
Delhi Airport,28.5562,77.1,2026-08-30 12:00:00,33.0,58,0.0,9.0,158.3,1065.4,3.3,143.0,11.6,177.0
Delhi Airport,28.5562,77.1,2026-08-30 13:00:00,33.2,57,0.0,7.0,120.1,733.9,2.9,145.0,11.4,173.0
Delhi Airport,28.5562,77.1,2026-08-30 14:00:00,33.4,55,0.0,5.8,90.6,462.9,3.9,142.0,11.1,179.0
Delhi Airport,28.5562,77.1,2026-08-30 15:00:00,34.0,52,0.0,6.8,73.8,330.6,5.8,133.0,10.5,183.0
Delhi Airport,28.5562,77.1,2026-08-30 16:00:00,33.6,53,0.1,6.1,62.4,239.3,9.0,118.0,9.8,196.0
Delhi Airport,28.5562,77.1,2026-08-30 17:00:00,33.3,56,0.0,6.4,62.4,216.1,16.2,96.0,10.2,251.0
Delhi Airport,28.5562,77.1,2026-08-30 18:00:00,31.9,66,0.0,4.9,68.9,170.4,31.8,72.0,13.9,402.0
Delhi Airport,28.5562,77.1,2026-08-30 19:00:00,31.1,70,0.0,6.1,77.5,166.7,53.0,40.0,19.0,596.0
Delhi Airport,28.5562,77.1,2026-08-30 20:00:00,30.7,71,0.0,7.2,78.9,146.2,66.1,17.0,22.2,702.0
Delhi Airport,28.5562,77.1,2026-08-30 21:00:00,30.2,72,0.0,7.4,70.1,114.3,64.1,13.0,21.8,641.0
Delhi Airport,28.5562,77.1,2026-08-30 22:00:00,29.8,73,0.0,6.7,59.8,88.0,54.0,18.0,19.5,492.0
Delhi Airport,28.5562,77.1,2026-08-30 23:00:00,29.7,75,0.0,7.6,51.2,72.9,44.0,24.0,17.1,365.0
Delhi Airport,28.5562,77.1,2026-08-31 00:00:00,29.3,74,0.0,8.0,43.9,73.3,36.0,30.0,14.8,299.0
Delhi Airport,28.5562,77.1,2026-08-31 01:00:00,29.0,72,0.0,8.5,40.6,89.2,28.1,36.0,12.4,254.0
Delhi Airport,28.5562,77.1,2026-08-31 02:00:00,28.6,70,0.0,8.7,41.4,124.3,21.9,41.0,10.5,222.0
Delhi Airport,28.5562,77.1,2026-08-31 03:00:00,28.1,70,0.0,9.1,56.1,240.3,18.3,42.0,9.5,198.0
Delhi Airport,28.5562,77.1,2026-08-31 04:00:00,27.7,71,0.0,9.0,71.5,329.7,16.4,41.0,9.1,187.0
Delhi Airport,28.5562,77.1,2026-08-31 05:00:00,28.0,71,0.0,12.5,172.3,1177.2,11.3,49.0,7.6,191.0
Delhi Airport,28.5562,77.1,2026-08-31 06:00:00,27.6,71,0.0,11.5,136.9,746.9,12.9,48.0,8.8,223.0
Delhi Airport,28.5562,77.1,2026-08-31 07:00:00,28.1,70,0.0,11.2,113.4,542.0,15.1,49.0,10.4,270.0
Delhi Airport,28.5562,77.1,2026-08-31 08:00:00,29.1,66,0.0,11.9,103.6,504.8,15.7,57.0,11.8,295.0
Delhi Airport,28.5562,77.1,2026-08-31 09:00:00,30.1,64,0.0,11.9,145.3,957.4,13.3,81.0,12.7,277.0
Delhi Airport,28.5562,77.1,2026-08-31 10:00:00,31.7,59,0.0,11.1,170.4,1154.8,9.5,113.0,13.4,237.0
Delhi Airport,28.5562,77.1,2026-08-31 11:00:00,32.8,54,0.0,12.3,172.3,1136.2,6.5,138.0,13.8,206.0
Delhi Airport,28.5562,77.1,2026-08-31 12:00:00,33.2,53,0.0,10.0,152.7,938.8,4.9,151.0,13.9,196.0
Delhi Airport,28.5562,77.1,2026-08-31 13:00:00,33.9,50,0.1,8.7,125.7,707.8,4.3,157.0,13.7,195.0
Delhi Airport,28.5562,77.1,2026-08-31 14:00:00,34.0,50,0.2,8.3,100.6,502.9,5.4,155.0,13.3,201.0
Delhi Airport,28.5562,77.1,2026-08-31 15:00:00,34.0,49,0.1,8.8,87.5,411.6,7.7,145.0,12.3,191.0
Delhi Airport,28.5562,77.1,2026-08-31 16:00:00,33.6,50,0.1,10.3,75.9,304.5,11.8,127.0,11.1,188.0
Delhi Airport,28.5562,77.1,2026-08-31 17:00:00,33.0,55,0.0,8.0,64.3,253.3,16.4,98.0,9.1,264.0
Delhi Airport,28.5562,77.1,2026-08-31 18:00:00,31.9,62,0.0,5.2,72.6,237.0,38.8,70.0,13.5,469.0
Delhi Airport,28.5562,77.1,2026-08-31 19:00:00,31.5,68,0.0,2.3,83.8,225.8,69.5,31.0,19.5,753.0
Delhi Airport,28.5562,77.1,2026-08-31 20:00:00,31.2,70,0.0,1.3,96.2,228.6,90.6,3.0,24.7,1037.0
Delhi Airport,28.5562,77.1,2026-08-31 21:00:00,30.6,73,0.0,1.4,106.9,225.4,93.7,0.0,28.4,1373.0
Delhi Airport,28.5562,77.1,2026-08-31 22:00:00,30.2,76,0.0,2.2,110.4,209.1,87.2,0.0,31.1,1709.0
Delhi Airport,28.5562,77.1,2026-08-31 23:00:00,30.0,75,0.0,6.3,105.5,189.1,79.1,0.0,31.9,1811.0
Delhi Airport,28.5562,77.1,2026-09-01 00:00:00,29.2,79,0.0,5.1,91.5,156.9,70.9,3.0,29.6,1479.0
Delhi Airport,28.5562,77.1,2026-09-01 01:00:00,28.7,77,0.0,5.4,74.7,126.2,61.0,8.0,25.4,911.0
Delhi Airport,28.5562,77.1,2026-09-01 02:00:00,28.2,76,0.0,5.1,61.7,105.2,52.7,12.0,22.1,472.0
Delhi Airport,28.5562,77.1,2026-09-01 03:00:00,28.0,74,0.0,6.7,52.0,91.0,47.5,14.0,21.0,314.0
Delhi Airport,28.5562,77.1,2026-09-01 04:00:00,27.7,74,0.0,6.6,46.1,95.2,43.8,15.0,20.8,284.0
Delhi Airport,28.5562,77.1,2026-09-01 05:00:00,28.1,72,0.0,9.5,75.2,358.6,14.8,45.0,8.6,282.0
Delhi Airport,28.5562,77.1,2026-09-01 06:00:00,27.7,73,0.0,9.7,78.0,352.0,15.9,45.0,9.7,292.0
Delhi Airport,28.5562,77.1,2026-09-01 07:00:00,28.5,72,0.0,8.5,81.0,353.9,17.2,47.0,11.4,330.0
Delhi Airport,28.5562,77.1,2026-09-01 08:00:00,29.5,68,0.0,10.3,130.4,873.6,17.1,57.0,12.7,347.0
Delhi Airport,28.5562,77.1,2026-09-01 09:00:00,30.7,64,0.0,9.9,148.1,1039.4,14.2,83.0,13.6,314.0
Delhi Airport,28.5562,77.1,2026-09-01 10:00:00,32.0,60,0.0,8.7,149.0,1028.2,9.9,117.0,14.2,260.0
Delhi Airport,28.5562,77.1,2026-09-01 11:00:00,32.6,55,0.0,8.2,120.6,780.4,6.6,144.0,14.5,222.0
Delhi Airport,28.5562,77.1,2026-09-01 12:00:00,33.2,52,0.0,6.2,79.6,405.1,5.1,159.0,14.4,210.0
Delhi Airport,28.5562,77.1,2026-09-01 13:00:00,34.1,49,0.1,4.5,68.0,311.1,4.6,166.0,14.0,214.0
Delhi Airport,28.5562,77.1,2026-09-01 14:00:00,34.5,48,0.1,4.4,63.6,272.9,5.6,167.0,13.7,243.0
Delhi Airport,28.5562,77.1,2026-09-01 15:00:00,32.6,57,0.9,6.5,62.6,261.7,8.6,158.0,13.3,299.0
Delhi Airport,28.5562,77.1,2026-09-01 16:00:00,31.6,60,0.9,3.5,57.6,217.5,13.1,143.0,13.0,380.0
Delhi Airport,28.5562,77.1,2026-09-01 17:00:00,31.4,64,0.1,6.0,65.0,184.9,20.2,175.0,23.4,493.0
Delhi Airport,28.5562,77.1,2026-09-01 18:00:00,31.5,61,0.0,4.7,71.0,173.7,29.4,147.0,24.7,668.0
Delhi Airport,28.5562,77.1,2026-09-01 19:00:00,30.7,68,0.0,2.4,76.4,154.6,41.9,109.0,26.6,873.0
Delhi Airport,28.5562,77.1,2026-09-01 20:00:00,30.3,71,0.0,4.0,74.7,136.9,49.9,79.0,27.9,1023.0
Delhi Airport,28.5562,77.1,2026-09-01 21:00:00,29.9,73,0.0,3.4,68.9,117.8,49.1,68.0,28.5,1083.0
Delhi Airport,28.5562,77.1,2026-09-01 22:00:00,29.5,76,0.0,3.2,64.3,101.5,43.8,65.0,28.7,1087.0
Delhi Airport,28.5562,77.1,2026-09-01 23:00:00,27.2,82,0.0,4.7,60.5,89.9,39.1,62.0,28.1,1047.0
Delhi Airport,28.5562,77.1,2026-09-02 00:00:00,27.4,81,0.0,5.8,57.7,81.7,36.2,56.0,26.3,944.0
Delhi Airport,28.5562,77.1,2026-09-02 01:00:00,27.1,84,0.0,7.2,56.5,75.9,34.0,49.0,23.8,798.0
Delhi Airport,28.5562,77.1,2026-09-02 02:00:00,26.5,89,0.0,5.2,56.0,71.9,33.3,42.0,22.1,682.0
Delhi Airport,28.5562,77.1,2026-09-02 03:00:00,26.3,91,0.0,3.4,56.3,70.3,36.0,30.0,21.4,617.0
Delhi Airport,28.5562,77.1,2026-09-02 04:00:00,26.2,92,0.0,1.8,57.6,70.5,40.4,18.0,21.6,582.0
Delhi Airport,28.5562,77.1,2026-09-02 05:00:00,25.3,92,0.1,2.8,55.9,85.4,37.3,43.0,29.2,592.0
Delhi Airport,28.5562,77.1,2026-09-02 06:00:00,25.4,92,0.3,4.3,56.6,81.7,38.3,52.0,35.4,694.0
Delhi Airport,28.5562,77.1,2026-09-02 07:00:00,26.2,83,0.1,3.5,52.2,93.4,39.4,66.0,43.8,841.0
Delhi Airport,28.5562,77.1,2026-09-02 08:00:00,28.3,75,0.0,3.7,54.8,113.6,37.6,88.0,48.8,908.0
Delhi Airport,28.5562,77.1,2026-09-02 09:00:00,30.2,68,0.0,2.2,57.6,133.2,30.4,125.0,47.4,819.0
Delhi Airport,28.5562,77.1,2026-09-02 10:00:00,31.8,61,0.0,1.9,59.4,141.1,20.3,169.0,42.5,651.0
Delhi Airport,28.5562,77.1,2026-09-02 11:00:00,33.9,55,0.1,8.7,58.7,139.7,12.6,203.0,37.9,509.0
Delhi Airport,28.5562,77.1,2026-09-02 12:00:00,27.4,83,5.2,14.0,57.5,138.3,8.9,219.0,34.6,424.0
Delhi Airport,28.5562,77.1,2026-09-02 13:00:00,26.7,93,3.2,7.2,54.8,133.2,7.5,224.0,31.6,365.0
Delhi Airport,28.5562,77.1,2026-09-02 14:00:00,28.5,83,0.7,4.6,61.9,150.9,8.7,219.0,29.0,341.0
Delhi Airport,28.5562,77.1,2026-09-02 15:00:00,29.7,75,0.2,6.9,51.3,112.2,12.9,200.0,26.4,360.0
Delhi Airport,28.5562,77.1,2026-09-02 16:00:00,29.7,75,0.0,5.1,44.5,87.1,19.6,169.0,24.3,415.0
Delhi Airport,28.5562,77.1,2026-09-02 17:00:00,31.1,63,0.0,9.2,44.7,97.1,26.6,127.0,24.2,490.0
Delhi Airport,28.5562,77.1,2026-09-02 18:00:00,29.5,70,0.0,9.6,45.9,92.9,39.3,103.0,28.5,601.0
Delhi Airport,28.5562,77.1,2026-09-02 19:00:00,28.8,73,0.0,6.0,54.9,90.6,56.6,69.0,34.3,733.0
Delhi Airport,28.5562,77.1,2026-09-02 20:00:00,28.3,75,0.0,6.1,56.9,84.8,68.1,43.0,38.0,829.0
Delhi Airport,28.5562,77.1,2026-09-02 21:00:00,27.8,78,0.0,5.7,56.9,78.0,68.8,32.0,38.0,867.0
Delhi Airport,28.5562,77.1,2026-09-02 22:00:00,27.3,83,0.0,4.8,55.1,69.6,63.6,29.0,35.9,869.0
Delhi Airport,28.5562,77.1,2026-09-02 23:00:00,27.5,88,0.0,5.8,48.2,56.8,57.2,29.0,33.4,845.0
Delhi Airport,28.5562,77.1,2026-09-03 00:00:00,27.2,90,0.0,4.8,43.5,48.3,49.9,32.0,30.6,783.0
Delhi Airport,28.5562,77.1,2026-09-03 01:00:00,26.8,90,0.0,7.4,38.2,40.2,41.3,38.0,27.4,696.0
Delhi Airport,28.5562,77.1,2026-09-03 02:00:00,26.3,91,0.0,5.4,33.2,34.0,34.5,43.0,24.7,633.0
Delhi Airport,28.5562,77.1,2026-09-03 03:00:00,26.0,91,0.0,5.1,29.5,29.8,30.9,44.0,23.0,617.0
Delhi Airport,28.5562,77.1,2026-09-03 04:00:00,25.8,93,0.0,3.3,27.9,27.9,29.2,44.0,22.0,625.0
Delhi Airport,28.5562,77.1,2026-09-03 05:00:00,26.1,96,0.0,3.1,10.3,10.3,18.9,66.0,17.2,637.0
Delhi Airport,28.5562,77.1,2026-09-03 06:00:00,26.2,97,0.2,4.2,10.0,10.0,20.2,66.0,18.5,657.0
Delhi Airport,28.5562,77.1,2026-09-03 07:00:00,26.7,94,0.0,4.9,10.0,10.0,21.9,68.0,20.3,682.0
Delhi Airport,28.5562,77.1,2026-09-03 08:00:00,28.0,86,0.2,5.9,10.9,10.9,22.1,74.0,21.7,678.0
Delhi Airport,28.5562,77.1,2026-09-03 09:00:00,29.5,80,0.1,6.7,12.8,12.9,19.6,89.0,22.5,621.0
Delhi Airport,28.5562,77.1,2026-09-03 10:00:00,30.8,73,0.1,6.4,15.7,20.4,15.7,110.0,23.0,536.0
Delhi Airport,28.5562,77.1,2026-09-03 11:00:00,31.4,67,0.1,6.3,17.2,24.6,12.6,125.0,22.8,462.0
Delhi Airport,28.5562,77.1,2026-09-03 12:00:00,31.1,68,1.3,7.6,17.5,21.5,10.9,131.0,21.3,404.0
Delhi Airport,28.5562,77.1,2026-09-03 13:00:00,31.9,64,0.3,7.2,18.9,21.5,9.9,132.0,19.3,357.0
Delhi Airport,28.5562,77.1,2026-09-03 14:00:00,32.1,62,0.3,8.0,19.0,20.7,10.2,132.0,18.3,345.0
Delhi Airport,28.5562,77.1,2026-09-03 15:00:00,31.9,61,0.4,5.8,20.4,23.9,10.3,138.0,19.0,386.0
Delhi Airport,28.5562,77.1,2026-09-03 16:00:00,32.0,60,0.0,4.9,21.9,24.2,11.6,143.0,20.8,463.0
Delhi Airport,28.5562,77.1,2026-09-03 17:00:00,29.3,81,0.1,6.3,26.8,27.2,33.9,85.0,26.9,546.0
Delhi Airport,28.5562,77.1,2026-09-03 18:00:00,28.4,84,0.0,7.6,30.7,31.1,47.9,66.0,29.9,627.0
Delhi Airport,28.5562,77.1,2026-09-03 19:00:00,27.7,89,0.0,4.1,40.5,40.9,67.4,39.0,34.0,713.0
Delhi Airport,28.5562,77.1,2026-09-03 20:00:00,27.4,90,0.0,6.6,52.2,52.6,82.7,18.0,37.3,803.0
Delhi Airport,28.5562,77.1,2026-09-03 21:00:00,27.2,89,0.0,5.8,67.5,68.0,90.8,8.0,39.1,909.0
Delhi Airport,28.5562,77.1,2026-09-03 22:00:00,27.2,89,0.0,4.4,71.7,72.2,94.8,3.0,40.1,1018.0
Delhi Airport,28.5562,77.1,2026-09-03 23:00:00,28.0,88,0.0,4.1,70.3,71.0,94.7,2.0,39.9,1085.0
Delhi Airport,28.5562,77.1,2026-09-04 00:00:00,26.9,94,1.1,1.8,68.0,68.5,89.2,4.0,37.8,1080.0
Delhi Airport,28.5562,77.1,2026-09-04 01:00:00,26.7,96,0.1,0.5,65.2,65.7,79.7,8.0,34.6,1034.0
Delhi Airport,28.5562,77.1,2026-09-04 02:00:00,26.8,97,0.0,2.8,61.7,62.2,70.1,13.0,31.8,991.0
Delhi Airport,28.5562,77.1,2026-09-04 03:00:00,26.9,94,0.0,4.0,57.5,58.0,61.4,15.0,30.0,975.0
Delhi Airport,28.5562,77.1,2026-09-04 04:00:00,26.9,94,0.0,4.6,52.9,53.2,52.8,17.0,28.6,963.0
Delhi Airport,28.5562,77.1,2026-09-04 05:00:00,27.5,97,0.0,4.7,53.1,53.4,54.3,20.0,29.9,926.0
Delhi Airport,28.5562,77.1,2026-09-04 06:00:00,26.9,96,0.3,8.5,49.4,49.7,55.8,17.0,30.9,844.0
Delhi Airport,28.5562,77.1,2026-09-04 07:00:00,26.4,96,0.5,9.9,51.3,51.6,57.5,13.0,32.2,737.0
Delhi Airport,28.5562,77.1,2026-09-04 08:00:00,27.2,89,0.2,8.1,55.1,55.3,55.9,20.0,33.0,641.0
Delhi Airport,28.5562,77.1,2026-09-04 09:00:00,29.1,78,0.1,8.7,45.4,45.8,47.8,47.0,32.8,565.0
Delhi Airport,28.5562,77.1,2026-09-04 10:00:00,30.2,75,0.0,7.7,40.4,40.6,36.3,84.0,32.1,499.0
Delhi Airport,28.5562,77.1,2026-09-04 11:00:00,30.7,73,0.1,6.9,34.7,34.9,27.8,112.0,31.9,454.0
Delhi Airport,28.5562,77.1,2026-09-04 12:00:00,29.1,81,4.1,5.2,33.8,34.2,24.5,124.0,32.2,428.0
Delhi Airport,28.5562,77.1,2026-09-04 13:00:00,29.8,77,0.4,3.3,34.2,34.7,24.2,126.0,32.9,421.0
Delhi Airport,28.5562,77.1,2026-09-04 14:00:00,30.5,72,0.2,6.9,35.0,35.5,26.1,125.0,34.6,450.0
Delhi Airport,28.5562,77.1,2026-09-04 15:00:00,30.2,73,0.1,5.2,35.4,35.9,29.4,122.0,37.8,530.0
Delhi Airport,28.5562,77.1,2026-09-04 16:00:00,30.1,73,0.0,6.8,36.7,37.1,34.8,115.0,42.0,645.0
Delhi Airport,28.5562,77.1,2026-09-04 17:00:00,29.1,77,0.0,4.5,79.2,269.2,35.1,98.0,30.9,759.0
Delhi Airport,28.5562,77.1,2026-09-04 18:00:00,28.4,81,0.0,3.7,74.3,176.0,44.4,79.0,31.5,882.0
Delhi Airport,28.5562,77.1,2026-09-04 19:00:00,28.0,83,0.0,6.2,65.2,101.5,57.0,54.0,32.2,1004.0
Delhi Airport,28.5562,77.1,2026-09-04 20:00:00,27.6,84,0.0,6.8,61.0,76.4,63.9,36.0,31.8,1059.0
Delhi Airport,28.5562,77.1,2026-09-04 21:00:00,27.2,89,0.3,5.8,56.2,62.4,60.4,33.0,29.6,998.0
Delhi Airport,28.5562,77.1,2026-09-04 22:00:00,26.3,93,0.8,6.9,48.1,49.9,51.4,37.0,26.4,871.0
Delhi Airport,28.5562,77.1,2026-09-04 23:00:00,27.0,90,4.1,8.3,41.4,42.0,42.3,43.0,23.2,756.0
Delhi Airport,28.5562,77.1,2026-09-05 00:00:00,26.5,94,0.6,8.4,31.8,31.9,34.4,50.0,20.3,683.0
Delhi Airport,28.5562,77.1,2026-09-05 01:00:00,26.4,96,0.7,7.0,24.9,25.0,26.5,60.0,17.6,624.0
Delhi Airport,28.5562,77.1,2026-09-05 02:00:00,26.3,95,0.7,9.0,19.4,19.6,20.6,66.0,15.5,567.0
Delhi Airport,28.5562,77.1,2026-09-05 03:00:00,25.9,96,1.7,8.4,14.2,14.3,17.6,67.0,14.4,495.0
Delhi Airport,28.5562,77.1,2026-09-05 04:00:00,25.7,96,2.2,7.5,11.6,11.7,16.7,66.0,14.0,427.0
Delhi Airport,28.5562,77.1,2026-09-05 05:00:00,25.8,96,1.9,10.1,13.4,13.5,19.2,61.0,15.7,408.0
Delhi Airport,28.5562,77.1,2026-09-05 06:00:00,25.4,97,3.3,7.4,15.8,15.9,23.4,58.0,16.5,485.0
Delhi Airport,28.5562,77.1,2026-09-05 07:00:00,25.5,96,0.4,5.6,19.5,19.6,29.0,54.0,17.6,612.0
Delhi Airport,28.5562,77.1,2026-09-05 08:00:00,25.9,93,0.2,6.2,20.5,20.7,32.3,54.0,19.0,697.0
Delhi Airport,28.5562,77.1,2026-09-05 09:00:00,26.4,91,0.7,2.9,18.7,18.9,31.2,61.0,20.7,691.0
Delhi Airport,28.5562,77.1,2026-09-05 10:00:00,27.3,89,0.5,4.7,16.9,17.1,27.8,72.0,22.7,644.0
Delhi Airport,28.5562,77.1,2026-09-05 11:00:00,27.6,86,0.4,6.2,17.3,17.5,24.8,86.0,24.6,609.0
Delhi Airport,28.5562,77.1,2026-09-05 12:00:00,28.1,84,0.3,8.9,19.4,19.6,22.5,106.0,26.4,609.0
Delhi Airport,28.5562,77.1,2026-09-05 13:00:00,25.8,94,6.9,6.6,22.3,22.6,20.7,128.0,28.2,622.0
Delhi Airport,28.5562,77.1,2026-09-05 14:00:00,26.0,95,1.8,6.5,24.7,25.0,21.3,141.0,30.1,636.0
Delhi Airport,28.5562,77.1,2026-09-05 15:00:00,26.6,94,0.6,7.5,28.2,28.6,24.6,141.0,31.9,598.0
Delhi Airport,28.5562,77.1,2026-09-05 16:00:00,26.9,92,0.1,5.2,33.6,34.0,30.5,132.0,33.8,561.0
Delhi Airport,28.5562,77.1,2026-09-05 17:00:00,27.5,87,0.0,6.8,40.2,41.9,35.9,102.0,32.7,677.0
Delhi Airport,28.5562,77.1,2026-09-05 18:00:00,27.2,88,0.0,5.7,47.7,48.9,47.4,79.0,33.3,1121.0
Delhi Airport,28.5562,77.1,2026-09-05 19:00:00,26.9,89,0.0,5.1,53.8,54.7,62.9,46.0,34.1,1719.0
Delhi Airport,28.5562,77.1,2026-09-05 20:00:00,26.9,89,0.0,5.1,56.8,57.6,72.6,23.0,34.1,2098.0
Delhi Airport,28.5562,77.1,2026-09-05 21:00:00,26.9,89,0.0,4.9,55.5,56.2,71.2,17.0,32.7,2054.0
Delhi Airport,28.5562,77.1,2026-09-05 22:00:00,26.7,90,0.0,3.6,55.8,56.3,63.9,20.0,30.5,1792.0
Delhi Airport,28.5562,77.1,2026-09-05 23:00:00,26.8,90,0.0,3.7,56.1,56.6,57.0,23.0,28.5,1553.0
Delhi Airport,28.5562,77.1,2026-09-06 00:00:00,26.4,90,0.0,5.4,54.7,55.2,52.4,23.0,26.8,1428.0
Delhi Airport,28.5562,77.1,2026-09-06 01:00:00,26.0,92,0.1,5.4,52.7,53.2,48.2,23.0,25.2,1326.0
Delhi Airport,28.5562,77.1,2026-09-06 02:00:00,25.6,94,0.2,5.7,53.2,53.6,44.4,24.0,24.0,1213.0
Delhi Airport,28.5562,77.1,2026-09-06 03:00:00,25.4,95,0.0,6.6,52.7,53.1,41.5,24.0,23.5,1068.0
Delhi Airport,28.5562,77.1,2026-09-06 04:00:00,25.4,95,0.0,6.5,51.2,51.6,39.1,25.0,23.5,912.0
Delhi Airport,28.5562,77.1,2026-09-06 05:00:00,24.8,97,0.0,6.4,44.6,44.9,35.4,34.0,25.5,773.0
Delhi Airport,28.5562,77.1,2026-09-06 06:00:00,24.1,100,4.1,3.1,46.6,46.8,33.6,42.0,27.5,657.0
Delhi Airport,28.5562,77.1,2026-09-06 07:00:00,24.1,99,3.8,5.2,41.7,41.9,31.0,54.0,30.3,559.0
Delhi Airport,28.5562,77.1,2026-09-06 08:00:00,24.7,94,1.8,6.9,33.4,33.6,27.7,73.0,32.9,492.0
Delhi Airport,28.5562,77.1,2026-09-06 09:00:00,25.2,93,1.3,7.0,27.8,28.1,23.0,105.0,35.4,476.0
Delhi Airport,28.5562,77.1,2026-09-06 10:00:00,26.0,90,1.1,6.7,27.6,27.8,17.6,145.0,37.7,492.0
Delhi Airport,28.5562,77.1,2026-09-06 11:00:00,26.4,92,0.5,12.6,29.7,29.9,13.5,176.0,39.0,493.0
Delhi Airport,28.5562,77.1,2026-09-06 12:00:00,26.4,91,6.2,10.9,30.7,30.9,11.2,193.0,38.6,448.0
Delhi Airport,28.5562,77.1,2026-09-06 13:00:00,25.6,93,2.3,11.8,32.0,32.1,10.1,202.0,37.1,388.0
Delhi Airport,28.5562,77.1,2026-09-06 14:00:00,25.7,91,0.8,11.5,34.7,34.8,10.5,204.0,36.4,368.0
Delhi Airport,28.5562,77.1,2026-09-06 15:00:00,26.3,85,0.1,8.0,33.4,33.9,11.1,202.0,36.7,381.0
Delhi Airport,28.5562,77.1,2026-09-06 16:00:00,26.2,84,0.0,4.3,33.5,33.9,13.3,193.0,37.6,432.0
Delhi Airport,28.5562,77.1,2026-09-06 17:00:00,27.9,81,0.0,6.3,21.3,21.4,19.8,102.0,23.7,598.0
Delhi Airport,28.5562,77.1,2026-09-06 18:00:00,27.1,86,0.0,2.9,26.3,26.8,35.2,79.0,27.9,985.0
Delhi Airport,28.5562,77.1,2026-09-06 19:00:00,26.4,90,0.0,1.7,37.6,37.8,56.7,48.0,33.8,1485.0
Delhi Airport,28.5562,77.1,2026-09-06 20:00:00,26.1,91,0.0,0.7,55.6,55.8,74.0,23.0,39.0,1850.0
Delhi Airport,28.5562,77.1,2026-09-06 21:00:00,25.7,93,0.0,1.6,67.5,67.5,83.0,11.0,42.8,1974.0
Delhi Airport,28.5562,77.1,2026-09-06 22:00:00,25.3,95,0.0,1.9,72.9,72.9,87.8,5.0,46.0,1963.0
Delhi Airport,28.5562,77.1,2026-09-06 23:00:00,25.6,95,0.0,1.3,81.7,81.7,90.9,2.0,48.2,1878.0
Delhi Airport,28.5562,77.1,2026-09-07 00:00:00,24.9,97,0.0,0.4,87.1,87.3,92.4,0.0,49.0,1691.0
Delhi Airport,28.5562,77.1,2026-09-07 01:00:00,24.7,98,0.0,0.5,88.9,89.6,92.2,1.0,48.8,1431.0
Delhi Airport,28.5562,77.1,2026-09-07 02:00:00,24.3,100,0.0,2.2,89.4,90.3,91.7,2.0,49.0,1248.0
Delhi Airport,28.5562,77.1,2026-09-07 03:00:00,24.1,100,0.0,2.1,87.8,88.9,92.8,0.0,50.3,1231.0
Delhi Airport,28.5562,77.1,2026-09-07 04:00:00,23.9,100,0.0,5.5,86.1,87.1,93.6,0.0,51.9,1291.0
Delhi Airport,28.5562,77.1,2026-09-07 05:00:00,24.8,100,0.0,4.6,72.9,72.9,77.6,5.0,62.5,1314.0
Delhi Airport,28.5562,77.1,2026-09-07 06:00:00,24.6,99,0.0,4.3,76.8,77.1,70.0,18.0,61.7,1262.0
Delhi Airport,28.5562,77.1,2026-09-07 07:00:00,25.7,95,0.0,4.7,68.0,68.5,59.2,38.0,60.5,1174.0
Delhi Airport,28.5562,77.1,2026-09-07 08:00:00,27.6,88,0.0,4.0,52.7,54.8,48.1,68.0,58.8,1049.0
Delhi Airport,28.5562,77.1,2026-09-07 09:00:00,29.4,77,0.0,4.0,41.6,50.4,36.8,115.0,56.5,859.0
Delhi Airport,28.5562,77.1,2026-09-07 10:00:00,30.6,71,0.0,5.0,45.9,59.4,25.2,172.0,53.6,633.0
Delhi Airport,28.5562,77.1,2026-09-07 11:00:00,31.7,62,0.0,4.5,56.5,124.8,16.3,218.0,50.1,460.0
Delhi Airport,28.5562,77.1,2026-09-07 12:00:00,32.1,60,0.0,4.8,66.4,127.1,10.7,248.0,45.4,372.0
Delhi Airport,28.5562,77.1,2026-09-07 13:00:00,32.5,58,0.0,5.1,69.2,113.4,7.8,267.0,40.0,338.0
Delhi Airport,28.5562,77.1,2026-09-07 14:00:00,30.5,65,0.7,12.0,66.8,101.5,8.0,271.0,35.5,352.0
Delhi Airport,28.5562,77.1,2026-09-07 15:00:00,31.3,60,0.4,4.8,63.6,92.4,10.1,255.0,31.5,404.0
Delhi Airport,28.5562,77.1,2026-09-07 16:00:00,31.1,63,0.0,5.0,59.0,84.1,15.3,223.0,28.4,504.0
Delhi Airport,28.5562,77.1,2026-09-07 17:00:00,31.9,62,0.0,4.1,72.9,92.9,31.2,197.0,33.4,680.0
Delhi Airport,28.5562,77.1,2026-09-07 18:00:00,30.6,70,0.0,2.6,87.8,104.3,55.5,153.0,38.3,1012.0
Delhi Airport,28.5562,77.1,2026-09-07 19:00:00,29.8,72,0.0,0.8,105.0,119.2,88.4,93.0,45.1,1420.0
Delhi Airport,28.5562,77.1,2026-09-07 20:00:00,28.9,75,0.0,4.6,115.7,126.7,109.2,49.0,49.7,1690.0
Delhi Airport,28.5562,77.1,2026-09-07 21:00:00,28.2,75,0.0,8.7,118.5,126.7,106.8,38.0,50.4,1705.0
Delhi Airport,28.5562,77.1,2026-09-07 22:00:00,27.2,79,0.0,6.0,119.0,126.7,92.2,44.0,49.0,1582.0
Delhi Airport,28.5562,77.1,2026-09-07 23:00:00,26.8,83,0.0,4.0,104.1,114.6,77.9,49.0,46.6,1454.0
Delhi Airport,28.5562,77.1,2026-09-08 00:00:00,26.2,85,0.0,3.8,97.6,108.7,67.5,48.0,43.2,1379.0
Delhi Airport,28.5562,77.1,2026-09-08 01:00:00,26.0,84,0.0,5.3,98.5,109.9,57.3,46.0,38.7,1300.0
Delhi Airport,28.5562,77.1,2026-09-08 02:00:00,25.7,86,0.0,4.9,96.4,107.8,48.6,46.0,34.6,1180.0
Delhi Airport,28.5562,77.1,2026-09-08 03:00:00,25.3,88,0.0,4.8,88.2,100.8,41.8,48.0,31.3,963.0
Delhi Airport,28.5562,77.1,2026-09-08 04:00:00,25.1,89,0.0,5.4,78.0,92.7,36.3,51.0,28.3,704.0
Delhi Airport,28.5562,77.1,2026-09-08 05:00:00,26.0,80,0.0,4.9,135.5,147.1,85.7,12.0,47.6,535.0
Delhi Airport,28.5562,77.1,2026-09-08 06:00:00,25.5,84,0.1,6.3,112.5,125.3,72.1,34.0,43.2,552.0
Delhi Airport,28.5562,77.1,2026-09-08 07:00:00,26.3,84,0.0,7.7,95.5,108.0,52.9,66.0,37.0,658.0
Delhi Airport,28.5562,77.1,2026-09-08 08:00:00,27.9,76,0.0,7.4,66.6,87.1,36.0,97.0,31.1,695.0
Delhi Airport,28.5562,77.1,2026-09-08 09:00:00,28.5,71,0.0,10.5,47.7,75.9,23.7,129.0,25.8,572.0
Delhi Airport,28.5562,77.1,2026-09-08 10:00:00,29.2,68,0.0,11.2,73.1,358.6,13.7,161.0,20.9,380.0
Delhi Airport,28.5562,77.1,2026-09-08 11:00:00,31.9,63,0.0,10.5,57.4,215.1,6.8,182.0,17.0,237.0
Delhi Airport,28.5562,77.1,2026-09-08 12:00:00,31.1,65,0.6,12.8,48.8,152.3,3.5,187.0,14.7,187.0
Delhi Airport,28.5562,77.1,2026-09-08 13:00:00,32.0,64,0.0,10.4,44.6,123.9,3.4,182.0,13.6,186.0
Delhi Airport,28.5562,77.1,2026-09-08 14:00:00,32.5,60,0.0,11.7,41.2,105.2,5.3,172.0,13.0,219.0
Delhi Airport,28.5562,77.1,2026-09-08 15:00:00,32.4,57,0.3,11.1,45.6,146.7,8.6,158.0,12.5,286.0
Delhi Airport,28.5562,77.1,2026-09-08 16:00:00,32.2,61,0.6,9.4,49.0,153.2,14.0,140.0,12.5,387.0
Delhi Airport,28.5562,77.1,2026-09-08 17:00:00,32.2,65,0.0,5.2,57.7,192.8,24.2,114.0,14.5,501.0
Delhi Airport,28.5562,77.1,2026-09-08 18:00:00,30.9,72,0.0,3.5,64.7,183.9,40.5,89.0,18.5,637.0
Delhi Airport,28.5562,77.1,2026-09-08 19:00:00,30.1,74,0.0,3.8,72.2,181.1,63.0,53.0,24.1,786.0
Delhi Airport,28.5562,77.1,2026-09-08 20:00:00,29.5,75,0.0,4.9,79.9,185.3,79.9,25.0,28.5,904.0
Delhi Airport,28.5562,77.1,2026-09-08 21:00:00,28.7,78,0.0,3.9,89.2,197.0,86.3,11.0,30.9,993.0
Delhi Airport,28.5562,77.1,2026-09-08 22:00:00,28.0,82,0.0,5.5,96.9,201.6,87.2,5.0,32.0,1051.0
Delhi Airport,28.5562,77.1,2026-09-08 23:00:00,28.4,76,0.0,9.3,96.9,190.9,84.8,1.0,31.4,1024.0
Delhi Airport,28.5562,77.1,2026-09-09 00:00:00,27.8,74,0.0,5.2,89.9,172.3,79.3,0.0,28.2,845.0
Delhi Airport,28.5562,77.1,2026-09-09 01:00:00,27.4,76,0.0,6.7,81.3,155.1,70.6,2.0,23.2,582.0
Delhi Airport,28.5562,77.1,2026-09-09 02:00:00,26.7,80,0.0,5.9,76.1,187.7,61.3,5.0,18.9,377.0
Delhi Airport,28.5562,77.1,2026-09-09 03:00:00,26.5,78,0.0,5.5,78.0,278.5,51.2,9.0,15.9,292.0
Delhi Airport,28.5562,77.1,2026-09-09 04:00:00,26.5,74,0.0,6.2,84.3,391.2,40.5,14.0,13.5,266.0
Delhi Airport,28.5562,77.1,2026-09-09 05:00:00,27.6,72,0.0,12.2,110.8,713.4,15.6,45.0,8.8,264.0
Delhi Airport,28.5562,77.1,2026-09-09 06:00:00,27.4,73,0.0,12.4,110.1,668.7,17.6,46.0,9.7,292.0
Delhi Airport,28.5562,77.1,2026-09-09 07:00:00,28.0,73,0.0,11.9,116.2,702.2,20.2,49.0,10.9,345.0
Delhi Airport,28.5562,77.1,2026-09-09 08:00:00,28.9,71,0.0,11.8,114.3,644.5,20.6,59.0,11.8,370.0
Delhi Airport,28.5562,77.1,2026-09-09 09:00:00,30.0,67,0.0,12.2,111.8,689.2,16.9,85.0,12.3,335.0
Delhi Airport,28.5562,77.1,2026-09-09 10:00:00,31.2,63,0.0,12.1,118.5,741.3,11.0,119.0,12.5,271.0
Delhi Airport,28.5562,77.1,2026-09-09 11:00:00,32.9,53,0.0,14.3,121.1,746.9,6.6,144.0,12.5,223.0
Delhi Airport,28.5562,77.1,2026-09-09 12:00:00,33.3,51,0.0,12.9,116.9,705.9,4.5,153.0,12.3,195.0
Delhi Airport,28.5562,77.1,2026-09-09 13:00:00,33.6,50,0.0,12.6,109.0,648.2,3.7,154.0,11.8,183.0
Delhi Airport,28.5562,77.1,2026-09-09 14:00:00,33.6,49,0.0,12.2,103.8,614.7,5.4,148.0,11.5,211.0
Delhi Airport,28.5562,77.1,2026-09-09 15:00:00,33.5,50,0.0,12.2,102.4,605.4,9.5,137.0,11.0,285.0
Delhi Airport,28.5562,77.1,2026-09-09 16:00:00,33.0,53,0.0,10.2,108.5,618.4,15.9,121.0,10.7,400.0
Delhi Airport,28.5562,77.1,2026-09-09 17:00:00,32.8,57,0.0,7.7,83.6,402.3,24.8,98.0,11.4,566.0
Delhi Airport,28.5562,77.1,2026-09-09 18:00:00,31.4,64,0.0,4.4,79.6,294.3,43.6,71.0,15.2,852.0
Delhi Airport,28.5562,77.1,2026-09-09 19:00:00,30.7,68,0.0,4.2,85.0,256.1,69.3,34.0,20.6,1190.0
Delhi Airport,28.5562,77.1,2026-09-09 20:00:00,29.6,72,0.0,3.6,93.8,246.8,87.1,7.0,25.5,1380.0
Delhi Airport,28.5562,77.1,2026-09-09 21:00:00,28.9,75,0.0,5.1,103.8,246.8,89.7,0.0,30.0,1307.0
Delhi Airport,28.5562,77.1,2026-09-09 22:00:00,28.4,78,0.0,3.9,110.1,234.2,84.4,0.0,34.0,1086.0
Delhi Airport,28.5562,77.1,2026-09-09 23:00:00,28.6,79,0.0,3.6,109.9,216.1,78.4,0.0,35.8,867.0
Delhi Airport,28.5562,77.1,2026-09-10 00:00:00,28.0,80,0.0,4.6,107.3,198.4,74.2,0.0,33.8,683.0
Delhi Airport,28.5562,77.1,2026-09-10 01:00:00,27.5,81,0.0,4.4,99.7,170.0,69.3,0.0,29.6,501.0
Delhi Airport,28.5562,77.1,2026-09-10 02:00:00,27.1,82,0.0,5.0,83.1,136.9,63.6,0.0,25.6,366.0
Delhi Airport,28.5562,77.1,2026-09-10 03:00:00,26.8,83,0.0,4.3,74.0,183.5,56.2,3.0,22.4,297.0
Delhi Airport,28.5562,77.1,2026-09-10 04:00:00,26.6,82,0.0,5.6,74.0,263.6,47.9,9.0,19.4,275.0
Delhi Airport,28.5562,77.1,2026-09-10 05:00:00,26.9,81,0.0,7.1,79.2,328.8,40.3,20.0,15.4,288.0
Delhi Airport,28.5562,77.1,2026-09-10 06:00:00,26.5,81,0.0,7.8,81.7,375.3,36.9,28.0,15.1,363.0
Delhi Airport,28.5562,77.1,2026-09-10 07:00:00,27.9,74,0.0,9.5,84.8,407.0,32.0,40.0,14.8,473.0
Delhi Airport,28.5562,77.1,2026-09-10 08:00:00,29.6,69,0.0,9.6,79.9,377.2,26.5,59.0,14.7,524.0
Delhi Airport,28.5562,77.1,2026-09-10 09:00:00,30.6,65,0.0,11.0,80.1,421.9,19.8,91.0,15.1,455.0
Delhi Airport,28.5562,77.1,2026-09-10 10:00:00,31.8,61,0.0,10.4,89.2,493.6,12.6,130.0,15.8,327.0
Delhi Airport,28.5562,77.1,2026-09-10 11:00:00,33.6,51,0.0,12.5,91.5,504.8,7.3,159.0,16.4,230.0
Delhi Airport,28.5562,77.1,2026-09-10 12:00:00,34.1,49,0.0,12.0,67.1,271.9,4.6,172.0,16.6,196.0
Delhi Airport,28.5562,77.1,2026-09-10 13:00:00,34.4,47,0.0,12.1,78.2,386.5,4.0,175.0,16.7,193.0
Delhi Airport,28.5562,77.1,2026-09-10 14:00:00,34.4,46,0.0,12.9,77.3,381.8,6.1,171.0,16.8,216.0
Delhi Airport,28.5562,77.1,2026-09-10 15:00:00,34.0,48,0.0,12.4,76.8,376.3,10.9,159.0,16.4,248.0
Delhi Airport,28.5562,77.1,2026-09-10 16:00:00,33.4,52,0.0,10.9,78.5,361.4,18.4,139.0,16.1,306.0
Delhi Airport,28.5562,77.1,2026-09-10 17:00:00,33.0,52,0.0,10.7,80.3,413.5,23.5,110.0,14.4,439.0
Delhi Airport,28.5562,77.1,2026-09-10 18:00:00,31.4,58,0.0,6.1,84.3,383.7,34.2,91.0,18.7,721.0
Delhi Airport,28.5562,77.1,2026-09-10 19:00:00,30.5,64,0.0,5.2,85.4,317.6,49.2,64.0,24.7,1079.0
Delhi Airport,28.5562,77.1,2026-09-10 20:00:00,30.0,66,0.0,5.0,91.5,334.3,61.3,42.0,29.8,1337.0
Delhi Airport,28.5562,77.1,2026-09-10 21:00:00,29.6,68,0.0,4.3,91.7,287.8,68.7,29.0,33.6,1399.0
Delhi Airport,28.5562,77.1,2026-09-10 22:00:00,29.3,70,0.0,2.4,98.0,278.5,73.3,21.0,36.5,1363.0
Delhi Airport,28.5562,77.1,2026-09-10 23:00:00,29.8,71,0.0,1.9,95.5,245.9,74.1,17.0,37.4,1343.0
Delhi Airport,28.5562,77.1,2026-09-11 00:00:00,29.2,72,0.0,1.4,87.8,202.6,68.7,18.0,34.9,1407.0
Delhi Airport,28.5562,77.1,2026-09-11 01:00:00,28.9,73,0.0,2.0,82.4,176.5,59.5,23.0,30.4,1488.0
Delhi Airport,28.5562,77.1,2026-09-11 02:00:00,27.9,75,0.0,5.0,78.5,157.9,53.0,27.0,27.1,1504.0
Delhi Airport,28.5562,77.1,2026-09-11 03:00:00,27.2,82,0.0,3.4,77.3,147.1,53.0,23.0,26.5,1382.0
Delhi Airport,28.5562,77.1,2026-09-11 04:00:00,26.8,85,0.0,2.8,77.5,139.2,55.7,18.0,27.2,1195.0
Delhi Airport,28.5562,77.1,2026-09-11 05:00:00,28.3,79,0.0,0.6,85.2,150.4,67.9,10.0,35.8,1081.0
Delhi Airport,28.5562,77.1,2026-09-11 06:00:00,27.8,82,0.0,1.9,88.7,147.6,61.3,31.0,36.9,1146.0
Delhi Airport,28.5562,77.1,2026-09-11 07:00:00,29.1,79,0.0,4.0,88.7,128.1,51.8,63.0,38.2,1284.0
Delhi Airport,28.5562,77.1,2026-09-11 08:00:00,30.5,76,0.0,4.3,78.7,126.2,41.6,98.0,38.7,1316.0
Delhi Airport,28.5562,77.1,2026-09-11 09:00:00,31.8,71,0.0,6.8,68.7,135.5,30.0,144.0,37.9,1123.0
Delhi Airport,28.5562,77.1,2026-09-11 10:00:00,28.8,82,2.0,14.0,60.3,108.5,17.8,194.0,36.1,822.0
Delhi Airport,28.5562,77.1,2026-09-11 11:00:00,31.9,61,1.7,9.9,56.2,86.6,9.5,223.0,33.3,590.0
Delhi Airport,28.5562,77.1,2026-09-11 12:00:00,31.0,69,1.6,5.1,52.3,71.5,7.5,213.0,28.3,487.0
Delhi Airport,28.5562,77.1,2026-09-11 13:00:00,31.1,69,0.2,10.2,42.0,49.2,9.4,182.0,22.1,453.0
Delhi Airport,28.5562,77.1,2026-09-11 14:00:00,29.8,77,1.5,9.4,33.6,35.6,12.4,154.0,18.4,475.0
Delhi Airport,28.5562,77.1,2026-09-11 15:00:00,30.4,74,0.3,7.9,28.0,28.6,16.0,140.0,19.1,575.0
Delhi Airport,28.5562,77.1,2026-09-11 16:00:00,30.4,70,0.1,9.2,24.4,24.7,20.8,130.0,22.2,732.0
Delhi Airport,28.5562,77.1,2026-09-11 17:00:00,28.6,82,0.0,11.0,18.8,18.8,17.8,120.0,15.8,872.0
Delhi Airport,28.5562,77.1,2026-09-11 18:00:00,27.2,90,0.5,8.3,22.2,22.2,21.8,107.0,17.1,981.0
Delhi Airport,28.5562,77.1,2026-09-11 19:00:00,26.9,92,0.1,6.7,22.6,22.6,27.3,89.0,18.9,1073.0
Delhi Airport,28.5562,77.1,2026-09-11 20:00:00,26.9,92,0.0,7.3,21.6,21.6,31.2,74.0,20.2,1112.0
Delhi Airport,28.5562,77.1,2026-09-11 21:00:00,27.0,91,0.0,7.3,20.4,20.4,32.2,65.0,20.6,1069.0
Delhi Airport,28.5562,77.1,2026-09-11 22:00:00,26.8,92,0.0,7.9,20.5,20.5,31.7,60.0,20.6,972.0
Delhi Airport,28.5562,77.1,2026-09-11 23:00:00,27.5,92,0.0,8.8,21.1,21.1,30.6,55.0,20.2,872.0
Delhi Airport,28.5562,77.1,2026-09-12 00:00:00,27.2,91,0.0,8.7,20.5,20.5,28.7,51.0,19.2,777.0
Delhi Airport,28.5562,77.1,2026-09-12 01:00:00,27.0,91,0.0,7.2,19.7,19.8,26.2,49.0,17.9,678.0
Delhi Airport,28.5562,77.1,2026-09-12 02:00:00,27.0,90,0.0,7.6,19.2,19.3,24.4,46.0,17.0,597.0
Delhi Airport,28.5562,77.1,2026-09-12 03:00:00,27.0,90,0.0,5.2,18.9,19.0,23.9,42.0,16.9,530.0
Delhi Airport,28.5562,77.1,2026-09-12 04:00:00,26.0,94,0.4,9.4,18.1,18.3,24.2,37.0,17.2,482.0
Delhi Airport,28.5562,77.1,2026-09-12 05:00:00,27.3,89,2.4,7.2,16.1,16.3,22.3,44.0,18.6,490.0
Delhi Airport,28.5562,77.1,2026-09-12 06:00:00,26.7,93,0.6,7.6,16.1,16.6,26.1,43.0,19.7,615.0
Delhi Airport,28.5562,77.1,2026-09-12 07:00:00,27.4,91,0.1,8.2,17.6,18.2,31.2,43.0,21.2,796.0
Delhi Airport,28.5562,77.1,2026-09-12 08:00:00,28.6,86,0.0,5.7,20.1,20.7,33.3,49.0,22.1,894.0
Delhi Airport,28.5562,77.1,2026-09-12 09:00:00,29.2,82,0.0,6.0,20.3,20.7,29.8,65.0,22.1,826.0
Delhi Airport,28.5562,77.1,2026-09-12 10:00:00,30.6,75,0.0,5.0,19.0,19.1,23.4,86.0,21.5,673.0
Delhi Airport,28.5562,77.1,2026-09-12 11:00:00,29.3,75,2.8,3.1,18.0,18.2,17.7,108.0,20.6,545.0
Delhi Airport,28.5562,77.1,2026-09-12 12:00:00,30.3,72,0.5,5.0,19.2,19.3,13.0,132.0,19.2,468.0
Delhi Airport,28.5562,77.1,2026-09-12 13:00:00,31.1,66,0.7,12.2,20.1,23.6,9.0,156.0,17.5,415.0
Delhi Airport,28.5562,77.1,2026-09-12 14:00:00,31.2,69,0.1,9.6,19.7,20.9,8.1,168.0,16.5,410.0
Delhi Airport,28.5562,77.1,2026-09-12 15:00:00,31.3,68,0.0,8.9,19.9,23.1,12.1,161.0,16.5,481.0
Delhi Airport,28.5562,77.1,2026-09-12 16:00:00,31.1,69,0.0,9.0,20.4,22.5,19.3,143.0,17.1,600.0
Delhi Airport,28.5562,77.1,2026-09-12 17:00:00,30.3,74,0.1,6.8,19.7,20.1,19.8,118.0,14.1,708.0
Delhi Airport,28.5562,77.1,2026-09-12 18:00:00,29.4,79,0.0,5.3,26.9,27.1,35.2,92.0,17.4,797.0
Delhi Airport,28.5562,77.1,2026-09-12 19:00:00,28.9,82,0.0,5.1,36.3,36.6,56.3,55.0,21.9,876.0
Delhi Airport,28.5562,77.1,2026-09-12 20:00:00,28.7,84,0.0,5.5,42.6,43.0,70.2,29.0,25.1,912.0
Delhi Airport,28.5562,77.1,2026-09-12 21:00:00,28.6,86,0.0,6.5,44.2,44.7,70.8,23.0,25.8,885.0
Delhi Airport,28.5562,77.1,2026-09-12 22:00:00,28.4,86,0.0,6.6,42.5,42.8,64.3,27.0,25.1,815.0
Delhi Airport,28.5562,77.1,2026-09-12 23:00:00,29.1,84,0.0,7.1,39.1,39.3,56.3,32.0,23.8,736.0
Delhi Airport,28.5562,77.1,2026-09-13 00:00:00,28.6,85,0.0,6.2,35.2,35.4,47.3,36.0,21.9,648.0
Delhi Airport,28.5562,77.1,2026-09-13 01:00:00,28.3,85,0.0,6.5,31.5,31.8,36.8,42.0,19.5,551.0
Delhi Airport,28.5562,77.1,2026-09-13 02:00:00,28.0,87,0.0,6.9,28.2,28.4,28.5,46.0,17.5,471.0
Delhi Airport,28.5562,77.1,2026-09-13 03:00:00,27.8,88,0.0,7.6,25.1,25.3,24.1,45.0,16.1,416.0
Delhi Airport,28.5562,77.1,2026-09-13 04:00:00,27.6,89,0.0,7.8,22.8,22.8,21.9,42.0,15.1,379.0
Delhi Airport,28.5562,77.1,2026-09-13 05:00:00,27.9,85,0.0,8.8,20.0,20.1,23.2,43.0,18.1,362.0
Delhi Airport,28.5562,77.1,2026-09-13 06:00:00,27.5,88,0.0,10.4,20.3,20.4,21.0,54.0,18.3,381.0
Delhi Airport,28.5562,77.1,2026-09-13 07:00:00,28.1,87,0.0,8.5,21.8,21.8,17.8,70.0,18.5,421.0
Delhi Airport,28.5562,77.1,2026-09-13 08:00:00,29.0,81,0.0,10.7,20.7,20.9,14.5,89.0,18.4,438.0
Delhi Airport,28.5562,77.1,2026-09-13 09:00:00,29.9,74,0.0,10.7,22.1,24.3,11.0,114.0,17.7,405.0
Delhi Airport,28.5562,77.1,2026-09-13 10:00:00,31.0,68,0.0,10.3,23.6,26.7,7.4,142.0,16.7,348.0
Delhi Airport,28.5562,77.1,2026-09-13 11:00:00,32.0,61,0.0,10.3,24.9,35.6,4.8,163.0,15.8,304.0
Delhi Airport,28.5562,77.1,2026-09-13 12:00:00,32.5,59,0.1,10.1,24.7,29.5,3.6,171.0,15.1,284.0
Delhi Airport,28.5562,77.1,2026-09-13 13:00:00,32.7,58,0.1,10.3,24.4,27.8,3.4,172.0,14.5,277.0
Delhi Airport,28.5562,77.1,2026-09-13 14:00:00,32.7,57,0.1,10.3,24.1,26.4,4.6,168.0,14.4,286.0
Delhi Airport,28.5562,77.1,2026-09-13 15:00:00,32.6,58,0.1,9.4,23.6,25.2,7.7,159.0,15.0,317.0
Delhi Airport,28.5562,77.1,2026-09-13 16:00:00,32.2,59,0.0,9.7,23.6,24.8,12.1,146.0,16.1,363.0
Delhi Airport,28.5562,77.1,2026-09-13 17:00:00,31.8,63,0.0,8.5,22.6,24.0,13.2,124.0,14.3,406.0
Delhi Airport,28.5562,77.1,2026-09-13 18:00:00,30.2,71,0.1,8.1,28.0,29.7,17.9,109.0,16.6,447.0
Delhi Airport,28.5562,77.1,2026-09-13 19:00:00,29.3,74,0.0,9.0,30.6,31.5,24.3,89.0,19.6,486.0
Delhi Airport,28.5562,77.1,2026-09-13 20:00:00,28.6,80,0.0,8.2,29.3,30.7,27.8,75.0,21.3,503.0
Delhi Airport,28.5562,77.1,2026-09-13 21:00:00,28.2,82,0.0,9.2,26.4,28.2,25.8,73.0,20.3,484.0
Delhi Airport,28.5562,77.1,2026-09-13 22:00:00,27.9,83,0.0,9.3,23.6,25.2,21.0,78.0,18.0,443.0
Delhi Airport,28.5562,77.1,2026-09-13 23:00:00,28.6,82,0.0,10.5,21.8,25.6,17.2,80.0,16.2,402.0
Delhi Airport,28.5562,77.1,2026-09-14 00:00:00,28.0,84,0.0,9.9,20.5,26.3,15.8,77.0,15.7,365.0
Delhi Airport,28.5562,77.1,2026-09-14 01:00:00,27.5,87,0.0,9.5,19.7,26.0,15.4,72.0,15.6,328.0
Delhi Airport,28.5562,77.1,2026-09-14 02:00:00,27.1,89,0.0,9.9,23.7,73.3,15.3,66.0,15.8,300.0
Delhi Airport,28.5562,77.1,2026-09-14 03:00:00,26.9,90,0.0,10.0,26.5,96.4,15.5,59.0,16.1,277.0
Delhi Airport,28.5562,77.1,2026-09-14 04:00:00,26.3,93,0.0,9.2,28.1,106.2,16.1,52.0,16.7,264.0
Delhi Airport,28.5562,77.1,2026-09-14 05:00:00,26.6,92,0.6,9.4,18.8,24.7,16.5,53.0,19.4,277.0
Delhi Airport,28.5562,77.1,2026-09-14 06:00:00,26.6,93,0.0,9.4,20.4,26.0,17.1,57.0,20.1,346.0
Delhi Airport,28.5562,77.1,2026-09-14 07:00:00,27.4,89,0.0,9.6,23.0,44.9,17.7,64.0,21.1,442.0
Delhi Airport,28.5562,77.1,2026-09-14 08:00:00,28.4,84,0.1,11.0,23.2,44.7,17.1,78.0,21.5,499.0
Delhi Airport,28.5562,77.1,2026-09-14 09:00:00,29.5,76,0.1,9.8,21.9,29.9,13.9,104.0,21.0,478.0
Delhi Airport,28.5562,77.1,2026-09-14 10:00:00,30.7,70,0.1,10.6,21.0,24.9,9.4,137.0,19.9,419.0
Delhi Airport,28.5562,77.1,2026-09-14 11:00:00,30.1,67,0.0,13.2,21.9,24.0,6.1,162.0,18.8,372.0
Delhi Airport,28.5562,77.1,2026-09-14 12:00:00,31.5,63,0.1,9.8,23.1,24.4,4.5,175.0,17.6,350.0
Delhi Airport,28.5562,77.1,2026-09-14 13:00:00,31.7,63,0.2,9.4,25.4,26.6,4.0,181.0,16.4,340.0
Delhi Airport,28.5562,77.1,2026-09-14 14:00:00,31.8,63,0.5,9.4,25.8,29.2,5.2,181.0,16.0,359.0
Delhi Airport,28.5562,77.1,2026-09-14 15:00:00,31.3,63,0.5,9.4,28.3,31.8,8.4,175.0,17.0,425.0
Delhi Airport,28.5562,77.1,2026-09-14 16:00:00,30.9,66,0.5,8.3,28.9,30.7,13.3,162.0,18.7,519.0
Delhi Airport,28.5562,77.1,2026-09-14 17:00:00,31.4,62,0.0,8.5,41.7,43.2,17.4,140.0,18.5,606.0
Delhi Airport,28.5562,77.1,2026-09-14 18:00:00,30.7,66,0.0,5.3,46.8,48.1,27.1,116.0,20.8,685.0
Delhi Airport,28.5562,77.1,2026-09-14 19:00:00,30.0,69,0.0,4.9,54.0,55.1,40.3,84.0,23.8,756.0
Delhi Airport,28.5562,77.1,2026-09-14 20:00:00,29.7,72,0.0,6.5,57.5,58.4,48.3,61.0,25.9,782.0
Delhi Airport,28.5562,77.1,2026-09-14 21:00:00,29.2,75,0.0,7.8,55.9,56.8,46.4,56.0,26.1,736.0
Delhi Airport,28.5562,77.1,2026-09-14 22:00:00,27.9,80,0.1,9.0,53.8,54.7,39.4,61.0,25.2,645.0
Delhi Airport,28.5562,77.1,2026-09-14 23:00:00,28.1,81,1.3,9.0,49.8,50.6,33.0,65.0,24.0,557.0
Delhi Airport,28.5562,77.1,2026-09-15 00:00:00,27.5,82,0.0,9.0,46.4,47.3,28.8,65.0,22.5,481.0
Delhi Airport,28.5562,77.1,2026-09-15 01:00:00,27.0,84,0.0,8.4,44.4,45.1,25.2,64.0,20.7,407.0
Delhi Airport,28.5562,77.1,2026-09-15 02:00:00,26.5,87,0.0,8.2,42.7,43.4,22.6,63.0,19.3,357.0
Delhi Airport,28.5562,77.1,2026-09-15 03:00:00,26.3,88,0.0,7.6,41.2,41.9,21.5,60.0,18.8,336.0
Delhi Airport,28.5562,77.1,2026-09-15 04:00:00,26.1,90,0.0,7.2,40.7,41.3,21.4,56.0,18.7,337.0
Delhi Airport,28.5562,77.1,2026-09-15 05:00:00,26.5,86,0.0,5.7,36.9,37.5,19.9,62.0,19.3,368.0
Delhi Airport,28.5562,77.1,2026-09-15 06:00:00,26.4,86,0.0,5.4,41.4,42.0,21.3,66.0,20.7,458.0
Delhi Airport,28.5562,77.1,2026-09-15 07:00:00,27.5,82,0.0,3.9,42.4,43.0,23.1,74.0,22.7,577.0
Delhi Airport,28.5562,77.1,2026-09-15 08:00:00,29.1,74,0.0,5.6,38.9,39.7,22.8,87.0,23.7,636.0
Delhi Airport,28.5562,77.1,2026-09-15 09:00:00,30.5,67,0.1,6.9,33.9,34.8,18.5,112.0,23.0,575.0
Delhi Airport,28.5562,77.1,2026-09-15 10:00:00,31.8,61,0.2,8.4,29.3,30.3,12.2,144.0,21.4,454.0
Delhi Airport,28.5562,77.1,2026-09-15 11:00:00,32.3,56,0.1,8.6,28.3,29.3,7.4,169.0,19.8,360.0
Delhi Airport,28.5562,77.1,2026-09-15 12:00:00,31.0,62,1.0,11.4,28.6,29.6,5.0,183.0,18.3,326.0
Delhi Airport,28.5562,77.1,2026-09-15 13:00:00,31.4,58,0.5,4.7,29.6,30.7,4.1,190.0,16.8,320.0
Delhi Airport,28.5562,77.1,2026-09-15 14:00:00,32.3,56,0.0,4.2,30.3,31.3,5.4,190.0,16.0,335.0
Delhi Airport,28.5562,77.1,2026-09-15 15:00:00,32.4,57,0.0,3.8,29.3,30.4,9.7,179.0,16.0,338.0
Delhi Airport,28.5562,77.1,2026-09-15 16:00:00,32.2,58,0.0,2.7,29.9,31.0,16.3,161.0,16.6,362.0
Delhi Airport,28.5562,77.1,2026-09-15 17:00:00,31.4,59,0.2,1.0,41.1,43.2,16.6,148.0,17.1,493.0
Delhi Airport,28.5562,77.1,2026-09-15 18:00:00,31.3,59,0.0,2.3,55.4,57.3,23.9,129.0,18.8,870.0
Delhi Airport,28.5562,77.1,2026-09-15 19:00:00,30.8,61,0.0,3.1,59.6,61.2,33.9,102.0,21.1,1354.0
Delhi Airport,28.5562,77.1,2026-09-15 20:00:00,30.5,64,0.0,4.5,53.0,54.2,41.1,79.0,22.8,1617.0
Delhi Airport,28.5562,77.1,2026-09-15 21:00:00,30.0,68,0.0,5.2,51.7,52.7,41.8,66.0,23.3,1453.0
Delhi Airport,28.5562,77.1,2026-09-15 22:00:00,29.6,71,0.0,3.8,49.0,49.9,39.6,58.0,23.3,1068.0
Delhi Airport,28.5562,77.1,2026-09-15 23:00:00,30.0,71,0.0,5.8,45.1,45.9,39.7,49.0,23.4,752.0
Delhi Airport,28.5562,77.1,2026-09-16 00:00:00,29.2,75,0.0,4.7,45.4,46.1,45.4,37.0,23.9,614.0
Delhi Airport,28.5562,77.1,2026-09-16 01:00:00,28.7,77,0.0,4.4,48.7,49.2,53.4,25.0,24.5,544.0
Delhi Airport,28.5562,77.1,2026-09-16 02:00:00,28.3,80,0.0,4.0,52.4,53.0,59.2,15.0,25.0,504.0
Delhi Airport,28.5562,77.1,2026-09-16 03:00:00,28.0,82,0.0,1.4,54.1,54.7,61.3,7.0,25.1,485.0
Delhi Airport,28.5562,77.1,2026-09-16 04:00:00,27.8,83,0.0,0.4,53.3,53.7,61.1,1.0,25.0,495.0
Delhi Airport,28.5562,77.1,2026-09-16 05:00:00,27.7,87,0.0,3.5,37.0,37.3,45.1,17.0,24.8,529.0
Delhi Airport,28.5562,77.1,2026-09-16 06:00:00,27.4,88,0.0,2.6,44.9,45.5,44.4,26.0,28.1,613.0
Delhi Airport,28.5562,77.1,2026-09-16 07:00:00,28.4,83,0.0,2.5,47.5,48.0,43.1,40.0,32.5,720.0
Delhi Airport,28.5562,77.1,2026-09-16 08:00:00,29.9,77,0.0,3.0,36.3,36.8,39.0,64.0,34.3,759.0
Delhi Airport,28.5562,77.1,2026-09-16 09:00:00,31.5,67,0.0,3.8,29.7,30.2,29.4,107.0,31.3,664.0
Delhi Airport,28.5562,77.1,2026-09-16 10:00:00,32.8,59,0.0,4.0,30.5,31.5,17.0,161.0,25.8,502.0
Delhi Airport,28.5562,77.1,2026-09-16 11:00:00,34.2,51,0.0,4.2,33.3,34.8,7.8,201.0,21.2,381.0
Delhi Airport,28.5562,77.1,2026-09-16 12:00:00,34.6,49,0.0,4.9,34.9,36.8,4.3,219.0,18.8,347.0
Delhi Airport,28.5562,77.1,2026-09-16 13:00:00,35.0,47,0.0,5.5,36.4,38.8,4.0,223.0,17.3,354.0
Delhi Airport,28.5562,77.1,2026-09-16 14:00:00,35.1,45,0.0,6.7,38.1,43.5,5.7,219.0,16.1,371.0
Delhi Airport,28.5562,77.1,2026-09-16 15:00:00,35.0,43,0.0,7.8,38.4,45.8,8.3,206.0,14.7,356.0
Delhi Airport,28.5562,77.1,2026-09-16 16:00:00,34.4,45,0.0,7.7,37.5,42.3,12.9,184.0,13.7,352.0
Delhi Airport,28.5562,77.1,2026-09-16 17:00:00,34.1,46,0.0,3.4,38.4,42.4,25.3,175.0,17.3,453.0
Delhi Airport,28.5562,77.1,2026-09-16 18:00:00,33.2,47,0.0,3.5,49.8,53.2,43.7,137.0,19.8,751.0
Delhi Airport,28.5562,77.1,2026-09-16 19:00:00,32.3,50,0.0,3.4,64.3,67.3,69.0,84.0,23.3,1155.0
Delhi Airport,28.5562,77.1,2026-09-16 20:00:00,31.6,54,0.0,4.2,71.7,74.3,86.7,43.0,26.1,1489.0
Delhi Airport,28.5562,77.1,2026-09-16 21:00:00,31.1,57,0.0,4.6,68.9,71.2,89.8,27.0,27.7,1743.0
Delhi Airport,28.5562,77.1,2026-09-16 22:00:00,30.8,58,0.0,4.8,72.9,75.4,85.3,23.0,28.7,1928.0
Delhi Airport,28.5562,77.1,2026-09-16 23:00:00,30.5,64,0.0,5.5,77.3,80.3,80.4,21.0,28.9,1899.0
Delhi Airport,28.5562,77.1,2026-09-17 00:00:00,29.7,67,0.0,5.1,76.8,80.6,77.0,18.0,27.9,1479.0
Delhi Airport,28.5562,77.1,2026-09-17 01:00:00,29.3,70,0.0,3.9,72.4,76.4,73.2,17.0,26.2,845.0
Delhi Airport,28.5562,77.1,2026-09-17 02:00:00,28.8,74,0.0,3.1,67.5,71.5,69.7,16.0,25.1,388.0
Delhi Airport,28.5562,77.1,2026-09-17 03:00:00,25.3,87,0.8,10.0,65.7,69.4,67.6,12.0,25.0,290.0
Delhi Airport,28.5562,77.1,2026-09-17 04:00:00,25.4,88,0.1,5.5,64.5,68.2,65.9,8.0,25.5,368.0
Delhi Airport,28.5562,77.1,2026-09-17 05:00:00,26.4,83,0.0,16.7,46.0,48.8,26.5,82.0,30.9,469.0
Delhi Airport,28.5562,77.1,2026-09-17 06:00:00,25.2,84,0.0,11.4,48.7,51.0,28.7,86.0,33.2,570.0
Delhi Airport,28.5562,77.1,2026-09-17 07:00:00,26.2,76,0.0,6.8,51.0,53.3,31.5,94.0,36.2,693.0
Delhi Airport,28.5562,77.1,2026-09-17 08:00:00,27.4,69,0.0,7.7,51.8,55.3,31.4,114.0,38.0,751.0
Delhi Airport,28.5562,77.1,2026-09-17 09:00:00,28.6,65,0.0,3.3,51.7,56.3,25.5,156.0,37.6,681.0
Delhi Airport,28.5562,77.1,2026-09-17 10:00:00,31.0,57,0.0,6.4,50.6,58.0,16.7,209.0,36.0,547.0
Delhi Airport,28.5562,77.1,2026-09-17 11:00:00,31.4,57,0.0,10.6,50.8,59.8,9.9,250.0,34.0,445.0
Delhi Airport,28.5562,77.1,2026-09-17 12:00:00,31.7,60,0.1,8.6,51.3,64.5,6.8,272.0,31.8,418.0
Delhi Airport,28.5562,77.1,2026-09-17 13:00:00,32.3,54,0.0,8.1,51.0,59.4,5.8,281.0,29.3,423.0
Delhi Airport,28.5562,77.1,2026-09-17 14:00:00,32.7,53,0.0,2.6,51.2,59.8,7.0,277.0,26.6,439.0
Delhi Airport,28.5562,77.1,2026-09-17 15:00:00,32.8,51,0.2,3.1,50.4,59.4,10.9,253.0,23.3,461.0
Delhi Airport,28.5562,77.1,2026-09-17 16:00:00,32.7,50,0.0,3.4,47.8,56.9,16.9,215.0,19.7,492.0
Delhi Airport,28.5562,77.1,2026-09-17 17:00:00,32.3,50,0.0,5.6,53.0,68.7,22.2,138.0,17.3,521.0
Delhi Airport,28.5562,77.1,2026-09-17 18:00:00,30.7,63,0.0,3.7,53.3,63.8,23.7,131.0,17.8,550.0
Delhi Airport,28.5562,77.1,2026-09-17 19:00:00,30.2,65,0.0,4.9,51.6,59.1,25.7,121.0,18.5,577.0
Delhi Airport,28.5562,77.1,2026-09-17 20:00:00,29.5,68,0.0,3.9,48.7,54.6,26.7,114.0,18.7,581.0
Delhi Airport,28.5562,77.1,2026-09-17 21:00:00,29.3,69,0.0,3.3,44.6,49.9,25.6,112.0,18.1,539.0
Delhi Airport,28.5562,77.1,2026-09-17 22:00:00,28.6,70,0.0,6.4,40.3,43.1,23.5,112.0,17.1,475.0
Delhi Airport,28.5562,77.1,2026-09-17 23:00:00,27.5,70,0.0,10.7,35.6,37.7,21.8,110.0,16.4,436.0
Delhi Airport,28.5562,77.1,2026-09-18 00:00:00,26.3,75,0.0,8.6,32.2,34.6,21.1,103.0,16.2,453.0
Delhi Airport,28.5562,77.1,2026-09-18 01:00:00,25.8,78,0.0,7.8,31.0,34.6,20.9,94.0,16.2,497.0
Delhi Airport,28.5562,77.1,2026-09-18 02:00:00,25.4,80,0.0,5.6,29.9,34.8,21.3,86.0,16.7,526.0
Delhi Airport,28.5562,77.1,2026-09-18 03:00:00,25.1,81,0.0,6.8,29.6,35.0,22.7,77.0,17.6,516.0
Delhi Airport,28.5562,77.1,2026-09-18 04:00:00,24.8,82,0.0,7.2,30.6,36.1,24.8,68.0,18.9,491.0
Delhi Airport,28.5562,77.1,2026-09-18 05:00:00,25.5,78,0.0,8.8,25.1,29.5,17.9,85.0,16.0,487.0
Delhi Airport,28.5562,77.1,2026-09-18 06:00:00,25.0,81,0.0,6.4,26.7,31.1,19.3,89.0,17.4,536.0
Delhi Airport,28.5562,77.1,2026-09-18 07:00:00,26.0,80,0.0,5.4,29.1,33.2,21.0,95.0,19.4,606.0
Delhi Airport,28.5562,77.1,2026-09-18 08:00:00,27.5,76,0.0,6.7,26.1,30.9,20.9,107.0,20.4,630.0
Delhi Airport,28.5562,77.1,2026-09-18 09:00:00,29.1,67,0.0,8.7,25.2,51.9,17.1,132.0,19.7,561.0
Delhi Airport,28.5562,77.1,2026-09-18 10:00:00,30.4,61,0.0,9.6,26.4,66.4,11.4,162.0,18.2,447.0
Delhi Airport,28.5562,77.1,2026-09-18 11:00:00,31.0,51,0.1,15.5,23.5,38.5,7.0,186.0,16.5,362.0
Delhi Airport,28.5562,77.1,2026-09-18 12:00:00,28.5,65,0.6,4.6,22.9,34.3,4.9,198.0,14.9,332.0
Delhi Airport,28.5562,77.1,2026-09-18 13:00:00,30.3,60,0.0,8.9,22.9,32.8,4.0,203.0,13.2,332.0
Delhi Airport,28.5562,77.1,2026-09-18 14:00:00,31.0,56,0.0,6.0,24.7,36.2,5.1,200.0,12.0,361.0
Delhi Airport,28.5562,77.1,2026-09-18 15:00:00,31.2,55,0.0,6.6,23.5,33.2,8.4,186.0,11.4,410.0
Delhi Airport,28.5562,77.1,2026-09-18 16:00:00,30.8,56,0.0,5.6,24.2,34.8,13.5,163.0,11.3,489.0
Delhi Airport,28.5562,77.1,2026-09-18 17:00:00,30.9,65,0.0,3.4,26.4,39.1,17.5,181.0,18.9,621.0
Delhi Airport,28.5562,77.1,2026-09-18 18:00:00,29.9,73,0.0,2.2,38.9,49.7,33.5,143.0,20.7,843.0
Delhi Airport,28.5562,77.1,2026-09-18 19:00:00,29.8,70,0.0,0.5,50.2,60.8,55.4,90.0,23.2,1119.0
Delhi Airport,28.5562,77.1,2026-09-18 20:00:00,28.7,77,0.0,2.3,51.5,60.3,70.9,50.0,24.8,1369.0
Delhi Airport,28.5562,77.1,2026-09-18 21:00:00,28.1,77,0.0,5.2,53.0,61.7,73.9,34.0,24.8,1592.0
Delhi Airport,28.5562,77.1,2026-09-18 22:00:00,27.4,77,0.0,5.1,53.7,62.9,70.5,30.0,23.9,1790.0
Delhi Airport,28.5562,77.1,2026-09-18 23:00:00,27.8,77,0.0,6.8,51.3,61.9,66.6,28.0,23.1,1888.0
Delhi Airport,28.5562,77.1,2026-09-19 00:00:00,26.8,82,0.0,4.3,49.1,61.7,63.4,26.0,22.7,1825.0
Delhi Airport,28.5562,77.1,2026-09-19 01:00:00,26.2,84,0.0,3.4,49.8,63.6,59.7,27.0,22.5,1661.0
Delhi Airport,28.5562,77.1,2026-09-19 02:00:00,25.6,86,0.0,2.9,51.9,66.6,57.5,26.0,22.5,1505.0
Delhi Airport,28.5562,77.1,2026-09-19 03:00:00,25.0,88,0.0,3.0,54.4,69.8,58.8,19.0,22.7,1387.0
Delhi Airport,28.5562,77.1,2026-09-19 04:00:00,24.5,89,0.0,3.0,56.8,73.3,61.5,10.0,23.2,1276.0
Delhi Airport,28.5562,77.1,2026-09-19 05:00:00,25.2,87,0.0,2.6,73.3,102.9,79.9,11.0,43.0,1185.0
Delhi Airport,28.5562,77.1,2026-09-19 06:00:00,24.8,87,0.0,3.4,83.6,114.1,71.2,31.0,45.5,1138.0
Delhi Airport,28.5562,77.1,2026-09-19 07:00:00,26.0,82,0.0,3.4,86.8,115.9,58.9,60.0,48.7,1112.0
Delhi Airport,28.5562,77.1,2026-09-19 08:00:00,27.9,75,0.0,2.9,66.8,110.4,46.4,94.0,50.2,1042.0
Delhi Airport,28.5562,77.1,2026-09-19 09:00:00,29.6,66,0.0,3.6,48.8,100.4,33.9,135.0,48.4,877.0
Delhi Airport,28.5562,77.1,2026-09-19 10:00:00,30.8,57,0.0,3.9,45.5,90.8,21.3,180.0,44.8,669.0
Delhi Airport,28.5562,77.1,2026-09-19 11:00:00,32.2,51,0.0,4.8,48.7,100.1,12.0,217.0,41.4,515.0
Delhi Airport,28.5562,77.1,2026-09-19 12:00:00,32.8,48,0.0,5.3,51.8,104.3,7.3,242.0,38.5,451.0
Delhi Airport,28.5562,77.1,2026-09-19 13:00:00,32.9,46,0.0,6.3,54.7,108.0,6.0,259.0,35.8,442.0
Delhi Airport,28.5562,77.1,2026-09-19 14:00:00,33.0,46,0.0,6.5,55.4,105.9,7.8,265.0,34.0,475.0
Delhi Airport,28.5562,77.1,2026-09-19 15:00:00,33.0,44,0.0,6.0,55.9,103.4,11.6,258.0,33.2,547.0
Delhi Airport,28.5562,77.1,2026-09-19 16:00:00,32.5,46,0.0,5.1,56.6,99.0,18.5,240.0,33.3,661.0
Delhi Airport,28.5562,77.1,2026-09-19 17:00:00,31.9,52,0.0,6.5,70.5,125.7,29.8,191.0,32.5,820.0
Delhi Airport,28.5562,77.1,2026-09-19 18:00:00,30.2,61,0.0,4.0,81.5,129.0,53.8,147.0,36.1,1055.0
Delhi Airport,28.5562,77.1,2026-09-19 19:00:00,29.6,64,0.0,3.7,94.5,138.3,86.4,86.0,41.0,1334.0
Delhi Airport,28.5562,77.1,2026-09-19 20:00:00,29.0,67,0.0,3.5,104.5,144.8,107.8,40.0,44.0,1569.0
Delhi Airport,28.5562,77.1,2026-09-19 21:00:00,28.3,69,0.0,4.4,112.2,150.4,107.4,25.0,43.5,1732.0
Delhi Airport,28.5562,77.1,2026-09-19 22:00:00,27.7,73,0.0,4.1,113.4,148.1,95.8,24.0,41.2,1849.0
Delhi Airport,28.5562,77.1,2026-09-19 23:00:00,27.6,78,0.0,3.3,106.6,136.0,84.3,26.0,38.3,1913.0
Delhi Airport,28.5562,77.1,2026-09-20 00:00:00,27.0,80,0.0,2.8,99.2,124.8,75.8,26.0,34.9,1902.0
Delhi Airport,28.5562,77.1,2026-09-20 01:00:00,26.7,82,0.0,1.7,94.8,117.6,67.5,28.0,30.9,1838.0
Delhi Airport,28.5562,77.1,2026-09-20 02:00:00,26.3,84,0.0,1.8,92.2,113.2,62.4,28.0,28.1,1770.0
Delhi Airport,28.5562,77.1,2026-09-20 03:00:00,25.9,86,0.0,2.7,92.7,113.4,63.6,21.0,27.2,1720.0
Delhi Airport,28.5562,77.1,2026-09-20 04:00:00,25.5,87,0.0,1.9,95.9,116.4,68.0,12.0,27.4,1668.0
Delhi Airport,28.5562,77.1,2026-09-20 05:00:00,26.2,87,0.0,0.6,92.0,107.1,69.6,5.0,25.6,1599.0
Delhi Airport,28.5562,77.1,2026-09-20 06:00:00,25.7,90,0.0,2.1,94.1,108.5,60.3,28.0,27.5,1518.0
Delhi Airport,28.5562,77.1,2026-09-20 07:00:00,27.0,86,0.0,1.7,92.7,104.5,47.1,61.0,30.2,1420.0
Delhi Airport,28.5562,77.1,2026-09-20 08:00:00,28.9,77,0.0,0.8,72.6,92.2,34.8,97.0,32.2,1282.0
Delhi Airport,28.5562,77.1,2026-09-20 09:00:00,30.9,63,0.0,3.0,62.4,99.2,24.3,138.0,33.0,1057.0
Delhi Airport,28.5562,77.1,2026-09-20 10:00:00,32.0,53,0.0,3.9,56.2,97.1,14.7,181.0,33.1,792.0
Delhi Airport,28.5562,77.1,2026-09-20 11:00:00,33.2,46,0.0,3.6,55.1,104.5,7.8,215.0,32.5,598.0
Delhi Airport,28.5562,77.1,2026-09-20 12:00:00,33.6,45,0.0,3.1,55.5,99.0,4.6,234.0,30.9,538.0
Delhi Airport,28.5562,77.1,2026-09-20 13:00:00,33.9,43,0.0,2.8,56.5,99.0,4.2,242.0,28.6,549.0
Delhi Airport,28.5562,77.1,2026-09-20 14:00:00,33.9,43,0.0,2.3,56.9,103.8,5.6,242.0,26.9,556.0
Delhi Airport,28.5562,77.1,2026-09-20 15:00:00,33.8,44,0.0,2.3,57.2,98.3,8.2,233.0,25.9,510.0
Delhi Airport,28.5562,77.1,2026-09-20 16:00:00,33.4,45,0.0,4.5,57.4,93.6,12.7,216.0,25.4,460.0
Delhi Airport,28.5562,77.1,2026-09-20 17:00:00,32.9,48,0.2,7.4,64.5,99.4,19.3,178.0,23.7,475.0
Delhi Airport,28.5562,77.1,2026-09-20 18:00:00,31.5,49,0.0,7.8,71.5,103.8,26.9,150.0,24.8,609.0
Delhi Airport,28.5562,77.1,2026-09-20 19:00:00,30.5,53,0.0,5.3,76.6,106.4,37.7,110.0,26.4,809.0
Delhi Airport,28.5562,77.1,2026-09-20 20:00:00,29.7,58,0.0,4.0,78.9,104.8,47.5,77.0,27.9,987.0
Delhi Airport,28.5562,77.1,2026-09-20 21:00:00,29.2,61,0.0,3.6,81.7,106.2,54.9,56.0,29.2,1121.0
Delhi Airport,28.5562,77.1,2026-09-20 22:00:00,28.8,65,0.0,2.8,89.2,113.9,61.4,41.0,30.5,1233.0
Delhi Airport,28.5562,77.1,2026-09-20 23:00:00,28.9,69,0.0,2.3,97.6,122.9,67.0,29.0,31.7,1304.0
Delhi Airport,28.5562,77.1,2026-09-21 00:00:00,28.0,71,0.0,3.7,103.6,130.4,72.0,21.0,32.7,1315.0
Delhi Airport,28.5562,77.1,2026-09-21 01:00:00,27.3,74,0.0,4.3,109.0,136.4,76.1,16.0,33.7,1284.0
Delhi Airport,28.5562,77.1,2026-09-21 02:00:00,26.7,76,0.0,3.8,112.7,140.6,79.2,13.0,35.0,1251.0
Delhi Airport,28.5562,77.1,2026-09-21 03:00:00,26.4,76,0.0,3.7,115.0,143.0,82.2,6.0,36.7,1218.0
Delhi Airport,28.5562,77.1,2026-09-21 04:00:00,26.1,76,0.0,3.7,117.3,144.8,84.0,0.0,38.6,1183.0
Delhi Airport,28.5562,77.1,2026-09-21 05:00:00,26.5,82,0.0,1.2,57.3,72.4,30.8,44.0,25.0,1171.0
Delhi Airport,28.5562,77.1,2026-09-21 06:00:00,26.1,84,0.0,2.1,60.5,75.2,35.1,53.0,27.3,1236.0
Delhi Airport,28.5562,77.1,2026-09-21 07:00:00,27.2,80,0.0,2.2,65.7,77.3,40.7,67.0,30.7,1325.0
Delhi Airport,28.5562,77.1,2026-09-21 08:00:00,28.9,70,0.0,1.3,63.1,75.9,41.8,92.0,34.8,1309.0
Delhi Airport,28.5562,77.1,2026-09-21 09:00:00,30.6,61,0.0,2.1,58.1,79.2,34.3,139.0,41.1,1082.0
Delhi Airport,28.5562,77.1,2026-09-21 10:00:00,31.9,52,0.0,2.9,58.8,92.7,22.3,198.0,48.1,750.0
Delhi Airport,28.5562,77.1,2026-09-21 11:00:00,32.9,47,0.0,4.4,64.3,108.5,12.9,244.0,51.6,497.0
Delhi Airport,28.5562,77.1,2026-09-21 12:00:00,33.2,46,0.0,4.5,66.4,116.9,8.2,270.0,48.6,402.0
Delhi Airport,28.5562,77.1,2026-09-21 13:00:00,33.6,45,0.0,4.7,67.1,119.7,6.1,284.0,42.1,386.0
Delhi Airport,28.5562,77.1,2026-09-21 14:00:00,33.7,46,0.0,5.7,66.8,114.6,7.2,285.0,36.8,397.0
Delhi Airport,28.5562,77.1,2026-09-21 15:00:00,33.2,47,0.0,6.5,67.1,113.9,12.8,270.0,34.2,408.0
Delhi Airport,28.5562,77.1,2026-09-21 16:00:00,32.5,50,0.3,5.9,69.2,109.4,21.6,243.0,32.8,445.0
Delhi Airport,28.5562,77.1,2026-09-21 17:00:00,32.4,50,0.0,7.8,76.1,110.1,27.4,239.0,38.0,536.0
Delhi Airport,28.5562,77.1,2026-09-21 18:00:00,30.8,55,0.0,5.6,89.2,119.2,41.7,198.0,41.5,721.0
Delhi Airport,28.5562,77.1,2026-09-21 19:00:00,30.0,59,0.0,5.1,99.0,128.1,61.7,141.0,46.4,960.0
Delhi Airport,28.5562,77.1,2026-09-21 20:00:00,29.3,65,0.0,3.8,102.9,130.4,79.0,92.0,50.9,1152.0
Delhi Airport,28.5562,77.1,2026-09-21 21:00:00,28.9,68,0.0,3.8,108.5,134.6,91.0,62.0,54.5,1270.0
Delhi Airport,28.5562,77.1,2026-09-21 22:00:00,28.7,69,0.0,3.0,121.5,148.5,100.3,41.0,57.6,1343.0
Delhi Airport,28.5562,77.1,2026-09-21 23:00:00,29.0,71,0.0,2.2,131.8,160.7,106.8,25.0,59.4,1356.0
Delhi Airport,28.5562,77.1,2026-09-22 00:00:00,28.2,73,0.0,2.2,136.4,167.2,109.7,15.0,59.1,1283.0
Delhi Airport,28.5562,77.1,2026-09-22 01:00:00,27.6,75,0.0,2.6,137.8,170.0,109.7,10.0,57.5,1152.0
Delhi Airport,28.5562,77.1,2026-09-22 02:00:00,27.3,77,0.0,2.4,137.8,170.0,108.6,7.0,56.2,1026.0
Delhi Airport,28.5562,77.1,2026-09-22 03:00:00,27.0,78,0.0,1.6,136.9,169.0,108.0,0.0,55.7,907.0
Delhi Airport,28.5562,77.1,2026-09-22 04:00:00,26.7,79,0.0,1.2,136.0,168.1,106.3,0.0,55.5,794.0
Delhi Airport,28.5562,77.1,2026-09-22 05:00:00,26.4,83,0.0,0.9,126.7,157.4,95.8,2.0,48.6,752.0
Delhi Airport,28.5562,77.1,2026-09-22 06:00:00,26.3,82,0.0,0.7,114.8,144.4,86.9,30.0,48.6,863.0
Delhi Airport,28.5562,77.1,2026-09-22 07:00:00,27.6,77,0.0,1.9,108.0,139.2,74.0,72.0,48.5,1045.0
Delhi Airport,28.5562,77.1,2026-09-22 08:00:00,29.7,66,0.0,1.3,89.6,148.1,59.7,116.0,48.6,1122.0
Delhi Airport,28.5562,77.1,2026-09-22 09:00:00,31.4,54,0.0,0.8,70.8,148.5,42.6,166.0,49.3,985.0
Delhi Airport,28.5562,77.1,2026-09-22 10:00:00,32.5,49,0.0,3.1,67.1,136.0,24.1,219.0,50.1,743.0
Delhi Airport,28.5562,77.1,2026-09-22 11:00:00,33.7,47,0.0,4.5,64.3,120.6,10.7,260.0,49.4,549.0
Delhi Airport,28.5562,77.1,2026-09-22 12:00:00,34.3,45,0.0,4.6,62.9,116.4,5.3,283.0,45.9,461.0
Delhi Airport,28.5562,77.1,2026-09-22 13:00:00,34.9,42,0.0,5.7,61.0,110.4,5.0,292.0,41.0,420.0
Delhi Airport,28.5562,77.1,2026-09-22 14:00:00,35.2,40,0.0,7.6,58.4,105.2,7.5,289.0,36.5,403.0
Delhi Airport,28.5562,77.1,2026-09-22 15:00:00,35.1,39,0.0,9.2,57.3,121.1,12.8,268.0,33.0,399.0
Delhi Airport,28.5562,77.1,2026-09-22 16:00:00,34.4,42,0.0,10.3,55.6,119.0,20.8,235.0,30.0,419.0
Delhi Airport,28.5562,77.1,2026-09-22 17:00:00,33.4,51,0.0,9.2,55.4,101.7,25.5,219.0,31.5,475.0
Delhi Airport,28.5562,77.1,2026-09-22 18:00:00,31.9,57,0.0,6.4,60.3,108.7,36.8,184.0,33.5,589.0
Delhi Airport,28.5562,77.1,2026-09-22 19:00:00,31.2,62,0.0,4.5,65.4,114.8,52.7,135.0,36.3,739.0
Delhi Airport,28.5562,77.1,2026-09-22 20:00:00,30.8,65,0.0,3.8,68.7,118.3,66.4,94.0,38.9,871.0
Delhi Airport,28.5562,77.1,2026-09-22 21:00:00,30.4,68,0.0,2.7,72.6,120.1,75.4,69.0,41.1,975.0
Delhi Airport,28.5562,77.1,2026-09-22 22:00:00,29.9,71,0.0,1.3,77.1,124.3,82.3,51.0,43.1,1060.0
Delhi Airport,28.5562,77.1,2026-09-22 23:00:00,29.9,73,0.0,2.5,83.6,132.2,88.1,37.0,44.6,1103.0
Delhi Airport,28.5562,77.1,2026-09-23 00:00:00,28.6,78,0.0,3.6,89.6,141.1,93.7,26.0,45.6,1072.0
Delhi Airport,28.5562,77.1,2026-09-23 01:00:00,27.8,82,0.0,4.1,96.9,150.4,98.2,19.0,46.1,999.0
Delhi Airport,28.5562,77.1,2026-09-23 02:00:00,27.5,83,0.0,3.8,102.2,155.5,100.0,14.0,46.4,950.0
Delhi Airport,28.5562,77.1,2026-09-23 03:00:00,27.1,84,0.0,3.6,105.2,156.9,99.0,7.0,46.2,962.0
Delhi Airport,28.5562,77.1,2026-09-23 04:00:00,26.7,86,0.0,3.3,107.3,158.3,95.4,2.0,45.8,999.0
Delhi Airport,28.5562,77.1,2026-09-23 05:00:00,27.1,83,0.0,2.4,72.9,122.9,51.5,39.0,41.4,1023.0
Delhi Airport,28.5562,77.1,2026-09-23 06:00:00,26.9,84,0.0,2.3,80.3,131.8,48.6,59.0,43.0,1028.0
Delhi Airport,28.5562,77.1,2026-09-23 07:00:00,28.1,77,0.0,2.4,82.9,127.6,44.2,87.0,45.1,1020.0
Delhi Airport,28.5562,77.1,2026-09-23 08:00:00,29.7,68,0.0,2.4,65.2,117.3,38.3,120.0,46.5,977.0
Delhi Airport,28.5562,77.1,2026-09-23 09:00:00,31.2,59,0.0,1.4,58.0,119.7,29.5,161.0,46.8,872.0
Delhi Airport,28.5562,77.1,2026-09-23 10:00:00,32.5,54,0.0,2.5,55.5,114.1,19.1,206.0,46.2,732.0
Delhi Airport,28.5562,77.1,2026-09-23 11:00:00,34.1,52,0.0,4.5,53.6,105.7,11.3,241.0,44.4,620.0
Delhi Airport,28.5562,77.1,2026-09-23 12:00:00,34.8,46,0.0,5.4,52.5,99.2,7.4,259.0,40.1,562.0
Delhi Airport,28.5562,77.1,2026-09-23 13:00:00,35.3,43,0.0,6.7,50.8,90.3,6.1,267.0,34.6,533.0
Delhi Airport,28.5562,77.1,2026-09-23 14:00:00,35.7,40,0.0,7.4,50.1,84.3,7.8,269.0,30.6,519.0
Delhi Airport,28.5562,77.1,2026-09-23 15:00:00,35.5,39,0.0,8.7,51.2,82.7,11.5,269.0,29.4,506.0
Delhi Airport,28.5562,77.1,2026-09-23 16:00:00,34.8,41,0.0,10.1,52.9,82.2,18.2,264.0,29.8,508.0
Delhi Airport,28.5562,77.1,2026-09-23 17:00:00,33.8,45,0.0,8.5,56.7,79.6,30.3,227.0,30.5,554.0
Delhi Airport,28.5562,77.1,2026-09-23 18:00:00,31.7,51,0.0,6.4,71.9,94.1,50.6,183.0,34.6,668.0
Delhi Airport,28.5562,77.1,2026-09-23 19:00:00,30.8,59,0.0,3.6,88.2,111.5,78.0,123.0,40.0,826.0
Delhi Airport,28.5562,77.1,2026-09-23 20:00:00,30.2,62,0.0,3.8,98.5,122.5,94.2,77.0,43.1,979.0
Delhi Airport,28.5562,77.1,2026-09-23 21:00:00,29.7,63,0.0,4.6,101.0,129.0,89.3,60.0,41.8,1147.0
Delhi Airport,28.5562,77.1,2026-09-23 22:00:00,29.2,65,0.0,4.5,97.3,131.3,73.3,58.0,38.1,1310.0
Delhi Airport,28.5562,77.1,2026-09-23 23:00:00,29.7,67,0.0,4.5,90.3,130.9,57.8,58.0,34.0,1364.0
Delhi Airport,28.5562,77.1,2026-09-24 00:00:00,28.6,71,0.0,5.4,83.1,132.2,46.0,59.0,29.5,1219.0
Delhi Airport,28.5562,77.1,2026-09-24 01:00:00,27.9,75,0.0,4.3,79.6,170.9,34.8,62.0,24.6,965.0
Delhi Airport,28.5562,77.1,2026-09-24 02:00:00,27.4,76,0.0,4.7,77.5,202.1,26.6,64.0,20.8,761.0
Delhi Airport,28.5562,77.1,2026-09-24 03:00:00,27.0,77,0.0,6.5,68.2,171.8,23.3,60.0,18.7,668.0
Delhi Airport,28.5562,77.1,2026-09-24 04:00:00,26.3,80,0.0,7.1,59.4,136.0,23.0,53.0,17.8,625.0
Delhi Airport,28.5562,77.1,2026-09-24 05:00:00,26.3,84,0.0,4.6,53.8,119.7,22.8,51.0,17.3,616.0
Delhi Airport,28.5562,77.1,2026-09-24 06:00:00,25.8,88,0.0,3.2,51.0,110.6,21.9,55.0,17.3,662.0
Delhi Airport,28.5562,77.1,2026-09-24 07:00:00,27.0,83,0.0,9.0,46.2,139.7,21.1,64.0,17.9,741.0
Delhi Airport,28.5562,77.1,2026-09-24 08:00:00,28.2,81,0.0,8.2,33.5,71.5,19.3,80.0,18.4,774.0
Delhi Airport,28.5562,77.1,2026-09-24 09:00:00,29.6,74,0.0,10.6,28.1,49.8,15.6,110.0,18.8,711.0
Delhi Airport,28.5562,77.1,2026-09-24 10:00:00,30.5,69,0.1,8.9,28.6,41.6,11.0,147.0,19.2,602.0
Delhi Airport,28.5562,77.1,2026-09-24 11:00:00,31.9,60,0.0,6.6,33.1,47.3,7.6,178.0,19.5,516.0
Delhi Airport,28.5562,77.1,2026-09-24 12:00:00,33.0,51,0.0,5.5,38.0,69.8,5.7,197.0,19.5,478.0
Delhi Airport,28.5562,77.1,2026-09-24 13:00:00,33.6,47,0.0,3.1,40.2,82.4,5.1,210.0,19.5,462.0
Delhi Airport,28.5562,77.1,2026-09-24 14:00:00,34.1,44,0.0,0.9,40.7,84.8,6.6,213.0,19.7,463.0
Delhi Airport,28.5562,77.1,2026-09-24 15:00:00,34.3,41,0.0,0.4,41.2,84.8,11.8,204.0,20.5,486.0
Delhi Airport,28.5562,77.1,2026-09-24 16:00:00,33.9,41,0.0,2.3,41.8,83.4,19.3,187.0,21.5,525.0
Delhi Airport,28.5562,77.1,2026-09-24 17:00:00,33.1,47,0.0,3.6,46.1,99.4,25.5,166.0,22.3,554.0
Delhi Airport,28.5562,77.1,2026-09-24 18:00:00,31.4,53,0.0,6.1,54.5,140.6,29.7,141.0,22.8,561.0
Delhi Airport,28.5562,77.1,2026-09-24 19:00:00,30.5,58,0.0,8.6,62.2,213.7,32.7,114.0,23.2,559.0
Delhi Airport,28.5562,77.1,2026-09-24 20:00:00,29.5,64,0.0,9.1,64.5,258.0,33.6,93.0,23.2,554.0
Delhi Airport,28.5562,77.1,2026-09-24 21:00:00,28.7,69,0.0,7.5,64.0,265.4,31.3,86.0,22.6,556.0
Delhi Airport,28.5562,77.1,2026-09-24 22:00:00,28.2,71,0.0,7.2,63.3,272.9,27.0,86.0,21.6,556.0
Delhi Airport,28.5562,77.1,2026-09-24 23:00:00,27.6,74,0.0,6.2,65.2,309.2,23.3,84.0,21.1,535.0
Delhi Airport,28.5562,77.1,2026-09-25 00:00:00,27.0,77,0.0,6.7,62.2,302.7,21.0,76.0,21.4,474.0
Delhi Airport,28.5562,77.1,2026-09-25 01:00:00,26.5,80,0.0,6.6,55.3,268.2,19.3,67.0,22.2,391.0
Delhi Airport,28.5562,77.1,2026-09-25 02:00:00,26.0,83,0.0,6.3,48.1,230.5,18.9,57.0,22.9,329.0
Delhi Airport,28.5562,77.1,2026-09-25 03:00:00,25.4,86,0.0,4.2,39.5,172.8,20.9,46.0,23.1,299.0
Delhi Airport,28.5562,77.1,2026-09-25 04:00:00,25.1,88,0.0,3.3,31.4,106.4,24.3,36.0,23.3,289.0
Delhi Airport,28.5562,77.1,2026-09-25 05:00:00,24.8,90,0.0,1.9,29.7,86.4,26.2,31.0,23.8,303.0
Delhi Airport,28.5562,77.1,2026-09-25 06:00:00,24.8,90,0.0,0.7,31.3,74.7,25.5,34.0,25.6,362.0
Delhi Airport,28.5562,77.1,2026-09-25 07:00:00,25.8,84,0.0,2.4,27.9,58.3,23.4,41.0,27.9,445.0
Delhi Airport,28.5562,77.1,2026-09-25 08:00:00,27.1,76,0.0,4.1,21.1,43.8,20.5,54.0,28.3,496.0
Delhi Airport,28.5562,77.1,2026-09-25 09:00:00,28.8,65,0.0,5.9,15.9,30.0,16.2,74.0,25.1,479.0
Delhi Airport,28.5562,77.1,2026-09-25 10:00:00,30.1,59,0.0,5.3,20.7,88.0,11.0,98.0,20.1,430.0
Delhi Airport,28.5562,77.1,2026-09-25 11:00:00,31.4,53,0.0,4.1,19.4,64.0,7.2,118.0,16.2,398.0
Delhi Airport,28.5562,77.1,2026-09-25 12:00:00,32.6,48,0.0,2.1,16.8,43.2,5.4,132.0,14.6,404.0
Delhi Airport,28.5562,77.1,2026-09-25 13:00:00,33.3,44,0.0,1.9,16.2,39.1,4.9,143.0,14.2,427.0
Delhi Airport,28.5562,77.1,2026-09-25 14:00:00,33.6,42,0.0,1.5,16.6,38.9,6.0,148.0,14.4,448.0
Delhi Airport,28.5562,77.1,2026-09-25 15:00:00,33.7,40,0.0,1.7,17.2,38.2,9.4,147.0,15.3,461.0
Delhi Airport,28.5562,77.1,2026-09-25 16:00:00,33.4,41,0.0,4.2,18.1,37.6,14.3,141.0,16.9,471.0
Delhi Airport,28.5562,77.1,2026-09-25 17:00:00,32.5,44,0.0,6.2,20.3,35.2,19.0,130.0,18.4,477.0
Delhi Airport,28.5562,77.1,2026-09-25 18:00:00,31.1,50,0.0,6.5,22.8,36.6,23.2,111.0,19.6,475.0
Delhi Airport,28.5562,77.1,2026-09-25 19:00:00,30.3,56,0.0,5.1,23.1,38.0,27.2,86.0,20.7,469.0
Delhi Airport,28.5562,77.1,2026-09-25 20:00:00,29.7,60,0.0,3.6,21.7,42.3,29.8,66.0,21.2,465.0
Delhi Airport,28.5562,77.1,2026-09-25 21:00:00,29.2,63,0.0,4.7,21.1,47.1,30.2,54.0,20.7,473.0
Delhi Airport,28.5562,77.1,2026-09-25 22:00:00,28.1,69,0.0,8.9,20.6,45.3,29.3,46.0,19.5,484.0
Delhi Airport,28.5562,77.1,2026-09-25 23:00:00,26.9,75,0.0,6.0,22.4,68.0,28.4,40.0,18.6,479.0
Delhi Airport,28.5562,77.1,2026-09-26 00:00:00,26.3,79,0.0,1.2,21.8,68.5,27.8,36.0,17.9,442.0
Delhi Airport,28.5562,77.1,2026-09-26 01:00:00,25.9,81,0.0,1.3,18.7,39.1,27.3,35.0,17.4,389.0
Delhi Airport,28.5562,77.1,2026-09-26 02:00:00,25.4,83,0.0,2.6,18.2,29.7,27.8,34.0,18.2,349.0
Delhi Airport,28.5562,77.1,2026-09-26 03:00:00,25.1,84,0.0,4.5,19.7,38.3,30.1,32.0,21.2,326.0
Delhi Airport,28.5562,77.1,2026-09-26 04:00:00,24.7,84,0.0,7.7,23.7,60.5,33.3,30.0,25.4,317.0
Delhi Airport,28.5562,77.1,2026-09-26 05:00:00,24.2,86,0.0,2.4,26.1,62.6,36.1,29.0,29.1,334.0
Delhi Airport,28.5562,77.1,2026-09-26 06:00:00,24.1,87,0.0,3.6,30.2,72.4,38.6,29.0,31.9,411.0
Delhi Airport,28.5562,77.1,2026-09-26 07:00:00,25.0,82,0.0,2.8,32.4,70.1,40.6,31.0,34.1,514.0
Delhi Airport,28.5562,77.1,2026-09-26 08:00:00,26.8,73,0.0,5.2,27.6,41.8,40.1,38.0,34.7,562.0
Delhi Airport,28.5562,77.1,2026-09-26 09:00:00,29.0,65,0.0,6.2,20.5,29.7,35.0,52.0,32.4,497.0
Delhi Airport,28.5562,77.1,2026-09-26 10:00:00,30.8,57,0.0,6.3,17.4,29.4,27.4,71.0,28.5,376.0
Delhi Airport,28.5562,77.1,2026-09-26 11:00:00,32.3,48,0.0,9.2,16.8,32.9,21.4,88.0,25.8,286.0
Delhi Airport,28.5562,77.1,2026-09-26 12:00:00,31.9,47,0.0,11.0,18.0,36.4,18.4,104.0,25.8,262.0
Delhi Airport,28.5562,77.1,2026-09-26 13:00:00,28.3,62,0.0,16.6,19.7,35.0,17.1,120.0,27.1,268.0
Delhi Airport,28.5562,77.1,2026-09-26 14:00:00,26.8,65,0.4,13.3,20.1,41.4,17.2,127.0,27.8,286.0
Delhi Airport,28.5562,77.1,2026-09-26 15:00:00,25.9,70,0.8,12.1,37.0,204.0,18.9,122.0,27.1,316.0
Delhi Airport,28.5562,77.1,2026-09-26 16:00:00,25.8,71,0.5,12.4,43.2,253.3,22.0,110.0,25.8,357.0
Delhi Airport,28.5562,77.1,2026-09-26 17:00:00,25.7,70,0.1,9.4,49.2,281.3,25.9,97.0,25.4,387.0
Delhi Airport,28.5562,77.1,2026-09-26 18:00:00,25.9,69,0.0,9.8,51.8,259.8,32.0,82.0,26.4,399.0
Delhi Airport,28.5562,77.1,2026-09-26 19:00:00,25.6,72,0.0,4.4,57.6,279.4,38.9,66.0,28.2,401.0
Delhi Airport,28.5562,77.1,2026-09-26 20:00:00,25.3,73,0.0,5.1,66.6,341.8,42.3,58.0,30.0,391.0
Delhi Airport,28.5562,77.1,2026-09-26 21:00:00,25.0,75,0.0,5.3,71.9,380.0,39.7,61.0,32.0,363.0
Delhi Airport,28.5562,77.1,2026-09-26 22:00:00,24.2,78,0.0,4.4,78.0,415.4,33.5,72.0,34.0,322.0
Delhi Airport,28.5562,77.1,2026-09-26 23:00:00,23.8,80,0.0,3.9,90.6,499.2,27.4,85.0,34.9,290.0
Delhi Airport,28.5562,77.1,2026-09-27 00:00:00,23.8,80,0.0,2.2,107.3,610.9,21.9,101.0,33.7,271.0
Delhi Airport,28.5562,77.1,2026-09-27 01:00:00,23.8,79,0.0,4.9,115.0,646.3,16.3,120.0,31.3,259.0
Delhi Airport,28.5562,77.1,2026-09-27 02:00:00,23.6,78,0.0,7.1,114.6,622.1,12.5,132.0,29.4,259.0
Delhi Airport,28.5562,77.1,2026-09-27 03:00:00,23.1,78,0.0,8.3,103.1,514.1,11.1,134.0,28.5,273.0
Delhi Airport,28.5562,77.1,2026-09-27 04:00:00,22.6,82,0.0,4.8,93.1,423.8,11.4,130.0,28.1,299.0
Delhi Airport,28.5562,77.1,2026-09-27 05:00:00,22.4,86,0.0,2.2,70.8,215.1,13.0,125.0,27.9,335.0
Delhi Airport,28.5562,77.1,2026-09-27 06:00:00,22.4,86,0.0,2.3,68.7,184.9,17.1,116.0,28.1,396.0
Delhi Airport,28.5562,77.1,2026-09-27 07:00:00,23.8,80,0.0,1.2,70.8,176.0,22.4,107.0,28.5,467.0
Delhi Airport,28.5562,77.1,2026-09-27 08:00:00,26.0,70,0.0,0.9,72.4,187.2,24.6,111.0,28.6,505.0
Delhi Airport,28.5562,77.1,2026-09-27 09:00:00,28.1,63,0.0,2.9,71.2,195.1,20.4,141.0,27.8,482.0
Delhi Airport,28.5562,77.1,2026-09-27 10:00:00,29.7,60,0.0,3.9,70.8,196.0,13.0,186.0,26.6,426.0
Delhi Airport,28.5562,77.1,2026-09-27 11:00:00,31.2,55,0.0,6.3,84.5,313.9,7.5,222.0,26.0,374.0
Delhi Airport,28.5562,77.1,2026-09-27 12:00:00,32.0,51,0.1,8.0,84.3,314.8,5.5,244.0,26.2,329.0
Delhi Airport,28.5562,77.1,2026-09-27 13:00:00,32.5,49,0.1,8.9,71.5,205.4,5.4,258.0,27.0,288.0
Delhi Airport,28.5562,77.1,2026-09-27 14:00:00,32.6,48,0.0,8.3,79.6,262.6,6.8,262.0,28.1,282.0
Delhi Airport,28.5562,77.1,2026-09-27 15:00:00,32.4,49,0.0,7.5,69.8,185.3,10.5,254.0,30.1,319.0
Delhi Airport,28.5562,77.1,2026-09-27 16:00:00,31.9,51,0.0,7.5,68.7,167.6,15.7,237.0,32.6,390.0
Delhi Airport,28.5562,77.1,2026-09-27 17:00:00,31.0,55,0.0,9.0,73.1,229.1,19.8,211.0,33.4,497.0
Delhi Airport,28.5562,77.1,2026-09-27 18:00:00,28.9,64,0.0,11.2,75.0,291.5,21.8,172.0,31.5,690.0
Delhi Airport,28.5562,77.1,2026-09-27 19:00:00,27.2,70,0.0,8.4,71.0,339.0,22.7,125.0,28.1,919.0
Delhi Airport,28.5562,77.1,2026-09-27 20:00:00,26.6,75,0.2,6.6,61.7,319.4,23.3,87.0,24.7,1040.0
Delhi Airport,28.5562,77.1,2026-09-27 21:00:00,26.4,80,0.2,6.9,53.3,285.0,23.6,66.0,21.6,959.0
Delhi Airport,28.5562,77.1,2026-09-27 22:00:00,26.1,82,0.0,6.9,43.8,226.3,23.5,54.0,18.6,770.0
Delhi Airport,28.5562,77.1,2026-09-27 23:00:00,25.6,84,0.0,5.9,37.1,184.9,23.3,46.0,16.3,607.0
Delhi Airport,28.5562,77.1,2026-09-28 00:00:00,25.3,86,0.0,4.7,33.2,160.7,22.7,41.0,15.0,516.0
Delhi Airport,28.5562,77.1,2026-09-28 01:00:00,24.9,87,0.0,2.2,29.9,134.6,22.0,40.0,14.4,451.0
Delhi Airport,28.5562,77.1,2026-09-28 02:00:00,24.6,89,0.0,0.4,25.8,94.3,22.2,38.0,14.4,406.0
Delhi Airport,28.5562,77.1,2026-09-28 03:00:00,24.2,91,0.0,1.7,22.5,56.6,24.0,32.0,14.9,386.0
Delhi Airport,28.5562,77.1,2026-09-28 04:00:00,23.8,94,0.0,4.1,21.5,39.9,26.6,25.0,16.1,386.0
Delhi Airport,28.5562,77.1,2026-09-28 05:00:00,23.8,95,0.0,5.6,21.9,32.4,28.7,23.0,18.2,387.0
Delhi Airport,28.5562,77.1,2026-09-28 06:00:00,24.2,92,0.0,5.5,26.1,33.4,30.2,24.0,21.5,412.5
Delhi Airport,28.5562,77.1,2026-09-28 07:00:00,24.9,87,0.0,4.1,28.7,36.1,31.2,30.0,25.7,478.3
Delhi Airport,28.5562,77.1,2026-09-28 08:00:00,25.9,82,0.0,2.9,31.4,49.1,30.5,48.0,30.0,552.0
Delhi Airport,28.5562,77.1,2026-09-28 09:00:00,27.4,75,0.0,1.9,33.4,69.4,27.0,86.0,34.5,541.0
Delhi Airport,28.5562,77.1,2026-09-28 10:00:00,29.1,68,0.0,1.6,38.3,98.7,21.9,136.0,39.0,501.0
Delhi Airport,28.5562,77.1,2026-09-28 11:00:00,30.6,61,0.0,3.0,45.5,131.8,17.4,181.0,42.1,470.0
Delhi Airport,28.5562,77.1,2026-09-28 12:00:00,31.7,55,0.3,5.6,51.1,152.3,13.7,217.0,42.9,460.0
Delhi Airport,28.5562,77.1,2026-09-28 13:00:00,32.5,49,0.3,8.4,52.7,151.3,10.5,248.0,42.3,460.0
Delhi Airport,28.5562,77.1,2026-09-28 14:00:00,32.5,48,0.3,9.3,53.8,140.2,10.1,263.0,41.4,471.0
Delhi Airport,28.5562,77.1,2026-09-28 15:00:00,30.8,55,0.9,6.1,53.9,125.7,14.5,251.0,40.5,503.0
Delhi Airport,28.5562,77.1,2026-09-28 16:00:00,28.3,68,0.9,1.9,52.6,117.6,21.5,222.0,39.4,548.0
Delhi Airport,28.5562,77.1,2026-09-28 17:00:00,26.3,80,0.9,4.0,52.0,113.2,26.7,201.0,38.6,580.0
Delhi Airport,28.5562,77.1,2026-09-28 18:00:00,25.4,86,0.0,5.1,64.32494004796163,163.75721822541968,34.71918465227818,96.20911270983214,27.67671462829736,719.0801318944845
Delhi Airport,28.5562,77.1,2026-09-28 19:00:00,25.0,89,0.0,5.6,64.32494004796163,163.75721822541968,34.71918465227818,96.20911270983214,27.67671462829736,719.0801318944845
Delhi Airport,28.5562,77.1,2026-09-28 20:00:00,24.7,91,0.0,6.2,64.32494004796163,163.75721822541968,34.71918465227818,96.20911270983214,27.67671462829736,719.0801318944845
Delhi Airport,28.5562,77.1,2026-09-28 21:00:00,24.4,93,0.0,6.3,64.32494004796163,163.75721822541968,34.71918465227818,96.20911270983214,27.67671462829736,719.0801318944845
Delhi Airport,28.5562,77.1,2026-09-28 22:00:00,24.2,93,0.0,6.5,64.32494004796163,163.75721822541968,34.71918465227818,96.20911270983214,27.67671462829736,719.0801318944845
Delhi Airport,28.5562,77.1,2026-09-28 23:00:00,23.9,94,0.0,6.7,64.32494004796163,163.75721822541968,34.71918465227818,96.20911270983214,27.67671462829736,719.0801318944845
